datetime,dato_ts,powerPV_kW,powerGrid_kW,powerHouse_kW,SOC,VL1_V,battTension_V,tempInv_C
2026-07-17 11:45:01,11:41:56,6.56,4.44,5.65,27.,224.80,251.30,42.00
2026-07-17 11:46:21,11:42:56,6.54,1.92,4.89,28.,228.20,250.00,44.00
2026-07-17 11:47:01,11:43:56,6.58,0.66,5.40,28.,229.30,248.70,46.00
2026-07-17 11:48:22,11:44:56,6.47,-0.01,5.25,29.,237.00,248.10,48.00
2026-07-17 11:49:02,11:45:56,6.63,-0.20,5.22,29.,237.20,248.00,49.00
2026-07-17 11:50:22,11:46:56,6.57,0.04,5.40,29.,230.80,248.10,50.00
2026-07-17 11:51:03,11:47:56,6.65,0.00,5.27,29.,235.50,248.10,51.00
2026-07-17 11:52:23,11:48:56,6.66,-0.15,5.20,29.,235.20,248.10,51.00
2026-07-17 11:53:03,11:49:56,6.74,0.06,5.47,29.,241.70,248.10,52.00
2026-07-17 11:54:23,11:50:56,6.72,5.14,5.33,30.,238.00,251.40,52.00
2026-07-17 11:55:04,11:51:56,6.67,5.28,5.48,30.,237.40,252.00,48.00
2026-07-17 11:56:24,11:52:56,6.70,6.04,6.47,31.,234.60,252.20,46.00
2026-07-17 11:57:05,11:53:56,6.69,5.94,6.15,32.,234.60,252.20,45.00
2026-07-17 11:58:25,11:54:56,6.54,5.59,5.60,34.,235.50,252.20,44.00
2026-07-17 11:59:05,11:55:57,6.61,5.40,5.59,35.,238.70,252.20,44.00
2026-07-17 12:00:25,11:56:57,6.68,5.59,5.90,36.,238.50,252.20,43.00
2026-07-17 12:01:05,11:57:57,6.66,5.36,5.55,37.,240.00,252.20,43.00
2026-07-17 12:02:26,11:58:57,6.77,4.75,5.94,37.,241.00,251.40,43.00
2026-07-17 12:03:06,11:59:57,6.79,3.09,5.85,38.,244.20,250.30,44.00
2026-07-17 12:04:27,12:00:57,6.66,0.71,5.18,38.,245.70,248.80,46.00
2026-07-17 12:05:07,12:01:57,6.82,0.11,5.20,39.,245.30,248.40,48.00
2026-07-17 12:06:27,12:02:57,6.83,0.13,5.19,39.,246.60,248.40,49.00
2026-07-17 12:07:07,12:03:57,6.87,0.11,5.30,39.,245.30,248.30,50.00
2026-07-17 12:07:47,12:04:57,6.84,0.14,5.25,39.,244.70,248.40,50.00
2026-07-17 12:09:08,12:05:57,6.83,0.14,5.26,40.,244.20,248.30,51.00
2026-07-17 12:09:48,12:06:57,6.79,0.13,5.31,40.,244.40,248.30,52.00
2026-07-17 12:11:08,12:07:57,6.65,0.11,5.20,40.,244.00,248.10,52.00
2026-07-17 12:11:49,12:08:57,6.83,4.89,5.14,42.,240.60,252.20,49.00
2026-07-17 12:13:09,12:09:58,6.85,4.94,5.18,42.,238.90,252.40,47.00
2026-07-17 12:13:49,12:10:58,6.86,5.20,5.48,43.,237.00,252.40,46.00
2026-07-17 12:15:09,12:11:58,6.90,6.07,6.36,44.,237.60,252.40,45.00
2026-07-17 12:15:50,12:12:58,6.55,5.93,6.26,45.,235.20,252.40,44.00
2026-07-17 12:17:10,12:13:58,6.76,5.80,5.95,46.,237.80,252.30,44.00
2026-07-17 12:17:50,12:14:58,6.86,5.78,6.03,47.,236.70,252.40,43.00
2026-07-17 12:19:11,12:15:58,6.90,4.70,5.99,48.,238.70,251.70,43.00
2026-07-17 12:19:51,12:16:58,6.92,2.85,5.87,48.,241.20,250.60,44.00
2026-07-17 12:21:11,12:17:58,6.90,1.18,6.07,50.,238.70,249.10,46.00
2026-07-17 12:21:51,12:18:58,6.77,-0.50,5.31,50.,244.20,248.00,49.00
2026-07-17 12:23:12,12:19:58,6.84,0.04,5.57,50.,244.20,248.10,50.00
2026-07-17 12:23:52,12:20:58,6.79,0.06,5.56,50.,242.90,248.10,51.00
2026-07-17 12:25:12,12:21:58,6.85,-0.20,5.12,50.,244.20,248.30,52.00
2026-07-17 12:25:52,12:22:58,6.92,0.15,5.61,50.,246.60,248.40,52.00
2026-07-17 12:27:13,12:23:59,6.78,-0.01,5.53,51.,246.80,248.30,52.00
2026-07-17 12:27:53,12:24:59,6.88,5.43,5.68,51.,240.40,252.20,51.00
2026-07-17 12:29:13,12:25:59,6.87,5.53,5.78,52.,237.20,252.70,48.00
2026-07-17 12:29:54,12:26:59,6.88,5.46,5.69,53.,239.10,252.90,46.00
2026-07-17 12:31:14,12:27:59,6.49,5.74,5.84,54.,239.10,252.90,45.00
2026-07-17 12:31:54,12:28:59,6.88,5.60,5.83,55.,237.80,253.00,45.00
2026-07-17 12:33:15,12:29:59,6.74,6.59,6.86,55.,237.40,253.00,44.00
2026-07-17 12:33:55,12:30:59,6.85,7.99,8.21,56.,230.30,253.30,43.00
2026-07-17 12:35:16,12:31:59,6.90,6.86,7.10,57.,234.60,253.50,43.00
2026-07-17 12:37:56,12:34:59,6.87,6.41,6.61,61.,236.10,253.70,42.00
2026-07-17 12:39:17,12:35:59,6.95,6.41,6.69,62.,235.50,253.90,42.00
2026-07-17 12:39:57,12:36:59,6.92,6.11,6.35,62.,237.80,254.00,42.00
2026-07-17 12:41:17,12:37:59,6.49,5.48,5.78,63.,242.10,253.70,42.00
2026-07-17 12:41:57,12:39:00,6.95,5.48,5.77,64.,241.90,254.20,41.00
2026-07-17 12:43:18,12:40:00,6.90,6.45,6.67,65.,236.70,254.30,41.00
2026-07-17 12:45:18,12:42:00,6.91,5.20,5.42,68.,239.70,254.50,41.00
2026-07-17 12:45:58,12:43:00,6.92,5.23,5.46,69.,241.20,254.50,41.00
2026-07-17 12:47:19,12:44:00,6.93,5.16,5.40,70.,239.10,254.50,41.00
2026-07-17 12:49:19,12:45:00,6.96,5.27,5.49,70.,238.90,254.50,41.00
2026-07-17 12:53:21,12:46:00,6.93,5.07,5.34,71.,241.00,254.50,41.00
2026-07-17 12:54:01,12:47:00,6.14,5.31,5.44,72.,240.80,253.70,41.00
2026-07-17 12:55:21,12:48:00,6.91,5.85,6.09,73.,238.20,254.60,41.00
2026-07-17 12:56:01,12:49:00,6.86,5.92,6.63,75.,237.40,254.50,41.00
2026-07-17 12:57:21,12:50:00,6.97,5.62,5.92,76.,240.40,254.80,40.00
2026-07-17 12:58:02,12:51:00,6.93,5.57,5.83,76.,238.50,254.80,40.00
2026-07-17 12:59:22,12:52:00,7.17,4.43,6.07,77.,240.40,253.90,40.00
2026-07-17 13:00:02,12:53:01,7.23,2.48,5.77,78.,243.60,252.60,42.00
2026-07-17 13:01:23,12:54:01,7.23,0.90,5.92,78.,244.70,251.10,45.00
2026-07-17 13:03:23,12:55:01,7.27,0.06,5.53,79.,245.30,250.70,47.00
2026-07-17 13:04:04,12:56:01,7.20,0.09,5.54,79.,247.00,250.90,48.00
2026-07-17 13:05:24,12:58:01,7.19,0.26,6.91,79.,250.40,249.70,51.00
2026-07-17 13:06:04,13:00:01,7.20,0.05,5.42,80.,240.00,250.70,52.00
2026-07-17 13:07:24,13:01:01,6.91,4.92,5.15,81.,241.20,255.00,49.00
2026-07-17 13:08:05,13:03:01,6.96,5.04,5.26,84.,240.20,255.60,46.00
2026-07-17 13:09:25,13:04:01,6.95,5.05,5.32,85.,241.20,255.60,45.00
2026-07-17 13:10:05,13:06:01,6.96,5.69,5.95,87.,237.00,255.90,44.00
2026-07-17 13:11:26,13:07:02,6.94,6.07,6.31,89.,235.20,256.10,43.00
2026-07-17 13:13:26,13:09:02,3.12,5.95,6.17,93.,238.20,252.70,42.00
2026-07-17 13:14:06,13:10:02,3.12,6.01,6.23,94.,237.80,252.90,42.00
2026-07-17 13:15:27,13:11:02,3.06,5.89,6.07,96.,237.60,253.20,42.00
2026-07-17 13:16:07,13:12:02,3.11,6.02,6.25,97.,237.00,253.50,41.00
2026-07-17 13:17:27,13:13:02,3.11,5.63,5.85,98.,240.00,253.90,41.00
2026-07-17 13:18:07,13:14:02,3.11,5.50,5.71,98.,240.40,254.50,41.00
2026-07-17 13:19:28,13:15:02,0.05,5.64,5.67,100,241.00,252.20,41.00
2026-07-17 13:20:08,13:16:02,0.05,5.66,5.69,100,240.40,250.60,41.00
2026-07-17 13:20:48,13:17:02,0.05,5.38,5.41,100,241.70,250.10,40.00
2026-07-17 13:22:08,13:18:02,0.05,5.62,5.65,100,242.90,250.00,40.00
2026-07-17 13:22:48,13:19:02,0.05,5.25,5.28,100,234.40,249.70,40.00
2026-07-17 13:24:49,13:21:02,0.05,4.74,4.79,100,234.60,249.40,40.00
2026-07-17 13:26:09,13:22:03,0.05,4.81,4.86,100,239.30,249.40,39.00
2026-07-17 13:26:49,13:23:03,0.05,5.36,5.41,100,237.80,249.40,39.00
2026-07-17 13:28:10,13:24:03,0.05,5.11,5.16,100,238.00,249.40,39.00
2026-07-17 13:28:50,13:25:03,0.05,5.43,5.48,100,239.10,249.30,39.00
2026-07-17 13:30:10,13:26:03,0.05,5.11,5.16,100,239.30,249.30,39.00
2026-07-17 13:30:51,13:27:03,1.63,3.66,5.29,100,240.80,249.30,39.00
2026-07-17 13:32:11,13:28:03,3.37,2.12,5.49,100,240.40,249.30,41.00
2026-07-17 13:32:51,13:29:03,5.09,0.19,5.28,100,242.10,249.30,43.00
2026-07-17 13:34:12,13:30:03,6.55,-1.08,5.47,100,244.00,249.30,46.00
2026-07-17 13:34:52,13:31:03,7.01,-1.99,5.02,100,248.50,249.10,48.00
2026-07-17 13:36:12,13:32:03,7.34,-2.30,5.04,100,246.80,249.10,50.00
2026-07-17 13:36:54,13:33:03,6.78,-1.57,5.21,100,239.30,249.10,51.00
2026-07-17 13:38:14,13:34:03,5.77,-0.73,5.04,100,246.20,249.10,51.00
2026-07-17 13:38:54,13:35:03,5.13,0.41,5.54,100,242.30,249.10,51.00
2026-07-17 13:40:55,13:37:04,0.05,6.93,6.98,100,235.00,249.10,46.00
2026-07-17 13:42:15,13:38:04,0.05,6.92,6.97,100,231.40,249.10,44.00
2026-07-17 13:42:55,13:39:04,0.05,6.48,6.53,100,222.60,249.10,43.00
2026-07-17 13:44:15,13:40:04,0.05,6.89,6.94,100,219.00,249.10,43.00
2026-07-17 13:44:56,13:41:04,0.05,7.40,7.45,100,216.40,249.10,42.00
2026-07-17 13:46:16,13:42:04,0.05,7.54,7.59,100,215.40,249.10,41.00
2026-07-17 13:46:56,13:43:04,0.98,7.93,8.91,100,218.60,249.10,41.00
2026-07-17 13:48:16,13:44:04,1.87,5.97,8.58,100,222.60,248.50,42.00
2026-07-17 13:48:57,13:45:04,2.39,5.28,9.74,100,223.70,247.10,44.00
2026-07-17 13:50:17,13:46:04,4.44,2.09,8.26,100,228.80,247.20,47.00
2026-07-17 13:50:57,13:47:04,7.88,0.44,8.54,98.,240.40,248.10,50.00
2026-07-17 13:52:17,13:48:04,7.83,-0.01,8.83,98.,241.70,247.50,53.00
2026-07-17 13:52:58,13:49:04,7.69,-0.72,6.58,98.,244.00,248.50,53.00
2026-07-17 13:54:18,13:50:05,7.76,-0.01,8.34,98.,245.10,248.00,54.00
2026-07-17 13:54:58,13:51:05,7.71,-0.14,7.00,98.,240.80,249.00,54.00
2026-07-17 13:56:18,13:52:05,7.71,-0.19,6.73,98.,240.80,249.10,55.00
2026-07-17 13:56:59,13:53:05,3.14,6.28,6.55,98.,224.60,250.30,51.00
2026-07-17 13:58:19,13:54:05,3.09,6.12,6.33,98.,232.30,251.30,48.00
2026-07-17 14:00:20,13:56:05,3.17,4.49,4.77,98.,241.50,254.30,45.00
2026-07-17 14:01:00,13:57:05,0.05,4.29,4.32,100,238.00,252.60,44.00
2026-07-17 14:02:20,13:58:05,0.05,4.45,4.50,100,240.80,251.70,43.00
2026-07-17 14:03:00,13:59:05,1.82,3.24,5.06,100,242.50,251.30,43.00
2026-07-17 14:04:21,14:00:05,3.59,2.31,5.90,100,242.30,251.00,45.00
2026-07-17 14:05:01,14:01:05,5.33,0.53,5.86,100,242.70,250.70,47.00
2026-07-17 14:06:21,14:02:05,7.04,-1.82,5.22,100,243.60,250.70,50.00
2026-07-17 14:07:01,14:03:05,7.13,-1.85,5.28,100,243.60,250.30,51.00
2026-07-17 14:08:22,14:04:06,7.14,-2.12,5.02,100,242.30,250.10,52.00
2026-07-17 14:09:02,14:05:06,7.25,-2.01,5.21,100,241.90,250.10,53.00
2026-07-17 14:10:22,14:06:06,7.40,-2.27,5.13,100,243.80,250.00,54.00
2026-07-17 14:11:02,14:07:06,7.26,-1.84,5.42,100,245.10,250.00,55.00
2026-07-18 11:45:01,11:41:56,6.83,0.17,4.01,29.,251.90,249.70,51.00
2026-07-18 11:46:21,11:42:56,6.85,0.15,3.98,29.,248.10,249.70,51.00
2026-07-18 11:47:02,11:43:56,6.78,0.14,3.80,29.,249.20,249.70,51.00
2026-07-18 11:48:22,11:44:56,6.91,0.24,4.81,30.,246.60,249.10,51.00
2026-07-18 11:49:02,11:45:56,6.88,0.00,4.97,30.,244.90,248.80,51.00
2026-07-18 11:50:23,11:46:56,6.91,-0.03,5.02,30.,251.70,248.70,52.00
2026-07-18 11:51:03,11:47:56,6.91,0.03,4.74,31.,248.70,249.00,52.00
2026-07-18 11:52:23,11:48:56,6.93,0.08,4.90,31.,248.70,248.80,52.00
2026-07-18 11:53:03,11:49:56,6.92,0.15,4.86,31.,250.00,249.00,52.00
2026-07-18 11:54:24,11:50:56,6.92,0.14,5.40,31.,252.80,248.50,52.00
2026-07-18 11:55:04,11:51:56,6.90,0.09,5.38,32.,250.20,248.50,53.00
2026-07-18 11:56:24,11:52:57,6.98,0.19,4.83,32.,251.10,249.10,53.00
2026-07-18 11:57:04,11:53:57,6.85,4.45,4.69,32.,244.90,252.40,49.00
2026-07-18 11:58:25,11:54:57,6.89,4.52,4.77,34.,245.50,252.60,47.00
2026-07-18 11:59:45,11:55:57,6.62,4.58,4.82,35.,247.90,252.60,46.00
2026-07-18 12:00:25,11:56:57,6.84,4.34,4.54,36.,246.20,252.60,45.00
2026-07-18 12:01:06,11:57:57,6.81,4.31,4.53,37.,244.00,252.60,44.00
2026-07-18 12:02:26,11:58:57,6.93,3.38,4.68,38.,243.60,251.70,44.00
2026-07-18 12:03:06,11:59:57,7.00,1.54,4.43,38.,244.40,250.60,45.00
2026-07-18 12:04:26,12:00:57,7.00,0.13,4.39,39.,246.20,249.60,47.00
2026-07-18 12:05:07,12:01:57,6.77,0.17,4.58,39.,248.30,249.10,48.00
2026-07-18 12:06:27,12:02:57,6.31,0.07,4.92,39.,245.10,248.30,49.00
2026-07-18 12:07:07,12:03:57,1.78,0.00,4.87,40.,241.90,245.50,50.00
2026-07-18 12:08:27,12:04:57,7.03,-0.03,4.67,40.,245.70,249.00,50.00
2026-07-18 12:09:08,12:05:57,7.00,0.02,4.06,40.,247.40,249.40,50.00
2026-07-18 12:10:28,12:06:57,7.05,0.08,4.42,40.,247.20,249.30,50.00
2026-07-18 12:11:08,12:07:58,6.94,0.05,4.33,42.,250.40,249.30,50.00
2026-07-18 12:12:29,12:08:58,7.16,0.08,4.45,42.,250.00,249.60,50.00
2026-07-18 12:13:09,12:09:58,7.00,0.06,4.55,42.,245.90,249.40,51.00
2026-07-18 12:14:29,12:10:58,7.18,0.07,4.59,43.,247.70,249.40,51.00
2026-07-18 12:15:09,12:11:58,7.10,0.06,4.60,43.,249.20,249.30,51.00
2026-07-18 12:16:30,12:12:58,6.90,0.07,4.53,43.,250.00,249.40,51.00
2026-07-18 12:17:10,12:13:58,7.08,0.20,4.29,44.,253.40,249.70,51.00
2026-07-18 12:18:30,12:14:58,7.12,-0.35,4.23,44.,251.10,249.40,51.00
2026-07-18 12:19:10,12:15:58,7.13,0.18,4.11,45.,251.70,250.00,51.00
2026-07-18 12:20:31,12:16:58,7.10,0.52,4.35,45.,251.30,249.80,51.00
2026-07-18 12:21:11,12:17:58,7.17,0.93,4.43,45.,253.00,250.10,51.00
2026-07-18 12:21:51,12:18:58,7.11,0.02,4.39,46.,253.20,249.30,51.00
2026-07-18 12:23:12,12:19:58,7.13,-0.17,4.32,46.,251.50,249.60,51.00
2026-07-18 12:23:52,12:20:58,7.17,0.25,4.40,47.,253.00,250.00,51.00
2026-07-18 12:25:12,12:21:59,6.87,4.00,4.23,47.,245.30,252.60,50.00
2026-07-18 12:25:53,12:22:59,6.86,3.98,4.22,48.,245.70,252.90,47.00
2026-07-18 12:27:13,12:23:59,6.88,4.86,5.09,50.,242.70,253.00,46.00
2026-07-18 12:27:53,12:24:59,6.88,4.84,5.09,51.,242.10,253.20,45.00
2026-07-18 12:29:13,12:25:59,6.89,4.69,4.93,52.,244.70,253.20,44.00
2026-07-18 12:29:54,12:26:59,6.89,4.60,4.83,52.,245.70,253.30,44.00
2026-07-18 12:31:14,12:27:59,6.90,4.62,4.88,53.,244.40,253.50,43.00
2026-07-18 12:32:34,12:28:59,7.09,2.04,4.45,54.,246.60,251.90,44.00
2026-07-18 12:33:15,12:29:59,7.06,0.32,4.28,55.,247.20,250.70,46.00
2026-07-18 12:33:55,12:30:59,6.79,0.01,4.38,55.,247.70,250.30,47.00
2026-07-18 12:35:15,12:31:59,7.13,0.13,3.73,55.,251.10,251.00,48.00
2026-07-18 12:35:55,12:32:59,7.15,0.10,3.61,56.,247.00,251.10,48.00
2026-07-18 12:37:16,12:33:59,7.16,0.13,3.60,56.,250.90,251.30,48.00
2026-07-18 12:37:56,12:34:59,7.20,0.15,3.74,57.,250.20,251.40,48.00
2026-07-18 12:39:16,12:36:00,7.21,0.16,3.75,57.,250.00,251.40,49.00
2026-07-18 12:39:56,12:37:00,7.14,0.15,4.05,59.,251.90,251.40,49.00
2026-07-18 12:41:17,12:38:00,7.09,0.11,3.79,59.,250.20,251.40,49.00
2026-07-18 12:41:57,12:39:00,7.10,0.17,3.85,60.,248.70,251.60,49.00
2026-07-18 12:43:17,12:40:00,7.08,0.13,4.17,60.,248.90,251.60,50.00
2026-07-18 12:43:58,12:41:00,7.12,0.25,4.06,60.,249.40,251.60,50.00
2026-07-18 12:45:18,12:42:00,7.14,0.24,5.05,61.,247.40,251.00,50.00
2026-07-18 12:45:58,12:43:00,7.18,0.00,5.08,61.,246.20,250.90,51.00
2026-07-18 12:47:19,12:44:00,7.23,-0.09,5.01,61.,246.40,250.90,52.00
2026-07-18 12:47:59,12:45:00,6.90,4.54,4.80,62.,241.70,253.90,51.00
2026-07-18 12:49:20,12:46:00,6.90,5.25,5.48,63.,241.70,254.90,48.00
2026-07-18 12:50:00,12:47:00,6.92,5.21,5.46,64.,243.60,254.90,47.00
2026-07-18 12:52:00,12:48:00,6.93,5.21,5.47,64.,244.90,254.90,46.00
2026-07-18 12:59:22,12:49:00,6.90,5.12,5.35,65.,242.30,254.90,45.00
2026-07-18 13:00:02,12:50:01,6.34,5.25,5.39,67.,241.90,254.30,44.00
2026-07-18 13:01:23,12:51:01,6.92,4.79,5.04,68.,247.70,254.90,44.00
2026-07-18 13:02:03,12:52:01,6.94,4.55,4.82,69.,248.30,254.80,43.00
2026-07-18 13:03:23,12:53:01,6.91,4.50,4.74,70.,248.50,254.80,43.00
2026-07-18 13:04:04,12:54:01,6.95,4.59,4.87,71.,241.20,254.80,43.00
2026-07-18 13:05:24,12:55:01,6.97,4.70,5.00,71.,243.20,254.80,42.00
2026-07-18 13:06:04,12:56:01,6.95,4.32,4.60,72.,241.50,254.90,42.00
2026-07-18 13:07:25,12:58:01,7.12,2.42,4.37,75.,245.10,253.60,43.00
2026-07-18 13:08:05,12:59:01,7.22,0.52,4.24,76.,242.50,252.20,45.00
2026-07-18 13:09:25,13:02:01,7.28,0.01,4.42,77.,248.70,251.90,48.00
2026-07-18 13:10:05,13:06:02,7.09,0.64,6.00,78.,252.60,251.40,51.00
2026-07-18 13:11:26,13:07:02,6.95,5.28,5.55,79.,247.20,255.30,48.00
2026-07-18 13:12:06,13:08:02,6.97,5.44,5.71,80.,246.40,255.80,46.00
2026-07-18 13:13:26,13:09:02,6.97,4.97,5.24,81.,248.30,255.90,45.00
2026-07-18 13:14:06,13:10:02,6.98,4.79,5.07,82.,248.10,256.10,45.00
2026-07-18 13:15:27,13:11:02,6.96,4.85,5.10,84.,247.00,256.20,44.00
2026-07-18 13:16:07,13:12:02,6.96,3.33,3.57,86.,247.90,256.60,44.00
2026-07-18 13:17:28,13:13:02,7.00,5.18,5.44,87.,247.40,257.40,43.00
2026-07-18 13:18:08,13:14:02,7.01,5.21,5.45,89.,248.30,258.70,43.00
2026-07-18 13:19:28,13:15:02,3.12,5.12,5.33,92.,250.40,255.80,43.00
2026-07-18 13:20:08,13:16:02,3.12,5.18,5.38,93.,249.40,256.50,42.00
2026-07-18 13:21:29,13:17:02,3.11,4.95,5.12,95.,248.70,258.80,42.00
2026-07-18 13:22:09,13:18:02,0.87,4.84,4.84,96.,248.30,257.90,42.00
2026-07-18 13:23:29,13:19:03,0.86,3.47,3.43,98.,250.00,257.50,42.00
2026-07-18 13:24:09,13:20:03,0.05,4.20,4.23,100,243.40,256.30,42.00
2026-07-18 13:25:30,13:21:03,0.05,4.28,4.31,100,244.20,255.00,41.00
2026-07-18 13:26:10,13:22:03,0.05,4.00,4.03,100,244.20,254.30,41.00
2026-07-18 13:27:30,13:23:03,0.05,3.95,3.98,100,246.60,253.90,41.00
2026-07-18 13:28:11,13:24:03,0.05,3.51,3.54,100,244.40,253.50,41.00
2026-07-18 13:29:31,13:25:03,2.37,1.35,3.70,100,247.20,253.20,42.00
2026-07-18 13:30:11,13:26:03,4.16,-0.42,3.72,100,249.20,252.90,44.00
2026-07-18 13:30:51,13:27:03,5.11,-1.21,3.88,100,249.40,252.70,46.00
2026-07-18 13:32:12,13:28:03,0.96,3.77,4.71,100,251.70,252.40,45.00
2026-07-18 13:33:32,13:29:03,2.17,2.53,4.68,100,249.80,252.30,45.00
2026-07-18 13:34:12,13:30:03,1.75,3.02,4.75,100,251.90,252.20,45.00
2026-07-18 13:34:52,13:31:03,1.55,3.43,4.96,100,250.40,252.00,45.00
2026-07-18 13:36:13,13:32:03,1.85,2.93,4.76,100,251.70,251.90,45.00
2026-07-18 13:36:53,13:33:04,2.72,2.43,5.15,100,252.40,251.70,45.00
2026-07-18 13:38:13,13:34:04,0.05,4.81,4.84,100,248.90,251.70,44.00
2026-07-18 13:38:54,13:35:04,0.05,4.67,4.70,100,250.00,251.60,43.00
2026-07-18 13:40:14,13:36:04,0.05,6.33,6.36,100,250.00,251.60,42.00
2026-07-18 13:40:54,13:37:04,0.05,4.72,4.75,100,244.00,251.40,41.00
2026-07-18 13:42:15,13:38:04,0.05,4.13,4.16,100,242.30,251.40,41.00
2026-07-18 13:42:55,13:39:04,0.05,4.11,4.14,100,234.80,251.40,41.00
2026-07-18 13:44:15,13:40:04,0.05,3.92,3.97,100,234.80,251.30,40.00
2026-07-18 13:44:55,13:41:04,0.05,4.24,4.29,100,237.00,251.30,40.00
2026-07-18 13:46:16,13:42:04,0.05,4.13,4.18,100,236.70,251.30,40.00
2026-07-18 13:46:56,13:43:04,0.05,3.94,3.99,100,236.30,251.10,39.00
2026-07-18 13:48:16,13:44:04,0.05,3.92,3.97,100,236.30,251.10,39.00
2026-07-18 13:48:56,13:45:04,0.05,3.88,3.93,100,235.70,251.10,39.00
2026-07-18 13:50:17,13:46:04,0.05,3.44,3.49,100,241.00,251.10,39.00
2026-07-18 13:50:57,13:47:04,0.05,3.38,3.43,100,238.20,251.10,39.00
2026-07-18 13:52:17,13:48:05,0.05,3.44,3.49,100,237.80,251.10,38.00
2026-07-18 13:52:57,13:49:05,0.05,3.35,3.40,100,237.40,251.10,38.00
2026-07-18 13:54:18,13:50:05,0.05,3.40,3.45,100,238.50,251.00,38.00
2026-07-18 13:54:58,13:51:05,0.05,3.53,3.58,100,243.80,251.00,38.00
2026-07-18 13:56:18,13:52:05,0.05,3.04,3.09,100,244.90,251.00,38.00
2026-07-18 13:56:58,13:53:05,0.05,3.02,3.07,100,244.00,251.00,38.00
2026-07-18 13:58:19,13:54:05,2.11,1.14,3.25,100,247.40,251.00,39.00
2026-07-18 13:58:59,13:55:05,3.86,-0.71,3.15,100,248.50,250.90,41.00
2026-07-18 14:00:20,13:56:05,5.73,-2.32,3.41,100,244.70,250.90,43.00
2026-07-18 14:01:00,13:57:05,6.06,-1.90,4.16,100,248.90,250.70,45.00
2026-07-18 14:02:20,13:58:05,7.01,-2.75,4.26,100,241.70,250.60,48.00
2026-07-18 14:03:00,13:59:05,7.06,-3.06,4.00,100,249.60,250.70,49.00
2026-07-18 14:04:21,14:00:05,7.01,-3.02,3.99,100,248.30,250.60,50.00
2026-07-18 14:05:01,14:01:05,7.15,-3.08,4.07,100,251.50,250.60,51.00
2026-07-18 14:06:21,14:02:06,6.03,-2.92,3.11,100,244.70,250.60,52.00
2026-07-18 14:07:01,14:03:06,0.05,3.63,3.68,100,242.30,250.60,46.00
2026-07-18 14:08:22,14:04:06,0.05,3.62,3.67,100,242.50,250.60,45.00
2026-07-18 14:09:02,14:05:06,0.05,3.12,3.17,100,244.20,250.60,43.00
2026-07-18 14:10:23,14:06:06,0.05,3.12,3.17,100,249.40,250.60,43.00
2026-07-18 14:11:03,14:07:06,0.05,3.01,3.06,100,245.70,250.60,42.00
2026-07-19 11:45:05,11:41:55,6.52,-0.05,4.68,34.,241.90,249.00,52.00
2026-07-19 11:46:25,11:42:55,6.90,-0.07,4.47,34.,242.90,249.10,52.00
2026-07-19 11:47:05,11:43:56,6.89,0.00,4.30,35.,244.40,249.40,52.00
2026-07-19 11:48:26,11:44:56,6.79,0.06,4.44,35.,242.70,249.30,52.00
2026-07-19 11:49:06,11:45:56,6.89,0.03,4.41,35.,242.90,249.30,52.00
2026-07-19 11:50:26,11:46:56,6.84,0.00,4.22,36.,242.30,249.60,52.00
2026-07-19 11:51:06,11:47:56,6.97,0.08,4.28,36.,243.40,249.60,52.00
2026-07-19 11:52:27,11:48:56,6.92,0.00,4.15,36.,243.40,249.60,52.00
2026-07-19 11:53:07,11:49:56,6.90,0.05,4.18,37.,241.90,249.60,52.00
2026-07-19 11:54:27,11:50:56,6.89,0.04,4.14,37.,244.90,249.60,52.00
2026-07-19 11:55:07,11:51:56,6.87,0.03,3.75,37.,240.80,250.00,52.00
2026-07-19 11:56:28,11:52:56,6.94,0.21,4.21,38.,238.70,250.00,51.00
2026-07-19 11:57:08,11:53:56,6.90,0.01,4.42,38.,240.20,249.40,51.00
2026-07-19 11:58:29,11:54:56,6.90,-0.06,4.65,38.,237.60,249.30,51.00
2026-07-19 11:59:09,11:55:56,7.00,-0.09,4.30,39.,239.70,249.30,51.00
2026-07-19 12:00:29,11:56:56,7.04,0.00,4.32,39.,238.70,249.60,51.00
2026-07-19 12:01:09,11:57:57,7.08,-0.04,4.52,39.,240.40,249.70,51.00
2026-07-19 12:02:30,11:58:57,7.02,-0.05,4.25,40.,239.10,249.70,51.00
2026-07-19 12:03:10,11:59:57,7.10,-0.01,4.17,40.,239.30,249.80,51.00
2026-07-19 12:04:30,12:00:57,7.17,-0.01,4.22,42.,240.80,249.80,51.00
2026-07-19 12:05:10,12:01:57,7.07,-0.02,3.63,42.,242.70,250.30,51.00
2026-07-19 12:06:31,12:02:57,7.11,0.00,3.81,43.,243.60,250.30,51.00
2026-07-19 12:07:11,12:03:57,7.13,0.05,3.86,43.,243.60,250.30,51.00
2026-07-19 12:08:31,12:04:57,6.94,0.01,3.88,43.,241.00,250.30,51.00
2026-07-19 12:09:11,12:05:57,7.20,0.01,3.91,44.,244.70,250.30,51.00
2026-07-19 12:10:32,12:06:57,7.21,0.02,4.03,44.,241.20,250.10,51.00
2026-07-19 12:11:12,12:07:57,7.16,-0.01,3.68,45.,242.30,250.30,51.00
2026-07-19 12:12:32,12:08:57,7.20,0.00,3.72,45.,240.40,250.40,51.00
2026-07-19 12:13:13,12:09:57,7.17,-0.02,4.15,46.,240.60,250.00,51.00
2026-07-19 12:14:33,12:10:57,7.24,0.00,4.22,46.,238.90,250.00,51.00
2026-07-19 12:15:13,12:11:58,7.10,0.08,5.06,46.,238.90,249.60,51.00
2026-07-19 12:16:33,12:12:58,7.18,0.40,6.47,47.,241.20,248.70,52.00
2026-07-19 12:17:14,12:13:58,7.09,0.00,6.35,47.,241.50,248.10,53.00
2026-07-19 12:18:34,12:14:58,7.25,-0.12,4.46,47.,235.00,249.40,53.00
2026-07-19 12:19:14,12:15:58,7.22,-0.03,4.45,47.,239.30,249.80,53.00
2026-07-19 12:19:54,12:16:58,7.17,-0.12,4.51,48.,237.00,249.70,53.00
2026-07-19 12:21:15,12:17:58,7.28,-0.01,4.63,48.,241.50,249.80,53.00
2026-07-19 12:21:55,12:18:58,7.25,-0.07,4.64,48.,240.20,249.80,53.00
2026-07-19 12:23:15,12:19:58,7.34,-0.04,4.78,50.,239.50,249.80,53.00
2026-07-19 12:23:55,12:20:58,7.29,-0.19,3.65,50.,239.10,250.30,53.00
2026-07-19 12:25:16,12:21:58,7.36,0.02,3.75,51.,238.50,250.90,52.00
2026-07-19 12:25:56,12:22:58,7.32,-0.02,3.74,51.,241.90,250.90,52.00
2026-07-19 12:27:17,12:23:58,7.27,0.03,3.97,52.,238.20,250.70,52.00
2026-07-19 12:27:57,12:24:58,7.36,0.00,3.90,52.,240.80,251.00,51.00
2026-07-19 12:29:17,12:25:59,7.16,-0.02,3.83,52.,240.00,251.10,51.00
2026-07-19 12:30:38,12:26:59,7.37,-0.04,3.73,53.,240.40,251.10,51.00
2026-07-19 12:31:18,12:27:59,7.27,0.05,3.71,53.,241.50,251.10,51.00
2026-07-19 12:31:58,12:28:59,7.15,-0.02,3.90,54.,240.00,251.10,51.00
2026-07-19 12:33:18,12:29:59,7.36,-0.02,3.90,54.,238.70,251.10,51.00
2026-07-19 12:33:58,12:30:59,7.31,0.00,4.08,55.,237.00,251.30,51.00
2026-07-19 12:35:19,12:31:59,7.48,-0.03,4.64,55.,240.00,250.90,51.00
2026-07-19 12:35:59,12:32:59,7.48,-0.15,4.63,56.,232.30,250.70,51.00
2026-07-19 12:37:19,12:33:59,7.39,-0.13,4.33,56.,236.10,251.00,51.00
2026-07-19 12:37:59,12:34:59,7.45,-0.01,4.46,56.,232.00,251.10,51.00
2026-07-19 12:39:20,12:35:59,7.43,-0.09,4.53,57.,234.80,251.10,51.00
2026-07-19 12:40:00,12:36:59,7.40,-0.06,4.28,57.,234.60,251.30,51.00
2026-07-19 12:41:20,12:37:59,7.48,-0.07,4.37,57.,234.00,251.40,51.00
2026-07-19 12:42:00,12:38:59,6.93,4.67,4.93,59.,233.10,254.60,48.00
2026-07-19 12:43:21,12:39:59,6.93,4.52,4.78,60.,235.70,254.80,46.00
2026-07-19 12:44:01,12:41:00,6.94,3.96,4.23,61.,235.00,254.80,45.00
2026-07-19 12:45:21,12:42:00,6.94,3.83,4.10,62.,232.00,254.80,44.00
2026-07-19 12:47:22,12:44:00,7.21,3.54,4.37,64.,237.80,254.20,43.00
2026-07-19 12:48:02,12:45:00,7.34,1.56,4.02,64.,240.60,253.20,44.00
2026-07-19 12:49:23,12:46:00,7.47,0.03,4.10,65.,240.60,252.20,46.00
2026-07-19 12:50:03,12:47:00,7.46,0.01,4.02,65.,235.50,252.20,46.00
2026-07-19 12:51:23,12:48:00,7.43,0.05,4.21,67.,240.00,252.00,47.00
2026-07-19 12:52:04,12:49:00,7.42,0.02,4.14,67.,240.20,252.20,48.00
2026-07-19 12:53:24,12:50:00,7.41,0.02,4.26,68.,241.20,252.20,48.00
2026-07-19 12:55:24,12:51:00,7.36,0.11,4.22,68.,237.00,251.90,48.00
2026-07-19 13:02:06,12:52:00,7.45,-0.07,4.41,68.,238.00,251.90,49.00
2026-07-19 13:03:27,12:53:00,7.40,-0.05,4.48,69.,240.60,251.90,49.00
2026-07-19 13:04:07,12:54:00,6.96,4.14,4.43,70.,234.00,254.60,48.00
2026-07-19 13:05:27,12:55:01,6.96,4.05,4.33,70.,237.00,255.00,45.00
2026-07-19 13:06:08,12:56:01,6.99,4.07,4.38,71.,234.80,255.00,44.00
2026-07-19 13:07:28,12:57:01,6.98,4.05,4.35,72.,231.40,255.00,43.00
2026-07-19 13:08:08,12:58:01,6.98,4.13,4.42,73.,233.30,255.00,43.00
2026-07-19 13:09:29,12:59:01,6.99,4.20,4.51,75.,234.40,255.20,42.00
2026-07-19 13:10:09,13:00:01,7.53,2.40,4.44,76.,236.10,254.20,42.00
2026-07-19 13:11:29,13:01:01,7.45,0.48,4.24,76.,240.60,252.70,44.00
2026-07-19 13:12:10,13:02:01,7.48,-0.01,4.27,77.,240.60,252.40,46.00
2026-07-19 13:13:30,13:04:01,7.51,0.01,4.12,78.,244.00,252.40,47.00
2026-07-19 13:14:10,13:06:01,7.35,-0.01,4.14,79.,241.00,252.70,48.00
2026-07-19 13:15:31,13:10:02,6.97,4.40,4.67,85.,237.20,256.10,46.00
2026-07-19 13:16:11,13:12:02,7.05,4.63,4.96,88.,234.60,256.80,44.00
2026-07-19 13:17:31,13:13:02,3.16,4.65,4.92,90.,235.20,254.60,43.00
2026-07-19 13:18:11,13:14:02,3.15,4.62,4.88,92.,235.70,253.60,43.00
2026-07-19 13:19:32,13:15:02,3.15,4.69,4.95,93.,237.20,253.70,42.00
2026-07-19 13:20:12,13:16:02,3.15,4.83,5.09,96.,236.30,254.00,42.00
2026-07-19 13:21:32,13:17:02,3.15,4.76,5.01,98.,239.70,254.80,41.00
2026-07-19 13:22:12,13:18:02,3.15,4.83,5.07,98.,236.30,255.80,41.00
2026-07-19 13:23:33,13:19:02,0.05,6.28,6.31,100,238.70,252.00,41.00
2026-07-19 13:24:13,13:20:02,0.05,5.52,5.55,100,240.00,251.00,40.00
2026-07-19 13:25:33,13:21:02,0.05,5.64,5.67,100,241.70,250.40,40.00
2026-07-19 13:26:14,13:22:02,0.05,5.62,5.65,100,242.30,250.10,40.00
2026-07-19 13:27:34,13:23:03,0.05,5.62,5.65,100,240.00,250.00,40.00
2026-07-19 13:28:14,13:24:03,1.27,4.42,5.80,100,242.10,249.70,39.00
2026-07-19 13:29:35,13:25:03,3.11,2.73,5.84,100,246.20,249.60,41.00
2026-07-19 13:30:15,13:26:03,4.87,1.20,6.07,100,246.40,249.60,44.00
2026-07-19 13:30:55,13:27:03,6.72,-0.69,6.03,100,250.00,249.60,47.00
2026-07-19 13:32:15,13:28:03,7.41,-1.38,6.03,100,250.40,249.30,49.00
2026-07-19 13:32:55,13:29:03,7.37,-1.40,5.97,100,250.00,249.30,51.00
2026-07-19 13:34:16,13:30:03,7.43,-0.73,6.70,100,248.10,249.30,52.00
2026-07-19 13:34:56,13:31:03,7.46,-0.75,6.71,100,246.40,249.30,53.00
2026-07-19 13:36:16,13:32:03,0.05,4.80,4.85,100,235.00,249.30,53.00
2026-07-19 13:36:56,13:33:03,0.05,4.56,4.61,100,235.00,249.40,47.00
2026-07-19 13:38:17,13:34:03,0.05,4.59,4.64,100,232.50,249.30,45.00
2026-07-19 13:38:57,13:35:03,0.05,4.61,4.66,100,233.70,249.30,44.00
2026-07-19 13:40:17,13:36:03,0.05,4.46,4.51,100,233.50,249.30,43.00
2026-07-19 13:40:57,13:37:04,0.05,4.45,4.50,100,233.50,249.30,42.00
2026-07-19 13:42:18,13:38:04,0.05,4.93,4.98,100,237.20,249.30,41.00
2026-07-19 13:42:58,13:39:04,0.05,4.95,5.00,100,232.90,249.30,41.00
2026-07-19 13:44:18,13:40:04,0.05,4.64,4.68,100,235.00,249.30,40.00
2026-07-19 13:44:59,13:41:04,0.05,4.38,4.43,100,238.70,249.30,40.00
2026-07-19 13:46:19,13:42:04,2.48,2.10,4.58,100,241.50,249.30,41.00
2026-07-19 13:46:59,13:43:04,4.29,1.61,5.90,100,246.80,249.30,43.00
2026-07-19 13:48:20,13:44:04,5.98,-0.43,5.55,100,243.60,249.10,46.00
2026-07-19 13:49:00,13:45:04,7.08,-1.78,5.30,100,248.30,249.30,48.00
2026-07-19 13:50:21,13:46:04,7.43,-1.93,5.50,100,245.30,249.10,50.00
2026-07-19 13:51:01,13:47:04,7.40,-1.88,5.52,100,252.10,249.10,51.00
2026-07-19 13:52:21,13:48:04,7.47,-1.99,5.48,100,248.90,249.10,52.00
2026-07-19 13:53:01,13:49:04,7.42,-2.33,5.09,100,249.40,249.00,53.00
2026-07-19 13:54:22,13:50:04,0.05,5.29,5.34,100,236.70,249.10,52.00
2026-07-19 13:55:02,13:51:05,0.05,5.51,5.56,100,237.80,249.10,47.00
2026-07-19 13:56:22,13:52:05,0.05,3.92,3.97,100,235.90,249.10,45.00
2026-07-19 13:57:03,13:53:05,0.05,3.75,3.80,100,237.80,249.10,44.00
2026-07-19 13:58:23,13:54:05,0.05,3.72,3.77,100,237.60,249.10,43.00
2026-07-19 13:59:03,13:55:05,0.05,3.75,3.80,100,237.60,249.10,42.00
2026-07-19 14:00:23,13:56:05,0.05,3.76,3.81,100,238.20,249.10,41.00
2026-07-19 14:01:04,13:57:05,1.80,2.09,3.89,100,238.50,249.10,41.00
2026-07-19 14:02:24,13:58:05,3.65,-0.26,3.39,100,243.60,249.10,43.00
2026-07-19 14:03:04,13:59:05,5.38,-2.01,3.37,100,245.30,249.10,45.00
2026-07-19 14:04:25,14:00:05,7.21,-3.82,3.39,100,247.20,249.10,48.00
2026-07-19 14:05:05,14:01:05,7.20,-3.93,3.27,100,247.40,249.00,50.00
2026-07-19 14:06:25,14:02:05,7.28,-3.89,3.39,100,247.20,249.00,51.00
2026-07-19 14:07:05,14:03:05,7.25,-3.85,3.40,100,247.20,249.00,52.00
2026-07-19 14:08:26,14:04:05,7.30,-3.87,3.43,100,245.30,249.00,53.00
2026-07-19 14:09:06,14:05:06,7.39,-3.82,3.57,100,245.70,249.00,53.00
2026-07-19 14:10:26,14:06:06,7.22,-3.77,3.45,100,244.90,249.00,54.00
2026-07-19 14:11:06,14:07:06,0.05,3.75,3.80,100,237.60,249.10,48.00
2026-07-20 11:45:01,11:40:55,6.53,0.10,3.43,30.,248.10,250.00,49.00
2026-07-20 11:45:41,11:41:55,6.57,0.08,3.63,30.,246.60,249.80,49.00
2026-07-20 11:46:21,11:42:56,6.62,0.06,3.66,31.,240.00,250.00,49.00
2026-07-20 11:47:02,11:43:56,6.66,0.11,4.20,31.,243.60,249.60,49.00
2026-07-20 11:48:22,11:44:56,6.56,0.06,3.93,32.,245.90,249.60,49.00
2026-07-20 11:49:02,11:45:56,6.53,0.11,4.10,32.,248.70,249.60,49.00
2026-07-20 11:50:22,11:46:56,6.70,0.10,3.96,32.,248.30,249.70,49.00
2026-07-20 11:51:03,11:47:56,6.64,0.06,3.93,34.,243.20,249.60,49.00
2026-07-20 11:52:23,11:48:56,6.66,0.16,4.56,34.,240.20,249.30,49.00
2026-07-20 11:53:03,11:49:56,6.67,0.03,4.94,34.,246.80,249.00,49.00
2026-07-20 11:54:24,11:50:56,6.62,0.03,4.64,34.,244.90,249.00,49.00
2026-07-20 11:55:04,11:51:56,6.77,0.06,4.44,35.,245.30,249.30,50.00
2026-07-20 11:56:24,11:52:56,6.68,0.00,4.24,35.,241.70,249.30,50.00
2026-07-20 11:57:04,11:53:56,6.77,0.01,4.24,35.,242.70,249.40,50.00
2026-07-20 11:58:25,11:54:56,6.62,-0.01,3.87,36.,247.00,249.70,50.00
2026-07-20 11:59:05,11:55:56,6.79,0.03,3.65,36.,246.60,250.00,50.00
2026-07-20 12:00:25,11:56:57,6.82,0.04,3.66,37.,243.60,250.00,50.00
2026-07-20 12:01:05,11:57:57,6.89,0.04,3.83,37.,247.40,250.10,50.00
2026-07-20 12:02:26,11:58:57,7.00,0.03,3.81,37.,248.50,250.00,49.00
2026-07-20 12:03:06,11:59:57,7.00,0.09,3.36,38.,250.90,250.60,49.00
2026-07-20 12:04:26,12:00:57,6.99,0.08,3.33,38.,245.10,250.60,49.00
2026-07-20 12:05:47,12:01:57,7.03,0.08,3.28,39.,248.70,250.70,49.00
2026-07-20 12:06:27,12:02:57,7.05,0.11,3.33,39.,247.70,250.60,48.00
2026-07-20 12:07:07,12:03:57,7.05,0.12,3.37,40.,247.40,250.60,48.00
2026-07-20 12:08:27,12:04:57,7.04,0.09,3.33,40.,249.20,250.60,48.00
2026-07-20 12:09:07,12:05:57,7.02,0.12,3.23,42.,243.80,250.70,48.00
2026-07-20 12:10:28,12:06:57,6.81,0.12,3.33,42.,246.80,250.40,48.00
2026-07-20 12:11:08,12:07:57,6.85,0.11,3.43,43.,244.90,250.40,48.00
2026-07-20 12:12:28,12:08:57,6.97,0.11,3.43,43.,247.40,250.40,48.00
2026-07-20 12:13:09,12:09:57,6.90,0.03,3.88,44.,245.70,250.10,48.00
2026-07-20 12:14:29,12:10:58,6.95,0.03,4.24,44.,243.80,250.00,48.00
2026-07-20 12:15:09,12:11:58,7.03,0.37,4.50,45.,245.30,249.80,48.00
2026-07-20 12:16:29,12:12:58,7.03,0.04,4.58,45.,245.10,249.40,48.00
2026-07-20 12:17:10,12:13:58,6.84,0.04,4.21,45.,247.20,249.70,49.00
2026-07-20 12:18:30,12:14:58,7.02,0.06,4.41,46.,244.40,249.70,49.00
2026-07-20 12:19:10,12:15:58,6.96,0.08,4.60,46.,245.70,249.70,49.00
2026-07-20 12:20:31,12:16:58,7.00,0.01,4.34,46.,245.70,249.80,49.00
2026-07-20 12:21:11,12:17:58,7.07,0.00,4.40,47.,240.20,249.70,49.00
2026-07-20 12:22:31,12:18:58,7.04,0.00,4.30,47.,241.70,249.80,49.00
2026-07-20 12:23:11,12:19:58,7.00,0.05,3.98,47.,241.90,250.10,49.00
2026-07-20 12:24:32,12:20:58,7.04,0.10,3.92,48.,242.10,250.30,49.00
2026-07-20 12:25:52,12:21:58,7.07,0.07,3.81,48.,246.80,250.40,49.00
2026-07-20 12:28:33,12:24:59,6.96,0.08,3.38,51.,247.20,250.90,49.00
2026-07-20 12:29:13,12:25:59,7.11,0.12,3.50,51.,246.20,251.00,49.00
2026-07-20 12:30:33,12:26:59,7.04,0.00,3.23,52.,248.70,251.00,49.00
2026-07-20 12:31:13,12:27:59,7.13,0.05,4.28,52.,242.30,250.30,49.00
2026-07-20 12:32:34,12:28:59,7.12,-0.05,4.22,52.,244.00,250.10,49.00
2026-07-20 12:33:14,12:29:59,7.32,0.12,5.12,53.,241.70,249.80,49.00
2026-07-20 12:34:34,12:30:59,7.26,-0.09,5.23,53.,243.60,249.60,50.00
2026-07-20 12:35:15,12:31:59,7.21,-0.02,5.40,53.,241.20,249.30,51.00
2026-07-20 12:36:35,12:32:59,7.20,-0.05,5.51,54.,245.10,249.10,51.00
2026-07-20 12:37:15,12:33:59,7.18,-0.05,5.72,54.,242.10,249.10,52.00
2026-07-20 12:38:35,12:34:59,7.18,-0.08,5.56,54.,239.50,249.00,52.00
2026-07-20 12:39:16,12:35:59,7.04,-0.07,5.61,54.,242.90,249.00,52.00
2026-07-20 12:40:36,12:36:59,7.08,-0.11,5.51,54.,239.50,249.00,52.00
2026-07-20 12:41:16,12:37:59,7.08,-0.18,5.61,54.,238.70,249.00,53.00
2026-07-20 12:42:36,12:39:00,7.16,-0.08,5.74,55.,241.90,249.00,53.00
2026-07-20 12:43:17,12:40:00,7.03,-0.13,5.59,55.,240.00,249.00,53.00
2026-07-20 12:45:17,12:42:00,7.27,0.11,5.76,55.,246.80,249.40,53.00
2026-07-20 12:46:38,12:43:00,7.13,-0.17,5.59,55.,231.20,249.10,53.00
2026-07-20 12:47:18,12:44:00,7.24,-0.13,5.49,56.,238.50,249.40,53.00
2026-07-20 12:49:19,12:45:00,7.06,-0.14,5.30,56.,232.90,249.60,53.00
2026-07-20 12:56:01,12:46:00,7.23,-0.04,5.37,56.,245.70,249.60,53.00
2026-07-20 12:58:01,12:47:00,7.23,-0.12,5.34,56.,242.90,249.70,53.00
2026-07-20 13:02:02,12:48:00,7.29,-0.11,5.36,57.,241.20,249.70,53.00
2026-07-20 13:03:23,12:49:00,7.28,-0.05,5.29,57.,240.20,249.80,53.00
2026-07-20 13:04:03,12:51:00,6.96,5.72,6.03,57.,230.10,253.20,52.00
2026-07-20 13:05:23,12:53:00,6.94,5.64,5.91,60.,231.00,254.50,46.00
2026-07-20 13:06:03,12:55:01,6.96,5.25,5.54,62.,231.60,254.80,44.00
2026-07-20 13:07:24,12:57:01,7.21,3.21,5.35,64.,236.50,253.30,43.00
2026-07-20 13:08:04,12:58:01,7.30,1.68,5.55,64.,242.10,252.20,45.00
2026-07-20 13:09:24,13:00:01,7.18,-0.33,5.15,65.,245.50,250.90,49.00
2026-07-20 13:10:04,13:02:01,7.27,-0.09,4.90,65.,247.70,251.30,49.00
2026-07-20 13:11:25,13:04:01,7.22,-0.06,4.65,67.,244.00,251.60,50.00
2026-07-20 13:12:05,13:06:01,7.22,-0.04,4.70,67.,247.90,251.40,50.00
2026-07-20 13:13:25,13:07:01,7.25,0.00,4.94,68.,247.70,251.60,50.00
2026-07-20 13:14:06,13:09:02,7.20,-0.07,4.54,68.,243.80,251.70,51.00
2026-07-20 13:15:26,13:11:02,7.32,0.02,4.93,69.,244.00,251.70,51.00
2026-07-20 13:16:06,13:12:02,7.44,-0.04,4.86,69.,245.50,251.60,51.00
2026-07-20 13:17:26,13:13:02,7.37,-0.04,5.32,70.,245.30,251.30,52.00
2026-07-20 13:18:07,13:14:02,7.44,0.03,5.44,70.,245.90,251.30,52.00
2026-07-20 13:19:27,13:15:02,7.45,-0.14,5.35,70.,244.90,251.30,52.00
2026-07-20 13:20:07,13:16:02,7.40,-0.05,5.24,70.,245.50,251.30,52.00
2026-07-20 13:21:28,13:17:02,7.51,-0.10,5.28,71.,246.80,251.40,52.00
2026-07-20 13:22:08,13:18:02,7.47,-0.05,5.34,71.,245.50,251.40,52.00
2026-07-20 13:23:28,13:19:02,7.48,-0.11,4.83,71.,245.10,251.70,53.00
2026-07-20 13:24:08,13:20:02,7.49,0.01,4.89,72.,247.20,251.90,53.00
2026-07-20 13:25:29,13:21:02,7.48,0.02,4.66,72.,247.20,252.20,53.00
2026-07-20 13:26:09,13:22:03,7.49,0.10,4.80,72.,248.90,252.30,53.00
2026-07-20 13:27:29,13:23:03,7.50,-0.05,4.78,73.,240.40,252.00,53.00
2026-07-20 13:28:09,13:24:03,7.46,-0.06,4.63,73.,239.50,252.30,53.00
2026-07-20 13:29:30,13:25:03,7.49,0.00,4.59,73.,239.70,252.30,53.00
2026-07-20 13:30:10,13:26:03,7.43,-0.05,4.63,75.,238.90,252.30,53.00
2026-07-20 13:31:30,13:27:03,7.52,-0.07,4.68,75.,237.40,252.20,53.00
2026-07-20 13:32:10,13:28:03,7.01,4.40,4.74,76.,234.80,254.90,51.00
2026-07-20 13:33:31,13:29:03,7.00,4.69,4.99,77.,230.50,255.80,47.00
2026-07-20 13:34:11,13:30:03,7.00,5.06,5.37,78.,236.50,255.80,46.00
2026-07-20 13:35:31,13:31:03,7.00,6.76,7.07,79.,229.70,255.60,45.00
2026-07-20 13:36:12,13:32:03,6.99,4.76,5.06,80.,237.00,255.60,44.00
2026-07-20 13:37:32,13:33:03,6.96,4.70,4.97,81.,235.00,255.80,43.00
2026-07-20 13:39:33,13:35:03,7.45,2.49,4.75,82.,232.50,254.50,43.00
2026-07-20 13:40:13,13:36:04,7.66,0.86,4.96,84.,237.80,253.00,45.00
2026-07-20 13:41:33,13:37:04,7.51,-0.47,4.85,85.,233.50,251.90,47.00
2026-07-20 13:42:15,13:38:04,7.54,-0.06,4.89,85.,234.80,251.90,48.00
2026-07-20 13:43:35,13:39:04,7.51,-0.10,4.84,85.,238.70,251.90,48.00
2026-07-20 13:44:15,13:40:04,7.57,-0.35,4.53,86.,239.70,252.30,49.00
2026-07-20 13:45:36,13:41:04,7.54,0.00,4.40,87.,246.20,252.90,49.00
2026-07-20 13:46:16,13:42:04,7.41,0.58,5.93,89.,243.60,252.20,49.00
2026-07-20 13:47:36,13:43:04,7.49,0.09,6.38,89.,238.20,251.10,51.00
2026-07-20 13:48:16,13:44:04,7.50,-0.19,4.80,89.,244.90,252.00,52.00
2026-07-20 13:49:37,13:45:04,7.53,-0.06,4.77,90.,243.60,252.70,52.00
2026-07-20 13:50:17,13:46:04,7.49,1.44,6.96,90.,237.20,252.60,52.00
2026-07-20 13:51:38,13:47:04,7.51,-1.07,4.78,92.,244.70,252.60,52.00
2026-07-20 13:52:18,13:48:04,7.45,-0.11,4.66,93.,244.70,253.30,52.00
2026-07-20 13:53:38,13:49:04,7.43,-0.11,4.87,95.,244.40,253.50,52.00
2026-07-20 13:54:18,13:50:05,7.46,0.05,5.53,95.,243.60,253.20,52.00
2026-07-20 13:55:39,13:51:05,7.33,-0.94,5.51,95.,243.80,252.60,53.00
2026-07-20 13:56:19,13:52:05,7.50,-0.08,5.68,95.,240.80,253.00,53.00
2026-07-20 13:56:59,13:53:05,7.43,-0.15,5.59,95.,242.90,253.30,53.00
2026-07-20 13:58:20,13:54:05,7.44,-0.67,5.19,97.,243.20,253.90,53.00
2026-07-20 13:59:00,13:55:05,7.47,0.02,5.17,98.,240.80,255.60,53.00
2026-07-20 14:00:20,13:56:05,7.39,-2.08,5.29,100,244.00,252.40,55.00
2026-07-20 14:01:01,13:57:05,7.43,-1.94,5.47,100,243.80,251.60,56.00
2026-07-20 14:02:21,13:58:05,7.37,-1.97,5.40,100,242.10,251.00,57.00
2026-07-20 14:03:01,13:59:05,7.42,-0.57,6.85,100,235.50,250.70,57.00
2026-07-20 14:04:21,14:00:05,7.30,-2.69,4.59,100,248.50,250.40,58.00
2026-07-20 14:05:02,14:01:05,0.05,4.39,4.42,100,239.70,250.30,51.00
2026-07-20 14:06:22,14:02:05,0.05,4.49,4.52,100,241.00,250.30,48.00
2026-07-20 14:07:02,14:03:05,0.05,4.53,4.56,100,233.30,250.10,47.00
2026-07-20 14:08:23,14:04:06,0.05,4.37,4.42,100,235.90,250.10,45.00
2026-07-20 14:09:03,14:05:06,0.05,4.38,4.43,100,233.50,250.00,44.00
2026-07-20 14:10:23,14:06:06,1.66,3.01,4.67,100,237.00,249.80,44.00
2026-07-20 14:11:03,14:07:06,3.40,1.33,4.73,100,238.70,249.80,45.00
2026-07-21 11:45:00,11:40:56,6.47,0.02,3.71,57.,241.00,251.30,49.00
2026-07-21 11:45:41,11:41:56,6.72,0.02,4.08,59.,241.70,251.40,49.00
2026-07-21 11:46:21,11:42:56,6.77,-0.05,4.54,59.,231.40,251.00,49.00
2026-07-21 11:47:41,11:43:56,6.78,-0.18,4.37,59.,237.80,251.30,49.00
2026-07-21 11:48:21,11:44:56,6.67,-0.05,4.14,60.,231.60,251.60,49.00
2026-07-21 11:49:42,11:45:56,6.57,-0.05,3.76,60.,242.50,251.70,49.00
2026-07-21 11:50:22,11:46:56,6.73,0.03,4.02,60.,236.70,251.90,49.00
2026-07-21 11:51:02,11:47:56,6.83,0.01,3.89,61.,244.20,252.00,49.00
2026-07-21 11:52:23,11:48:56,6.69,0.00,3.77,61.,245.70,252.00,49.00
2026-07-21 11:53:03,11:49:56,6.78,0.02,3.98,61.,236.50,252.00,49.00
2026-07-21 11:54:23,11:50:56,6.71,-0.03,3.94,62.,238.70,252.30,49.00
2026-07-21 11:55:03,11:51:56,6.83,0.00,3.81,62.,243.60,252.40,49.00
2026-07-21 11:56:24,11:52:57,6.90,0.01,3.94,63.,238.00,252.40,49.00
2026-07-21 11:57:04,11:53:57,6.67,0.01,3.78,63.,245.30,252.30,49.00
2026-07-21 11:58:24,11:54:57,6.78,0.02,3.80,63.,244.00,252.40,49.00
2026-07-21 11:59:04,11:55:57,6.92,-0.01,4.04,64.,239.10,252.60,49.00
2026-07-21 12:00:25,11:56:57,6.91,0.01,3.99,64.,247.20,252.40,49.00
2026-07-21 12:01:05,11:57:57,6.96,0.03,4.06,65.,238.90,252.40,49.00
2026-07-21 12:02:25,11:58:57,6.97,0.03,4.31,65.,240.00,252.40,49.00
2026-07-21 12:03:05,11:59:57,7.02,0.05,3.69,65.,246.40,252.90,49.00
2026-07-21 12:04:26,12:00:57,6.93,0.32,4.07,67.,244.20,252.60,49.00
2026-07-21 12:05:06,12:01:57,6.97,0.08,4.10,67.,240.00,252.40,49.00
2026-07-21 12:06:26,12:02:57,7.00,0.02,4.05,68.,243.80,252.40,49.00
2026-07-21 12:07:06,12:03:57,7.01,0.02,3.98,68.,241.90,252.60,49.00
2026-07-21 12:08:27,12:04:57,6.94,3.82,4.06,69.,245.70,255.50,45.00
2026-07-21 12:09:07,12:05:57,6.97,3.67,3.95,70.,246.60,255.50,44.00
2026-07-21 12:10:27,12:06:57,6.91,3.68,3.91,71.,245.30,255.30,43.00
2026-07-21 12:11:08,12:07:58,6.94,3.75,4.01,72.,244.70,255.20,42.00
2026-07-21 12:12:28,12:08:58,6.94,3.71,3.97,73.,242.50,255.20,41.00
2026-07-21 12:13:08,12:09:58,7.03,2.81,4.66,73.,244.70,254.00,41.00
2026-07-21 12:14:29,12:10:58,6.99,1.14,4.72,75.,246.20,252.60,43.00
2026-07-21 12:15:09,12:11:58,7.04,0.05,4.81,75.,248.50,251.60,45.00
2026-07-21 12:16:29,12:12:58,6.81,-0.03,4.09,76.,245.90,251.90,46.00
2026-07-21 12:17:09,12:13:58,4.90,0.02,3.80,76.,244.40,251.00,46.00
2026-07-21 12:18:30,12:14:58,6.94,0.04,4.06,76.,242.70,252.00,46.00
2026-07-21 12:19:10,12:15:58,7.04,0.03,4.28,77.,244.70,252.00,47.00
2026-07-21 12:20:30,12:16:58,7.04,0.04,4.16,77.,243.80,252.20,47.00
2026-07-21 12:21:10,12:17:58,6.86,0.00,4.22,77.,243.60,252.30,47.00
2026-07-21 12:22:31,12:18:58,7.08,0.05,4.18,78.,244.20,252.30,48.00
2026-07-21 12:23:11,12:19:58,6.98,0.03,4.14,78.,247.40,252.30,48.00
2026-07-21 12:24:31,12:20:59,7.13,0.04,4.27,78.,246.40,252.40,48.00
2026-07-21 12:25:12,12:21:59,7.06,0.02,4.21,79.,246.20,252.40,48.00
2026-07-21 12:26:32,12:22:59,7.11,0.05,4.29,79.,244.70,252.40,48.00
2026-07-21 12:27:12,12:23:59,6.83,0.03,4.70,80.,247.20,252.00,48.00
2026-07-21 12:28:33,12:24:59,7.17,0.03,4.38,80.,247.20,252.60,49.00
2026-07-21 12:29:13,12:25:59,7.04,0.04,4.66,80.,244.20,252.40,49.00
2026-07-21 12:30:33,12:26:59,7.14,-0.22,4.15,81.,248.70,252.60,49.00
2026-07-21 12:31:13,12:27:59,7.09,0.05,3.88,82.,246.80,253.20,49.00
2026-07-21 12:32:34,12:28:59,7.23,0.14,4.00,85.,248.90,253.50,49.00
2026-07-21 12:33:14,12:29:59,7.22,0.13,4.47,86.,248.50,253.00,49.00
2026-07-21 12:34:34,12:30:59,7.19,0.06,4.14,88.,246.80,253.50,49.00
2026-07-21 12:35:14,12:31:59,7.26,0.14,4.11,89.,247.20,253.70,49.00
2026-07-21 12:36:35,12:32:59,6.95,-0.05,4.04,92.,250.00,253.60,49.00
2026-07-21 12:37:15,12:33:59,7.26,-0.35,4.05,93.,246.60,253.70,49.00
2026-07-21 12:38:35,12:34:59,7.15,-0.23,4.06,95.,247.00,253.70,49.00
2026-07-21 12:39:16,12:36:00,7.27,-0.46,3.94,96.,249.60,254.00,49.00
2026-07-21 12:40:36,12:37:00,7.29,-0.35,4.07,97.,247.70,254.30,49.00
2026-07-21 12:41:16,12:38:00,7.26,0.10,4.49,97.,242.90,254.60,49.00
2026-07-21 12:42:37,12:39:00,7.33,0.04,4.49,98.,246.20,255.20,50.00
2026-07-21 12:43:17,12:40:00,7.32,0.04,4.41,100,245.50,254.20,50.00
2026-07-21 12:44:37,12:41:00,0.05,3.75,3.78,100,242.50,251.60,49.00
2026-07-21 12:45:17,12:42:00,0.05,3.59,3.62,100,242.70,250.70,46.00
2026-07-21 12:46:38,12:43:00,0.05,3.62,3.65,100,242.30,250.40,45.00
2026-07-21 12:47:18,12:44:00,0.05,3.82,3.85,100,242.10,250.10,44.00
2026-07-21 12:48:38,12:45:00,0.05,3.96,3.99,100,241.00,250.00,43.00
2026-07-21 12:49:18,12:46:00,0.71,3.25,3.96,100,242.70,249.80,42.00
2026-07-21 12:50:39,12:47:00,2.62,1.56,4.18,100,246.20,249.70,43.00
2026-07-21 12:51:19,12:48:00,4.47,-0.34,4.13,100,246.80,249.70,45.00
2026-07-21 12:52:39,12:49:00,6.21,-2.11,4.10,100,248.70,249.60,47.00
2026-07-21 12:54:40,12:51:01,6.49,-1.86,4.63,100,250.20,249.40,50.00
2026-07-21 12:56:41,12:52:01,3.72,2.06,5.78,100,252.80,249.40,50.00
2026-07-21 13:00:42,12:53:01,3.13,2.75,5.84,100,252.80,249.40,49.00
2026-07-21 13:04:02,12:54:01,3.58,2.26,6.03,100,252.60,249.40,48.00
2026-07-21 13:04:43,12:55:01,3.58,2.49,6.07,100,252.80,249.40,48.00
2026-07-21 13:05:23,12:58:01,0.05,5.67,5.72,100,244.70,249.30,43.00
2026-07-21 13:06:03,13:01:01,0.05,5.43,5.48,100,242.90,249.30,40.00
2026-07-21 13:07:23,13:03:01,0.05,5.41,5.46,100,244.00,249.30,39.00
2026-07-21 13:08:04,13:04:02,2.54,3.11,5.65,100,249.60,249.30,40.00
2026-07-21 13:09:24,13:05:02,4.27,-0.07,4.20,100,247.20,249.30,42.00
2026-07-21 13:10:04,13:06:02,6.08,-1.76,4.31,100,247.70,249.30,45.00
2026-07-21 13:11:24,13:07:02,5.75,-1.35,4.40,100,251.30,249.30,47.00
2026-07-21 13:12:05,13:08:02,7.18,-2.32,4.86,100,245.70,249.10,49.00
2026-07-21 13:13:25,13:09:02,7.23,-2.69,4.54,100,245.10,249.10,50.00
2026-07-21 13:14:05,13:10:02,7.29,-2.83,4.46,100,245.50,249.10,51.00
2026-07-21 13:15:26,13:11:02,7.16,-2.75,4.41,100,244.40,249.10,52.00
2026-07-21 13:16:06,13:12:02,7.31,-3.02,4.29,100,244.90,249.10,53.00
2026-07-21 13:17:26,13:13:02,0.05,3.74,3.79,100,242.30,249.10,47.00
2026-07-21 13:18:07,13:14:02,0.05,3.73,3.78,100,242.10,249.10,45.00
2026-07-21 13:19:27,13:15:02,0.05,3.93,3.98,100,239.50,249.10,44.00
2026-07-21 13:20:07,13:16:02,0.05,5.40,5.45,100,242.30,249.10,42.00
2026-07-21 13:21:28,13:17:02,0.05,5.40,5.45,100,241.20,249.10,42.00
2026-07-21 13:22:08,13:18:03,0.05,7.02,7.07,100,238.50,249.10,41.00
2026-07-21 13:23:28,13:19:03,0.87,6.20,7.07,100,246.40,249.10,40.00
2026-07-21 13:24:09,13:20:03,2.78,3.05,5.83,100,243.40,249.10,41.00
2026-07-21 13:25:29,13:21:03,4.67,1.35,5.86,100,243.20,249.10,44.00
2026-07-21 13:26:09,13:22:03,6.45,-0.46,5.99,100,246.20,249.00,46.00
2026-07-21 13:27:30,13:23:03,6.68,-0.81,5.85,100,249.80,249.10,48.00
2026-07-21 13:28:10,13:24:03,7.10,-1.25,5.85,100,247.70,249.10,50.00
2026-07-21 13:29:31,13:25:03,7.14,-3.00,4.14,100,245.10,249.00,51.00
2026-07-21 13:30:11,13:26:03,7.30,-3.39,3.91,100,246.40,249.00,51.00
2026-07-21 13:31:31,13:27:03,7.31,-2.98,4.33,100,246.40,249.00,52.00
2026-07-21 13:32:12,13:28:03,7.22,-2.52,4.70,100,251.50,249.00,53.00
2026-07-21 13:33:32,13:29:03,0.05,3.88,3.93,100,242.50,249.10,47.00
2026-07-21 13:34:12,13:30:03,0.05,3.93,3.98,100,241.50,249.10,45.00
2026-07-21 13:35:33,13:31:03,0.05,3.52,3.57,100,241.50,249.00,44.00
2026-07-21 13:36:13,13:32:04,0.05,3.52,3.57,100,242.30,249.10,42.00
2026-07-21 13:37:33,13:33:04,0.05,3.46,3.51,100,242.30,249.10,42.00
2026-07-21 13:38:13,13:34:04,0.05,3.46,3.51,100,242.50,249.10,41.00
2026-07-21 13:39:34,13:35:04,2.01,1.53,3.54,100,246.20,249.00,41.00
2026-07-21 13:40:14,13:36:04,3.78,0.35,4.18,100,247.40,249.00,43.00
2026-07-21 13:41:34,13:37:04,5.55,-1.19,4.36,100,241.50,249.00,45.00
2026-07-21 13:42:15,13:38:04,6.95,-3.59,3.36,100,243.80,249.00,48.00
2026-07-21 13:43:35,13:39:04,7.11,-3.70,3.41,100,244.90,249.00,49.00
2026-07-21 13:44:15,13:40:04,7.15,-3.66,3.49,100,244.90,249.00,50.00
2026-07-21 13:45:35,13:41:04,7.16,-3.66,3.50,100,244.40,249.00,51.00
2026-07-21 13:46:16,13:42:04,7.23,-3.75,3.48,100,250.00,249.00,52.00
2026-07-21 13:47:36,13:43:04,7.14,-3.73,3.41,100,247.70,249.00,53.00
2026-07-21 13:48:16,13:44:04,7.15,-3.73,3.42,100,249.40,248.80,53.00
2026-07-21 13:49:37,13:45:04,0.05,3.26,3.31,100,241.70,249.00,47.00
2026-07-21 13:50:17,13:46:05,0.05,3.55,3.60,100,242.70,249.00,45.00
2026-07-21 13:51:37,13:47:05,0.05,3.93,3.98,100,238.70,249.00,44.00
2026-07-21 13:52:18,13:48:05,0.05,3.93,3.98,100,240.20,249.00,43.00
2026-07-21 13:53:38,13:49:05,0.05,3.92,3.97,100,236.50,249.00,42.00
2026-07-21 13:54:18,13:50:05,1.58,2.39,3.97,100,239.30,249.00,42.00
2026-07-21 13:55:39,13:51:05,3.32,0.64,3.96,100,242.30,249.00,43.00
2026-07-21 13:56:19,13:52:05,5.09,-1.08,4.01,100,244.20,249.00,45.00
2026-07-21 13:57:39,13:53:05,6.87,-2.85,4.06,100,245.30,249.10,48.00
2026-07-21 13:58:19,13:54:05,7.11,-3.00,4.11,100,244.00,249.00,49.00
2026-07-21 13:59:40,13:55:05,7.03,-3.12,3.91,100,244.00,249.00,50.00
2026-07-21 14:00:20,13:56:05,6.95,-3.01,3.94,100,243.80,249.00,51.00
2026-07-21 14:01:40,13:57:05,7.02,-2.54,4.48,100,243.40,249.00,52.00
2026-07-21 14:02:20,13:58:05,7.12,-0.89,6.23,100,236.10,249.00,53.00
2026-07-21 14:03:41,13:59:05,7.08,-0.87,6.21,100,235.00,248.80,53.00
2026-07-21 14:04:21,14:00:06,0.05,5.88,5.93,100,230.50,249.00,47.00
2026-07-21 14:05:42,14:01:06,0.05,5.85,5.90,100,228.80,249.00,45.00
2026-07-21 14:06:22,14:02:06,0.05,5.85,5.90,100,230.10,249.00,44.00
2026-07-21 14:07:42,14:03:06,0.05,6.00,6.05,100,231.60,249.00,43.00
2026-07-21 14:08:22,14:04:06,0.05,5.90,5.95,100,231.20,249.00,42.00
2026-07-21 14:09:03,14:05:06,0.82,5.24,6.06,100,235.50,249.00,41.00
2026-07-21 14:10:23,14:06:06,2.75,3.49,6.24,100,236.50,249.00,42.00
2026-07-21 14:11:03,14:07:06,4.49,1.80,6.29,100,240.20,249.00,44.00
2026-07-22 11:45:00,18:19:24,0.06,0.00,0.06,100,0.00,249.40,36.00
2026-07-22 12:01:44,18:23:24,0.06,0.00,0.06,100,0.00,249.30,36.00
2026-07-22 12:41:16,18:30:25,0.05,0.00,0.05,100,0.00,249.30,36.00
2026-07-23 11:45:04,11:41:56,7.30,-4.72,2.60,100,239.70,249.10,52.00
2026-07-23 11:46:25,11:42:56,0.06,2.35,2.41,100,233.70,249.10,51.00
2026-07-23 11:47:05,11:43:56,0.06,1.98,2.04,100,241.20,249.00,46.00
2026-07-23 11:48:25,11:44:56,0.06,2.00,2.06,100,232.70,249.00,44.00
2026-07-23 11:49:05,11:45:56,0.06,1.99,2.05,100,240.00,249.00,42.00
2026-07-23 11:50:26,11:46:56,0.06,1.96,2.04,100,241.20,249.00,41.00
2026-07-23 11:51:07,11:47:56,0.06,1.82,1.88,100,240.20,249.00,40.00
2026-07-23 11:52:27,11:48:56,1.54,0.49,2.03,100,238.70,249.00,40.00
2026-07-23 11:53:07,11:49:57,3.37,-0.83,2.54,100,244.00,249.00,41.00
2026-07-23 11:54:27,11:50:57,5.08,-2.48,2.60,100,239.10,249.10,43.00
2026-07-23 11:55:08,11:51:57,6.93,-4.29,2.64,100,242.90,249.00,46.00
2026-07-23 11:56:28,11:52:57,7.33,-4.78,2.55,100,247.70,249.00,48.00
2026-07-23 11:57:08,11:53:57,7.33,-4.73,2.60,100,239.30,249.00,49.00
2026-07-23 11:58:29,11:54:57,7.37,-4.83,2.54,100,245.10,249.00,50.00
2026-07-23 11:59:09,11:55:57,7.40,-4.84,2.56,100,245.50,249.00,51.00
2026-07-23 11:59:49,11:56:57,7.42,-4.80,2.62,100,241.90,249.00,51.00
2026-07-23 12:01:09,11:57:57,7.40,-5.21,2.19,100,250.60,249.00,52.00
2026-07-23 12:01:50,11:58:57,7.55,-5.39,2.16,100,251.70,249.00,52.00
2026-07-23 12:03:10,11:59:57,7.45,-4.73,2.72,100,245.10,249.00,53.00
2026-07-23 12:03:50,12:00:57,6.95,-4.29,2.66,100,251.90,249.00,53.00
2026-07-23 12:05:11,12:01:57,7.54,-4.91,2.63,100,250.00,248.80,54.00
2026-07-23 12:05:51,12:02:57,7.51,-4.85,2.66,100,244.20,248.80,54.00
2026-07-23 12:07:11,12:03:57,7.51,-4.80,2.71,100,249.80,248.80,54.00
2026-07-23 12:07:52,12:04:58,7.61,-4.84,2.77,100,240.60,248.80,55.00
2026-07-23 12:09:12,12:05:58,0.06,2.44,2.50,100,239.30,248.80,48.00
2026-07-23 12:09:52,12:06:58,0.06,2.43,2.49,100,242.90,248.80,45.00
2026-07-23 12:11:12,12:07:58,0.06,2.88,2.94,100,234.00,248.80,44.00
2026-07-23 12:11:53,12:08:58,0.06,2.55,2.61,100,234.80,248.80,42.00
2026-07-23 12:13:13,12:09:58,0.06,2.53,2.59,100,234.00,248.80,41.00
2026-07-23 12:13:53,12:10:58,1.80,0.34,2.14,100,242.50,248.80,41.00
2026-07-23 12:15:14,12:11:58,3.70,-0.97,2.73,100,246.20,248.80,43.00
2026-07-23 12:15:54,12:12:58,5.48,-2.74,2.74,100,246.40,248.80,45.00
2026-07-23 12:17:14,12:13:58,7.27,-4.65,2.62,100,248.50,248.80,47.00
2026-07-23 12:17:54,12:14:58,7.41,-4.41,3.00,100,248.30,248.80,49.00
2026-07-23 12:19:15,12:15:58,7.46,-4.79,2.67,100,249.40,248.80,50.00
2026-07-23 12:19:55,12:16:58,7.47,-4.75,2.68,100,242.70,248.80,51.00
2026-07-23 12:21:15,12:17:58,7.43,-3.36,4.07,100,248.10,248.80,52.00
2026-07-23 12:21:55,12:18:59,7.60,-3.44,4.16,100,247.70,248.80,52.00
2026-07-23 12:23:16,12:19:59,7.61,-2.64,4.97,100,242.90,248.80,53.00
2026-07-23 12:23:56,12:20:59,7.62,-2.20,5.42,100,242.90,248.80,53.00
2026-07-23 12:25:16,12:21:59,0.06,5.52,5.58,100,235.70,248.80,48.00
2026-07-23 12:25:56,12:22:59,0.06,5.31,5.37,100,235.20,248.80,45.00
2026-07-23 12:27:17,12:23:59,0.06,5.24,5.28,100,236.70,248.80,43.00
2026-07-23 12:27:57,12:24:59,0.06,5.65,5.71,100,235.50,248.80,42.00
2026-07-23 12:29:17,12:25:59,0.06,5.81,5.87,100,229.00,248.80,41.00
2026-07-23 12:29:57,12:26:59,0.71,4.70,5.41,100,232.00,248.80,40.00
2026-07-23 12:31:18,12:27:59,3.05,2.70,5.75,100,237.00,248.80,41.00
2026-07-23 12:31:58,12:28:59,4.78,0.93,5.71,100,240.20,248.80,43.00
2026-07-23 12:33:18,12:29:59,6.58,-0.79,5.79,100,241.70,248.80,45.00
2026-07-23 12:33:59,12:30:59,7.53,-1.70,5.83,100,244.40,248.80,48.00
2026-07-23 12:35:19,12:31:59,7.65,-2.43,5.22,100,245.10,248.80,49.00
2026-07-23 12:35:59,12:33:00,7.65,-2.10,5.55,100,246.20,248.70,50.00
2026-07-23 12:37:20,12:34:00,7.38,-1.93,5.45,100,247.00,248.80,51.00
2026-07-23 12:38:00,12:35:00,7.51,-3.27,4.24,100,252.80,248.80,52.00
2026-07-23 12:39:20,12:36:00,0.06,4.09,4.15,100,244.00,248.80,50.00
2026-07-23 12:40:00,12:37:00,0.06,4.97,5.03,100,240.20,248.80,45.00
2026-07-23 12:41:21,12:38:00,0.06,3.44,3.50,100,243.60,248.80,43.00
2026-07-23 12:42:01,12:39:00,0.06,3.42,3.48,100,244.00,248.80,42.00
2026-07-23 12:43:21,12:40:00,0.05,3.29,3.34,100,242.70,248.80,41.00
2026-07-23 12:44:02,12:41:00,0.05,3.06,3.11,100,244.40,248.80,40.00
2026-07-23 12:46:02,12:43:00,2.58,0.82,3.40,100,246.80,248.70,40.00
2026-07-23 12:48:03,12:44:00,4.30,-0.42,3.88,100,246.40,248.70,43.00
2026-07-23 12:53:24,12:45:00,6.06,-2.21,3.85,100,247.40,248.70,46.00
2026-07-23 12:54:04,12:46:00,6.96,-3.33,3.63,100,249.40,248.70,48.00
2026-07-23 12:56:05,12:47:01,7.66,-3.88,3.78,100,250.40,248.70,51.00
2026-07-23 12:57:25,12:48:01,6.87,-1.48,5.39,100,250.90,248.80,52.00
2026-07-23 12:58:06,12:49:01,5.88,-0.66,5.22,100,250.40,248.70,52.00
2026-07-23 12:59:26,12:50:01,7.30,-3.41,3.89,100,250.20,248.80,52.00
2026-07-23 13:00:06,12:51:01,4.91,-1.31,3.60,100,251.10,248.70,50.00
2026-07-23 13:01:27,12:52:01,2.96,0.29,3.23,100,251.70,248.70,49.00
2026-07-23 13:02:07,12:53:01,3.17,0.08,3.25,100,252.60,248.70,48.00
2026-07-23 13:03:27,12:54:01,7.72,-3.84,3.88,100,251.50,248.70,48.00
2026-07-23 13:04:07,12:55:01,2.01,0.46,2.47,100,250.90,248.70,47.00
2026-07-23 13:05:28,12:56:01,1.68,1.51,3.19,100,251.90,248.70,45.00
2026-07-23 13:07:29,12:57:01,1.68,1.26,2.94,100,251.70,248.70,45.00
2026-07-23 13:08:09,12:59:01,4.15,-0.92,3.23,100,251.90,248.70,44.00
2026-07-23 13:08:49,13:00:01,3.03,-0.06,2.97,100,250.40,248.70,44.00
2026-07-23 13:09:29,13:01:02,3.85,-0.80,3.05,100,253.90,248.70,44.00
2026-07-23 13:10:09,13:05:02,7.10,-3.98,3.12,100,251.10,248.70,49.00
2026-07-23 13:10:49,13:07:02,5.09,-2.10,2.99,100,251.90,248.50,49.00
2026-07-23 13:12:10,13:08:02,6.88,-3.67,3.21,100,252.10,248.70,50.00
2026-07-23 13:12:50,13:09:02,6.40,-3.18,3.22,100,251.70,248.70,50.00
2026-07-23 13:14:10,13:10:02,5.20,-2.26,2.92,100,251.10,248.70,50.00
2026-07-23 13:14:51,13:11:02,0.06,2.44,2.50,100,247.20,248.70,46.00
2026-07-23 13:16:11,13:12:02,0.05,2.47,2.52,100,246.40,248.70,44.00
2026-07-23 13:16:51,13:13:02,0.05,2.43,2.48,100,247.40,248.70,42.00
2026-07-23 13:18:12,13:14:02,0.05,2.43,2.48,100,244.90,248.70,41.00
2026-07-23 13:18:52,13:15:03,0.05,2.47,2.52,100,246.20,248.70,40.00
2026-07-23 13:20:12,13:16:03,0.84,1.58,2.42,100,248.30,248.70,40.00
2026-07-23 13:20:53,13:17:03,2.90,-0.05,2.85,100,247.70,248.70,41.00
2026-07-23 13:22:13,13:18:03,4.66,-1.83,2.83,100,250.60,248.70,44.00
2026-07-23 13:22:53,13:19:03,5.51,-2.77,2.74,100,251.90,248.70,46.00
2026-07-23 13:24:14,13:20:03,7.29,-3.89,3.40,100,250.20,248.70,49.00
2026-07-23 13:24:54,13:21:03,7.72,-4.26,3.46,100,248.70,248.70,51.00
2026-07-23 13:26:14,13:22:03,7.77,-4.24,3.53,100,250.40,248.70,52.00
2026-07-23 13:26:54,13:23:03,7.76,-3.76,4.00,100,251.70,248.50,53.00
2026-07-23 13:28:15,13:24:03,7.75,-3.84,3.91,100,250.20,248.50,53.00
2026-07-23 13:28:55,13:25:03,7.77,-3.94,3.83,100,251.10,248.70,54.00
2026-07-23 13:30:15,13:26:03,0.06,3.53,3.59,100,242.90,248.70,49.00
2026-07-23 13:30:55,13:27:03,0.06,3.51,3.57,100,241.70,248.70,46.00
2026-07-23 13:32:16,13:28:03,0.06,3.46,3.52,100,239.70,248.70,44.00
2026-07-23 13:32:56,13:29:04,0.05,3.00,3.05,100,241.00,248.50,43.00
2026-07-23 13:34:16,13:30:04,0.05,3.06,3.11,100,243.40,248.70,41.00
2026-07-23 13:34:57,13:31:04,0.05,3.04,3.09,100,241.90,248.70,41.00
2026-07-23 13:36:17,13:32:04,2.39,0.91,3.30,100,244.40,248.50,41.00
2026-07-23 13:36:57,13:33:04,4.16,-0.97,3.19,100,244.70,248.50,42.00
2026-07-23 13:38:17,13:34:04,5.92,-2.73,3.19,100,248.90,248.50,45.00
2026-07-23 13:38:58,13:35:04,7.52,-4.66,2.86,100,247.90,248.50,47.00
2026-07-23 13:40:18,13:36:04,7.77,-4.94,2.83,100,247.20,248.50,49.00
2026-07-23 13:40:58,13:37:04,7.78,-4.91,2.87,100,247.90,248.50,50.00
2026-07-23 13:42:19,13:38:04,7.83,-4.94,2.89,100,248.10,248.50,51.00
2026-07-23 13:42:59,13:39:04,7.72,-4.50,3.22,100,245.90,248.50,52.00
2026-07-23 13:44:19,13:40:04,7.87,-4.46,3.41,100,246.40,248.70,52.00
2026-07-23 13:44:59,13:41:04,7.87,-4.62,3.25,100,246.60,248.50,53.00
2026-07-23 13:46:20,13:42:04,0.06,2.95,3.01,100,238.70,248.50,47.00
2026-07-23 13:47:00,13:43:04,0.06,2.92,2.98,100,235.90,248.50,44.00
2026-07-23 13:48:20,13:44:05,0.06,2.91,2.97,100,237.80,248.50,43.00
2026-07-23 13:49:00,13:45:05,0.06,2.91,2.97,100,237.20,248.70,41.00
2026-07-23 13:50:21,13:46:05,0.06,3.02,3.08,100,232.30,248.50,40.00
2026-07-23 13:51:01,13:47:05,1.79,1.13,2.92,100,236.50,248.50,40.00
2026-07-23 13:52:21,13:48:05,3.50,-0.66,2.84,100,240.80,248.50,41.00
2026-07-23 13:53:01,13:49:05,5.42,-2.35,3.07,100,244.70,248.70,43.00
2026-07-23 13:54:22,13:50:05,7.19,-4.12,3.07,100,247.70,248.70,46.00
2026-07-23 13:55:03,13:51:05,7.68,-4.50,3.18,100,251.90,248.50,48.00
2026-07-23 13:56:23,13:52:05,7.63,-3.98,3.65,100,252.40,248.50,49.00
2026-07-23 13:57:03,13:53:05,7.71,-4.28,3.43,100,250.90,248.70,50.00
2026-07-23 13:58:24,13:54:05,7.56,-4.12,3.44,100,247.40,248.70,51.00
2026-07-23 13:59:04,13:55:05,7.66,-4.22,3.44,100,250.20,248.50,52.00
2026-07-23 14:00:24,13:56:05,7.73,-4.30,3.43,100,250.20,248.50,52.00
2026-07-23 14:01:04,13:57:05,7.36,-3.62,3.74,100,247.00,248.50,53.00
2026-07-23 14:02:25,13:58:06,7.68,-3.90,3.78,100,246.40,248.50,53.00
2026-07-23 14:03:05,13:59:06,7.73,-4.07,3.66,100,246.60,248.50,54.00
2026-07-23 14:04:25,14:00:06,7.65,-3.96,3.69,100,250.60,248.50,54.00
2026-07-23 14:05:05,14:01:06,0.06,3.39,3.45,100,242.90,248.50,47.00
2026-07-23 14:06:26,14:02:06,0.06,3.36,3.42,100,241.50,248.50,45.00
2026-07-23 14:07:06,14:03:06,0.06,2.94,3.00,100,241.00,248.50,43.00
2026-07-23 14:08:26,14:04:06,0.06,2.90,2.96,100,240.40,248.50,42.00
2026-07-23 14:09:06,14:05:06,0.06,2.49,2.55,100,240.20,248.50,41.00
2026-07-23 14:10:27,14:06:06,1.90,0.75,2.65,100,246.20,248.50,41.00
2026-07-23 14:11:07,14:07:06,3.75,-1.09,2.66,100,250.00,248.50,42.00
2026-07-24 11:45:01,11:41:56,8.35,-0.04,2.28,80.,237.00,254.00,41.00
2026-07-24 11:46:21,11:42:56,1.19,-0.05,1.38,80.,238.50,249.30,41.00
2026-07-24 11:47:02,11:43:56,0.82,-0.03,1.08,80.,225.20,249.00,41.00
2026-07-24 11:48:22,11:44:56,0.60,-0.08,0.94,80.,237.60,248.70,41.00
2026-07-24 11:49:02,11:45:56,0.61,0.00,1.10,80.,225.20,248.50,41.00
2026-07-24 11:50:22,11:46:56,0.70,-0.05,1.09,79.,237.20,248.50,41.00
2026-07-24 11:51:03,11:47:56,0.61,-0.06,1.02,79.,225.40,248.40,41.00
2026-07-24 11:52:23,11:48:56,0.87,-0.02,1.19,79.,232.30,248.50,41.00
2026-07-24 11:53:03,11:49:56,1.42,0.00,2.01,79.,232.00,248.30,41.00
2026-07-24 11:54:24,11:50:56,1.22,0.03,2.21,79.,227.10,248.00,41.00
2026-07-24 11:55:04,11:51:56,0.92,-0.03,2.07,79.,223.10,247.80,41.00
2026-07-24 11:56:24,11:52:56,1.24,-0.06,2.26,79.,235.00,247.70,41.00
2026-07-24 11:57:04,11:53:56,1.30,-0.06,2.42,79.,230.10,247.50,41.00
2026-07-24 11:58:25,11:54:57,1.29,-0.04,2.43,79.,229.90,247.50,41.00
2026-07-24 11:59:05,11:55:57,1.62,-0.12,2.46,78.,238.00,247.70,41.00
2026-07-24 12:00:25,11:56:57,1.76,0.00,2.35,78.,238.50,248.40,41.00
2026-07-24 12:01:05,11:57:57,1.71,-0.03,2.00,79.,234.60,249.60,41.00
2026-07-24 12:02:26,11:58:57,1.55,-0.04,1.85,79.,232.00,248.80,41.00
2026-07-24 12:03:06,11:59:57,1.82,0.02,1.80,79.,242.70,249.00,41.00
2026-07-24 12:04:26,12:00:57,1.83,-0.03,1.33,79.,238.70,249.30,41.00
2026-07-24 12:05:07,12:01:57,1.70,-0.03,1.60,79.,222.80,249.30,40.00
2026-07-24 12:06:27,12:02:57,6.14,-0.01,1.42,79.,234.60,252.60,40.00
2026-07-24 12:07:07,12:03:57,1.58,-0.03,1.46,79.,224.80,249.70,40.00
2026-07-24 12:08:27,12:04:57,3.45,0.00,1.57,79.,247.20,252.00,40.00
2026-07-24 12:09:08,12:05:57,7.91,0.07,1.81,80.,247.40,255.00,40.00
2026-07-24 12:10:28,12:06:57,2.83,-0.01,1.57,81.,237.40,252.00,40.00
2026-07-24 12:11:08,12:07:57,7.29,0.13,1.96,82.,253.00,255.30,40.00
2026-07-24 12:12:29,12:08:58,6.53,0.04,2.19,85.,242.50,254.90,40.00
2026-07-24 12:13:09,12:09:58,1.42,-0.12,1.52,85.,229.90,250.60,40.00
2026-07-24 12:14:29,12:10:58,1.52,-0.03,1.63,85.,231.00,249.80,40.00
2026-07-24 12:15:10,12:11:58,6.67,0.03,1.79,86.,251.50,252.20,40.00
2026-07-24 12:16:30,12:12:58,4.33,0.00,1.85,86.,234.00,253.20,40.00
2026-07-24 12:17:10,12:13:58,2.34,-0.01,1.61,87.,233.50,251.00,40.00
2026-07-24 12:18:31,12:14:58,7.56,0.03,1.96,87.,242.50,255.20,40.00
2026-07-24 12:19:11,12:15:58,2.07,0.03,1.78,88.,239.30,251.70,40.00
2026-07-24 12:20:31,12:16:58,2.12,0.04,2.23,88.,237.40,250.30,40.00
2026-07-24 12:21:11,12:17:58,2.90,0.00,2.18,88.,242.10,250.90,40.00
2026-07-24 12:21:52,12:18:58,8.02,1.48,2.78,89.,251.50,256.60,40.00
2026-07-24 12:23:12,12:19:58,6.91,-0.67,3.35,92.,252.10,253.60,41.00
2026-07-24 12:23:52,12:20:58,6.58,-2.13,2.88,94.,252.10,252.90,41.00
2026-07-24 12:25:12,12:21:58,3.82,1.97,2.90,95.,250.40,253.70,41.00
2026-07-24 12:25:53,12:22:59,4.71,0.91,2.73,96.,250.90,253.90,40.00
2026-07-24 12:27:13,12:23:59,8.80,-3.30,4.37,96.,250.60,252.70,42.00
2026-07-24 12:27:53,12:24:59,8.05,-1.19,3.97,96.,252.40,254.30,43.00
2026-07-24 12:29:13,12:25:59,8.35,-0.93,3.80,97.,249.40,254.60,43.00
2026-07-25 11:45:00,11:41:56,7.35,-5.32,2.03,100,250.00,249.00,55.00
2026-07-25 11:46:21,11:42:56,7.49,-5.43,2.06,100,249.40,249.00,55.00
2026-07-25 11:47:01,11:43:56,7.47,-4.98,2.49,100,246.20,249.00,56.00
2026-07-25 11:48:21,11:44:56,6.31,-4.09,2.22,100,251.30,249.00,56.00
2026-07-25 11:49:01,11:45:56,5.33,-3.21,2.12,100,249.60,249.00,56.00
2026-07-25 11:50:22,11:46:56,7.50,-5.33,2.17,100,249.80,248.80,56.00
2026-07-25 11:51:02,11:47:56,7.58,-5.43,2.13,100,244.70,248.80,56.00
2026-07-25 11:52:22,11:48:56,7.55,-5.38,2.15,100,249.20,248.80,56.00
2026-07-25 11:53:02,11:49:56,7.56,-5.34,2.20,100,250.60,248.80,56.00
2026-07-25 11:54:23,11:50:56,7.49,-5.40,2.07,100,244.70,248.80,56.00
2026-07-25 11:55:03,11:51:56,7.57,-5.40,2.17,100,246.40,248.80,57.00
2026-07-25 11:56:23,11:52:56,7.54,-5.40,2.12,100,244.20,248.80,57.00
2026-07-25 11:57:04,11:53:56,7.58,-5.92,1.64,100,250.90,248.80,57.00
2026-07-25 11:58:24,11:54:56,7.56,-5.95,1.59,100,250.90,248.80,57.00
2026-07-25 11:59:04,11:55:57,7.57,-5.43,2.14,100,250.00,248.80,57.00
2026-07-25 12:00:25,11:56:57,7.60,-3.79,3.79,100,250.60,248.80,57.00
2026-07-25 12:01:05,11:57:57,7.68,-3.90,3.76,100,250.00,248.80,57.00
2026-07-25 12:02:25,11:58:57,7.68,-5.51,2.17,100,248.70,248.80,57.00
2026-07-25 12:03:05,11:59:57,7.77,-5.52,2.23,100,244.00,248.80,57.00
2026-07-25 12:04:26,12:00:57,7.71,-5.90,1.79,100,245.70,248.70,58.00
2026-07-25 12:05:06,12:01:57,7.74,-6.01,1.71,100,252.40,248.70,58.00
2026-07-25 12:06:26,12:02:57,7.65,-5.94,1.69,100,251.70,248.70,58.00
2026-07-25 12:07:06,12:03:57,7.60,-5.72,1.86,100,250.60,248.70,58.00
2026-07-25 12:08:27,12:04:57,0.06,1.68,1.72,100,241.90,248.70,53.00
2026-07-25 12:09:07,12:05:57,0.06,1.66,1.70,100,243.40,248.70,49.00
2026-07-25 12:10:27,12:06:57,0.06,1.68,1.72,100,242.70,248.70,47.00
2026-07-25 12:11:08,12:07:57,0.06,1.80,1.84,100,242.50,248.70,45.00
2026-07-25 12:12:28,12:08:57,0.06,1.74,1.78,100,243.40,248.70,44.00
2026-07-25 12:13:08,12:09:58,0.71,1.44,2.13,100,245.10,248.70,43.00
2026-07-25 12:14:29,12:10:58,2.95,-0.09,2.86,100,244.90,248.70,43.00
2026-07-25 12:15:09,12:11:58,4.72,-1.81,2.89,100,241.90,248.80,45.00
2026-07-25 12:16:29,12:12:58,6.53,-3.54,2.97,100,242.30,248.80,47.00
2026-07-25 12:17:09,12:13:58,7.67,-4.81,2.86,100,248.70,248.70,50.00
2026-07-25 12:18:30,12:14:58,7.68,-4.83,2.85,100,247.90,248.80,51.00
2026-07-25 12:19:10,12:15:58,7.67,-5.17,2.48,100,249.20,248.70,52.00
2026-07-25 12:20:30,12:16:58,7.77,-5.35,2.42,100,245.10,248.70,52.00
2026-07-25 12:21:10,12:17:58,7.80,-5.49,2.31,100,252.60,248.70,53.00
2026-07-25 12:22:31,12:18:58,7.59,-5.31,2.28,100,250.20,248.70,53.00
2026-07-25 12:23:11,12:19:58,0.06,1.96,2.00,100,241.50,248.80,46.00
2026-07-25 12:24:31,12:20:58,0.06,1.49,1.55,100,244.40,248.80,44.00
2026-07-25 12:25:12,12:21:58,0.06,1.57,1.63,100,242.90,248.80,43.00
2026-07-25 12:26:32,12:22:58,0.06,1.36,1.42,100,239.30,248.80,42.00
2026-07-25 12:27:12,12:23:59,0.06,1.33,1.39,100,238.00,248.80,41.00
2026-07-25 12:28:33,12:24:59,0.06,1.35,1.41,100,238.90,248.80,40.00
2026-07-25 12:29:13,12:25:59,2.47,-0.42,2.05,100,240.60,248.80,40.00
2026-07-25 12:30:34,12:26:59,4.21,-2.14,2.07,100,241.50,248.80,42.00
2026-07-25 12:31:14,12:27:59,6.00,-3.90,2.10,100,246.40,248.80,44.00
2026-07-25 12:32:34,12:28:59,7.40,-5.37,2.03,100,247.40,248.70,47.00
2026-07-25 12:33:14,12:29:59,7.82,-5.71,2.11,100,248.30,248.70,49.00
2026-07-25 12:34:35,12:30:59,7.89,-6.07,1.82,100,248.70,248.80,50.00
2026-07-25 12:35:15,12:31:59,7.82,-6.02,1.80,100,246.60,248.80,50.00
2026-07-25 12:36:35,12:32:59,7.97,-5.96,2.01,100,248.90,248.80,51.00
2026-07-25 12:37:16,12:33:59,7.73,-5.85,1.88,100,244.90,248.70,52.00
2026-07-25 12:37:56,12:34:59,0.06,1.54,1.60,100,238.90,248.80,48.00
2026-07-25 12:39:16,12:35:59,0.06,1.54,1.60,100,242.70,248.80,44.00
2026-07-25 12:39:56,12:36:59,0.06,2.08,2.14,100,244.40,248.80,43.00
2026-07-25 12:41:17,12:38:00,0.06,2.00,2.06,100,236.70,248.80,41.00
2026-07-25 12:41:57,12:39:00,0.06,2.26,2.32,100,242.90,248.80,40.00
2026-07-25 12:43:17,12:40:00,0.06,2.35,2.41,100,245.10,248.80,39.00
2026-07-25 12:43:57,12:41:00,0.06,2.49,2.55,100,242.50,248.80,39.00
2026-07-25 12:45:18,12:42:00,0.06,2.91,2.97,100,243.40,248.80,39.00
2026-07-25 12:45:58,12:43:00,2.21,0.93,3.14,100,245.90,248.70,40.00
2026-07-25 12:47:18,12:44:00,4.03,-0.76,3.27,100,247.70,248.80,42.00
2026-07-25 12:47:59,12:45:00,3.72,-0.54,3.18,100,250.90,248.70,45.00
2026-07-25 12:49:19,12:46:00,4.81,-1.56,3.25,100,251.10,248.70,46.00
2026-07-25 12:49:59,12:47:00,2.32,0.58,2.90,100,250.40,248.80,47.00
2026-07-25 12:52:00,12:48:00,4.12,-1.73,2.39,100,250.20,248.70,47.00
2026-07-25 12:53:20,12:50:00,1.89,0.62,2.51,100,255.60,248.70,47.00
2026-07-25 12:55:21,12:51:00,3.12,-0.75,2.37,100,251.50,248.70,46.00
2026-07-25 12:59:22,12:52:01,1.40,0.93,2.33,100,252.10,248.70,45.00
2026-07-25 13:00:02,12:53:01,0.06,2.34,2.40,100,249.60,248.70,43.00
2026-07-25 13:01:23,12:54:01,0.06,1.46,1.52,100,248.10,248.80,41.00
2026-07-25 13:02:03,12:55:01,0.06,1.40,1.46,100,248.50,248.70,40.00
2026-07-25 13:03:23,12:56:01,0.05,1.45,1.50,100,245.90,248.70,39.00
2026-07-25 13:04:03,12:57:01,0.05,1.86,1.91,100,247.70,248.70,39.00
2026-07-25 13:05:24,12:58:01,1.62,0.59,2.21,100,247.00,248.70,39.00
2026-07-25 13:06:04,12:59:01,3.49,-1.15,2.34,100,251.30,248.70,41.00
2026-07-25 13:07:25,13:00:01,5.26,-2.88,2.38,100,252.40,248.70,44.00
2026-07-25 13:08:05,13:01:01,3.40,-0.87,2.53,100,251.30,248.70,46.00
2026-07-25 13:09:25,13:02:01,5.06,-2.70,2.36,100,251.90,248.70,46.00
2026-07-25 13:10:05,13:03:01,3.84,-2.24,1.60,100,253.90,248.70,46.00
2026-07-25 13:11:26,13:05:01,4.44,-2.25,2.19,100,251.70,248.70,48.00
2026-07-25 13:12:06,13:06:02,7.88,-5.65,2.23,100,248.10,248.70,50.00
2026-07-25 13:13:26,13:08:02,7.89,-5.91,1.98,100,245.90,248.70,53.00
2026-07-25 13:14:06,13:10:02,2.01,1.00,3.01,100,250.40,248.70,49.00
2026-07-25 13:15:27,13:11:02,0.84,0.94,1.78,100,251.30,248.70,48.00
2026-07-25 13:16:07,13:12:02,2.39,0.80,3.19,100,250.00,248.70,48.00
2026-07-25 13:17:27,13:13:02,4.16,-0.68,3.48,100,250.20,248.70,47.00
2026-07-25 13:18:07,13:14:02,6.09,-2.44,3.65,100,251.50,248.70,48.00
2026-07-25 13:19:28,13:15:02,0.06,3.30,3.36,100,245.90,248.70,44.00
2026-07-25 13:20:08,13:16:02,0.05,3.17,3.22,100,246.80,248.70,42.00
2026-07-25 13:21:28,13:17:02,0.05,2.88,2.93,100,240.80,248.70,41.00
2026-07-25 13:22:09,13:18:02,0.05,2.51,2.56,100,245.90,248.70,40.00
2026-07-25 13:23:29,13:19:02,0.05,2.41,2.46,100,246.80,248.70,39.00
2026-07-25 13:24:09,13:20:03,0.71,1.49,2.20,100,247.00,248.70,39.00
2026-07-25 13:25:30,13:21:03,2.97,-0.21,2.76,100,250.60,248.70,41.00
2026-07-25 13:26:10,13:22:03,4.73,-1.95,2.78,100,251.70,248.70,43.00
2026-07-25 13:27:30,13:23:03,3.64,-0.91,2.73,100,252.10,248.70,43.00
2026-07-25 13:28:10,13:24:03,3.95,-1.07,2.88,100,252.10,248.70,45.00
2026-07-25 13:29:31,13:25:03,4.54,-1.79,2.75,100,251.30,248.70,45.00
2026-07-25 13:30:11,13:26:03,5.83,-2.77,2.86,100,252.40,248.70,47.00
2026-07-25 13:31:31,13:27:03,2.39,0.16,2.55,100,250.60,248.70,48.00
2026-07-25 13:32:12,13:28:03,2.34,0.59,2.93,100,251.10,248.70,47.00
2026-07-25 13:33:32,13:29:03,5.64,-2.31,3.33,100,251.30,248.50,49.00
2026-07-25 13:34:12,13:30:03,4.26,-1.16,3.10,100,252.10,248.70,49.00
2026-07-25 13:35:32,13:31:03,5.38,-2.27,3.20,100,249.40,248.50,49.00
2026-07-25 13:36:13,13:32:03,5.57,-2.28,3.29,100,250.40,248.50,50.00
2026-07-25 13:37:33,13:33:03,4.96,-1.82,3.14,100,250.90,248.50,50.00
2026-07-25 13:38:13,13:34:03,2.36,1.00,3.36,100,250.40,248.50,49.00
2026-07-25 13:39:34,13:35:04,4.48,-1.27,3.21,100,252.80,248.50,47.00
2026-07-25 13:40:14,13:36:04,2.57,0.52,3.09,100,253.20,248.70,47.00
2026-07-25 13:41:34,13:37:04,0.06,2.78,2.84,100,248.10,248.70,44.00
2026-07-25 13:42:14,13:38:04,0.06,2.80,2.86,100,245.70,248.70,42.00
2026-07-25 13:43:35,13:39:04,0.06,2.85,2.91,100,248.50,248.70,41.00
2026-07-25 13:44:15,13:40:04,0.06,1.56,1.62,100,248.30,248.70,40.00
2026-07-25 13:45:35,13:41:04,0.06,1.54,1.60,100,243.80,248.70,39.00
2026-07-25 13:46:16,13:42:04,0.73,0.87,1.60,100,247.40,248.70,39.00
2026-07-25 13:46:56,13:43:04,2.72,-0.95,1.77,100,250.00,248.70,41.00
2026-07-25 13:48:16,13:44:04,4.57,-2.32,2.25,100,249.20,248.70,43.00
2026-07-25 13:48:56,13:45:04,6.27,-3.52,2.75,100,250.20,248.70,46.00
2026-07-25 13:50:17,13:46:04,5.54,-3.53,2.01,100,251.10,248.70,48.00
2026-07-25 13:50:57,13:47:04,6.82,-4.67,2.15,100,250.90,248.50,50.00
2026-07-25 13:52:17,13:48:04,6.22,-5.35,0.87,100,252.80,248.70,50.00
2026-07-25 13:52:58,13:49:05,5.17,-3.52,1.65,100,253.00,248.50,50.00
2026-07-25 13:54:18,13:50:05,3.32,-1.79,1.53,100,251.50,248.50,48.00
2026-07-25 13:54:58,13:51:05,2.51,-0.99,1.52,100,250.00,248.70,47.00
2026-07-25 13:56:19,13:52:05,2.18,-1.81,1.23,100,251.70,248.70,46.00
2026-07-25 13:56:59,13:53:05,3.40,-1.95,1.45,100,252.10,248.50,46.00
2026-07-25 13:58:19,13:54:05,4.16,-2.78,1.38,100,251.10,248.70,45.00
2026-07-25 13:58:59,13:55:05,5.24,-3.83,1.41,100,251.50,248.50,46.00
2026-07-25 14:00:20,13:56:05,6.55,-5.19,1.36,100,249.60,248.50,47.00
2026-07-25 14:01:00,13:57:05,5.05,-3.75,1.30,100,251.50,248.70,47.00
2026-07-25 14:02:20,13:58:05,4.56,-3.29,1.27,100,251.30,248.70,47.00
2026-07-25 14:03:00,13:59:05,5.10,-3.54,1.56,100,250.00,248.50,46.00
2026-07-25 14:04:21,14:00:05,6.87,-5.05,1.82,100,251.50,248.50,48.00
2026-07-25 14:05:01,14:01:05,7.65,-5.28,2.28,100,250.40,248.70,49.00
2026-07-25 14:06:21,14:02:05,6.12,-3.94,2.18,100,250.90,248.50,49.00
2026-07-25 14:07:02,14:03:06,4.68,-2.33,2.35,100,248.70,248.70,49.00
2026-07-25 14:08:22,14:04:06,4.77,-3.02,1.75,100,251.90,248.50,49.00
2026-07-25 14:09:02,14:05:06,3.41,-1.51,1.90,100,254.70,248.50,48.00
2026-07-25 14:10:23,14:06:06,4.93,-3.23,1.70,100,251.10,248.50,47.00
2026-07-25 14:11:03,14:07:06,4.39,-2.72,1.67,100,251.30,248.50,47.00
2026-07-26 11:45:05,11:41:55,0.03,3.44,3.47,0.0,230.80,0.20,42.00
2026-07-26 11:46:25,11:42:55,0.03,2.78,2.81,0.0,232.50,0.20,42.00
2026-07-26 11:47:05,11:43:56,0.03,2.64,2.67,0.0,232.90,0.20,42.00
2026-07-26 11:48:26,11:44:56,0.03,2.18,2.21,0.0,233.30,0.40,42.00
2026-07-26 11:49:06,11:45:56,0.03,4.79,4.82,0.0,222.40,0.20,42.00
2026-07-26 11:50:26,11:46:56,0.03,4.68,4.71,0.0,221.60,0.20,42.00
2026-07-26 11:51:06,11:47:56,0.03,4.64,4.67,0.0,223.90,0.20,42.00
2026-07-26 11:52:27,11:48:56,0.03,5.26,5.29,0.0,220.10,0.20,42.00
2026-07-26 11:53:07,11:49:56,0.03,5.61,5.64,0.0,225.00,0.20,42.00
2026-07-26 11:54:27,11:50:56,0.03,4.62,4.65,0.0,226.00,0.20,42.00
2026-07-26 11:55:07,11:51:56,0.03,4.29,4.32,0.0,225.00,0.20,42.00
2026-07-26 11:56:28,11:52:56,0.03,3.89,3.92,0.0,225.00,0.20,42.00
2026-07-26 11:57:08,11:53:56,0.03,3.58,3.61,0.0,226.90,0.20,42.00
2026-07-26 11:58:28,11:54:56,0.03,3.75,3.78,0.0,225.20,0.20,42.00
2026-07-26 11:59:09,11:55:56,0.03,3.87,3.90,0.0,222.20,0.20,42.00
2026-07-26 12:00:29,11:56:56,0.00,3.24,3.24,0.0,223.30,0.10,42.00
2026-07-26 12:01:09,11:57:57,0.03,3.21,3.24,0.0,225.60,0.20,42.00
2026-07-26 12:02:30,11:58:57,0.02,3.44,3.46,0.0,229.30,0.20,42.00
2026-07-26 12:03:10,11:59:57,0.03,3.71,3.74,0.0,222.60,0.20,42.00
2026-07-26 12:04:30,12:00:57,0.03,4.06,4.09,0.0,221.60,0.20,42.00
2026-07-26 12:05:10,12:01:57,0.03,3.30,3.33,0.0,226.70,0.20,42.00
2026-07-26 12:06:31,12:02:57,0.03,4.28,4.31,0.0,226.90,0.20,42.00
2026-07-26 12:07:11,12:03:57,0.03,2.87,2.90,0.0,230.50,0.20,42.00
2026-07-26 12:08:31,12:04:57,0.03,2.76,2.79,0.0,231.00,0.20,42.00
2026-07-26 12:09:11,12:05:57,0.03,2.59,2.62,0.0,229.90,0.20,42.00
2026-07-26 12:10:32,12:06:57,0.03,2.30,2.33,0.0,230.80,0.10,42.00
2026-07-26 12:11:12,12:07:57,0.03,2.14,2.17,0.0,229.30,0.40,42.00
2026-07-26 12:12:32,12:08:57,0.03,2.70,2.73,0.0,228.40,0.20,42.00
2026-07-26 12:13:13,12:09:57,0.03,2.24,2.27,0.0,232.70,0.20,42.00
2026-07-26 12:14:33,12:10:57,0.06,1.50,1.56,0.0,232.70,0.20,42.00
2026-07-26 12:15:13,12:11:58,0.06,0.88,0.94,0.0,231.80,0.20,42.00
2026-07-26 12:16:34,12:12:58,0.06,1.25,1.31,0.0,233.30,0.20,42.00
2026-07-26 12:17:14,12:13:58,0.06,1.24,1.30,0.0,235.90,0.20,42.00
2026-07-26 12:18:34,12:14:58,0.07,1.41,1.48,0.0,231.80,0.20,42.00
2026-07-26 12:19:15,12:15:58,0.07,1.39,1.46,0.0,232.30,0.20,42.00
2026-07-26 12:20:35,12:16:58,0.07,1.39,1.46,0.0,232.70,0.20,42.00
2026-07-26 12:21:15,12:17:58,0.08,1.40,1.48,0.0,231.80,0.20,42.00
2026-07-26 12:22:36,12:18:58,0.09,1.38,1.47,0.0,231.40,0.20,42.00
2026-07-26 12:23:16,12:19:58,0.08,0.99,1.07,0.0,230.10,0.20,42.00
2026-07-26 12:24:36,12:20:58,0.09,1.22,1.31,0.0,230.30,0.20,42.00
2026-07-26 12:25:17,12:21:58,0.09,1.17,1.26,0.0,231.20,0.20,42.00
2026-07-26 12:26:37,12:22:58,0.09,0.85,0.94,0.0,231.20,0.20,42.00
2026-07-26 12:27:17,12:23:58,0.09,0.86,0.95,0.0,231.60,0.20,42.00
2026-07-26 12:28:38,12:24:58,0.09,0.76,0.85,0.0,229.70,0.20,42.00
2026-07-26 12:29:18,12:25:59,0.09,0.74,0.83,0.0,235.50,0.20,42.00
2026-07-26 12:30:38,12:26:59,0.07,0.69,0.76,0.0,231.40,0.20,42.00
2026-07-26 12:31:18,12:27:59,0.07,0.69,0.76,0.0,231.80,0.20,42.00
2026-07-26 12:32:39,12:28:59,0.07,0.74,0.81,0.0,231.20,0.20,42.00
2026-07-26 12:33:19,12:29:59,0.07,0.76,0.83,0.0,231.60,0.20,42.00
2026-07-26 12:33:59,12:30:59,0.07,1.01,1.08,0.0,226.30,0.20,42.00
2026-07-26 12:35:20,12:31:59,0.09,1.11,1.20,0.0,226.50,0.20,42.00
2026-07-26 12:36:00,12:32:59,0.09,1.09,1.18,0.0,226.00,0.20,42.00
2026-07-26 12:37:20,12:33:59,0.10,1.06,1.16,0.0,225.60,0.20,42.00
2026-07-26 12:38:00,12:34:59,0.11,1.31,1.42,0.0,228.00,0.20,42.00
2026-07-26 12:39:21,12:35:59,0.11,3.54,3.65,0.0,233.10,0.20,42.00
2026-07-26 12:40:01,12:36:59,0.11,3.27,3.38,0.0,229.30,0.20,42.00
2026-07-26 12:41:21,12:37:59,0.11,3.24,3.35,0.0,230.50,0.20,42.00
2026-07-26 12:42:01,12:38:59,0.11,3.26,3.37,0.0,228.60,0.20,42.00
2026-07-26 12:43:22,12:40:00,0.11,3.23,3.34,0.0,230.80,0.20,42.00
2026-07-26 12:44:02,12:41:00,0.11,3.21,3.32,0.0,229.70,0.20,42.00
2026-07-26 12:45:22,12:42:00,0.11,3.14,3.25,0.0,229.50,0.20,42.00
2026-07-26 12:46:03,12:43:00,0.14,3.11,3.25,0.0,230.80,0.20,42.00
2026-07-26 12:47:23,12:44:00,0.14,3.08,3.22,0.0,234.60,0.20,42.00
2026-07-26 12:48:03,12:45:00,0.17,3.02,3.19,0.0,235.50,0.20,42.00
2026-07-26 12:49:24,12:46:00,0.17,2.64,2.81,0.0,232.50,0.20,42.00
2026-07-26 12:50:04,12:47:00,0.22,0.79,1.01,0.0,230.50,0.20,42.00
2026-07-26 12:51:24,12:48:00,0.18,0.90,1.08,0.0,232.00,0.20,42.00
2026-07-26 12:52:04,12:49:00,0.17,0.65,0.82,0.0,231.80,0.20,42.00
2026-07-26 12:53:25,12:50:00,0.14,2.36,2.50,0.0,225.80,0.20,42.00
2026-07-26 12:54:05,12:51:00,0.11,2.36,2.47,0.0,226.30,0.20,42.00
2026-07-26 12:56:06,12:52:00,0.12,2.30,2.42,0.0,225.00,0.20,42.00
2026-07-26 13:03:28,12:53:00,0.11,2.34,2.45,0.0,224.60,0.20,42.00
2026-07-26 13:04:08,12:54:01,0.11,2.31,2.42,0.0,224.60,0.20,42.00
2026-07-26 13:05:28,12:55:01,0.10,2.31,2.41,0.0,223.30,0.20,42.00
2026-07-26 13:06:09,12:56:01,0.10,2.33,2.42,0.0,224.80,0.20,42.00
2026-07-26 13:07:29,12:57:01,0.10,2.32,2.42,0.0,223.30,0.20,42.00
2026-07-26 13:08:09,12:58:01,0.11,2.65,2.76,0.0,223.90,0.20,42.00
2026-07-26 13:09:29,12:59:01,0.11,4.40,4.51,0.0,225.20,0.20,42.00
2026-07-26 13:10:10,13:00:01,0.10,4.45,4.55,0.0,222.40,0.20,42.00
2026-07-26 13:11:30,13:01:01,0.09,4.52,4.61,0.0,225.00,0.20,42.00
2026-07-26 13:12:10,13:04:01,0.08,4.90,4.98,0.0,226.70,0.20,42.00
2026-07-26 13:13:31,13:07:01,0.07,4.80,4.87,0.0,228.40,0.20,42.00
2026-07-26 13:14:11,13:10:02,0.04,1.21,1.25,0.0,234.80,0.20,42.00
2026-07-26 13:15:31,13:11:02,0.04,1.21,1.25,0.0,234.00,0.20,42.00
2026-07-26 13:16:12,13:12:02,0.11,1.28,1.39,0.0,233.10,0.20,42.00
2026-07-26 13:17:32,13:13:02,0.12,1.51,1.63,0.0,233.10,0.20,42.00
2026-07-26 13:18:12,13:14:02,0.12,1.21,1.33,0.0,233.10,0.20,42.00
2026-07-26 13:19:33,13:15:02,0.15,0.88,1.03,0.0,234.20,0.20,42.00
2026-07-26 13:20:13,13:16:02,0.15,0.84,0.99,0.0,235.90,0.20,42.00
2026-07-26 13:21:33,13:17:02,0.18,0.93,1.11,0.0,234.00,0.20,42.00
2026-07-26 13:22:13,13:18:02,0.19,0.86,1.05,0.0,232.90,0.20,42.00
2026-07-26 13:23:34,13:19:02,0.23,0.86,1.09,0.0,233.10,0.20,42.00
2026-07-26 13:24:14,13:20:02,0.14,0.82,0.96,0.0,235.00,0.20,42.00
2026-07-26 13:25:34,13:21:02,0.15,0.84,0.99,0.0,233.70,0.20,42.00
2026-07-26 13:26:14,13:22:02,0.18,0.79,0.97,0.0,232.00,0.20,42.00
2026-07-26 13:27:35,13:23:03,0.19,1.00,1.19,0.0,232.30,0.20,42.00
2026-07-26 13:28:15,13:24:03,0.17,1.25,1.42,0.0,232.70,0.20,42.00
2026-07-26 13:29:35,13:25:03,0.18,1.21,1.39,0.0,233.10,0.20,42.00
2026-07-26 13:30:16,13:26:03,0.19,1.27,1.46,0.0,232.70,0.20,42.00
2026-07-26 13:31:36,13:27:03,0.18,1.30,1.48,0.0,232.50,0.20,42.00
2026-07-26 13:32:16,13:28:03,0.15,1.32,1.47,0.0,233.30,0.20,42.00
2026-07-26 13:33:36,13:29:03,0.19,1.03,1.22,0.0,234.40,0.20,42.00
2026-07-26 13:34:17,13:30:03,0.18,0.98,1.16,0.0,234.00,0.20,42.00
2026-07-26 13:35:37,13:31:03,0.14,2.29,2.43,0.0,235.20,0.20,42.00
2026-07-26 13:36:17,13:32:03,0.16,3.03,3.19,0.0,223.90,0.20,42.00
2026-07-26 13:37:38,13:33:03,0.17,2.20,2.37,0.0,226.50,0.20,42.00
2026-07-26 13:38:19,13:34:03,0.19,2.71,2.90,0.0,225.00,0.20,42.00
2026-07-26 13:38:59,13:35:03,0.30,2.60,2.90,0.0,230.30,0.20,42.00
2026-07-26 13:40:19,13:36:03,0.38,4.01,4.39,0.0,232.50,0.20,42.00
2026-07-26 13:40:59,13:37:04,0.48,2.64,3.12,0.0,234.20,0.20,42.00
2026-07-26 13:42:20,13:38:04,0.57,2.56,3.13,0.0,232.30,0.20,42.00
2026-07-26 13:43:00,13:39:04,0.66,2.48,3.14,0.0,232.90,0.20,42.00
2026-07-26 13:44:21,13:40:04,0.62,2.41,3.03,0.0,230.50,0.20,42.00
2026-07-26 13:45:01,13:41:04,0.79,1.56,2.35,0.0,229.90,0.20,42.00
2026-07-26 13:46:21,13:42:04,0.78,1.18,1.96,0.0,229.90,0.20,42.00
2026-07-26 13:47:02,13:43:04,0.79,1.28,2.07,0.0,228.40,0.20,43.00
2026-07-26 13:48:22,13:44:04,0.77,1.23,2.00,0.0,228.80,0.20,43.00
2026-07-26 13:49:02,13:45:04,1.30,0.93,2.23,0.0,227.30,0.20,43.00
2026-07-26 13:50:23,13:46:04,1.43,0.81,2.24,0.0,230.50,0.20,43.00
2026-07-26 13:51:03,13:47:04,1.48,0.95,2.43,0.0,229.90,0.20,43.00
2026-07-26 13:52:23,13:48:04,1.49,0.95,2.44,0.0,230.10,0.20,43.00
2026-07-26 13:53:03,13:49:04,1.48,1.11,2.59,0.0,229.30,0.20,43.00
2026-07-26 13:54:24,13:50:04,1.47,1.16,2.63,0.0,228.00,0.20,44.00
2026-07-26 13:55:04,13:51:05,1.37,1.20,2.57,0.0,229.00,0.20,44.00
2026-07-26 13:56:25,13:52:05,1.31,1.35,2.66,0.0,228.80,0.20,44.00
2026-07-26 13:57:05,13:53:05,1.23,1.25,2.48,0.0,228.40,0.20,44.00
2026-07-26 13:58:25,13:54:05,1.15,1.44,2.59,0.0,227.30,0.20,44.00
2026-07-26 13:59:05,13:55:05,1.06,1.37,2.43,0.0,229.90,0.20,44.00
2026-07-26 14:00:26,13:56:05,0.93,1.53,2.46,0.0,227.30,0.20,44.00
2026-07-26 14:01:06,13:57:05,0.81,2.42,3.23,0.0,226.90,0.20,44.00
2026-07-26 14:02:26,13:58:05,0.65,2.47,3.12,0.0,226.70,0.20,44.00
2026-07-26 14:03:06,13:59:05,0.54,2.53,3.07,0.0,225.60,0.20,44.00
2026-07-26 14:04:27,14:00:05,0.44,2.49,2.93,0.0,226.70,0.20,44.00
2026-07-26 14:05:07,14:01:05,0.43,2.70,3.13,0.0,225.20,0.20,44.00
2026-07-26 14:06:27,14:02:05,0.46,2.54,3.00,0.0,226.90,0.20,44.00
2026-07-26 14:07:07,14:03:05,0.45,2.46,2.91,0.0,228.20,0.20,44.00
2026-07-26 14:08:28,14:04:05,0.62,2.41,3.03,0.0,228.60,0.20,44.00
2026-07-26 14:10:28,14:06:06,1.05,1.73,2.78,0.0,228.40,0.20,44.00
2026-07-26 14:11:08,14:07:06,1.34,1.50,2.84,0.0,231.80,0.20,44.00
2026-07-27 11:45:04,11:41:56,6.58,0.09,2.62,71.,249.60,253.30,44.00
2026-07-27 11:46:25,11:42:56,6.71,0.30,2.94,72.,248.70,253.20,44.00
2026-07-27 11:47:05,11:43:56,6.75,0.02,3.16,72.,246.20,252.70,44.00
2026-07-27 11:48:25,11:44:56,6.70,0.11,4.60,73.,246.20,251.60,45.00
2026-07-27 11:49:05,11:45:56,6.68,0.00,4.42,73.,249.40,251.40,46.00
2026-07-27 11:50:26,11:46:56,6.73,0.02,2.96,75.,250.00,252.90,46.00
2026-07-27 11:51:06,11:47:56,6.75,-0.14,2.54,76.,250.40,253.20,46.00
2026-07-27 11:52:26,11:48:56,6.76,0.05,2.51,77.,250.20,253.50,45.00
2026-07-27 11:53:06,11:49:56,6.85,0.08,2.48,77.,252.40,253.50,45.00
2026-07-27 11:54:27,11:50:56,6.80,0.04,2.33,78.,247.70,253.60,45.00
2026-07-27 11:55:07,11:51:56,6.80,0.07,2.44,78.,252.40,253.60,45.00
2026-07-27 11:56:27,11:52:56,6.75,0.35,3.13,79.,250.00,253.30,45.00
2026-07-27 11:57:07,11:53:56,6.83,0.06,2.87,79.,252.10,253.30,45.00
2026-07-27 11:58:28,11:54:56,6.76,0.07,2.91,80.,247.90,253.30,45.00
2026-07-27 11:59:08,11:55:57,6.82,0.07,2.79,81.,247.00,253.30,45.00
2026-07-27 12:00:29,11:56:57,6.73,0.06,2.64,81.,247.40,253.50,45.00
2026-07-27 12:01:09,11:57:57,6.86,0.26,3.02,82.,245.10,253.50,45.00
2026-07-27 12:02:29,11:58:57,6.91,0.03,3.55,82.,247.00,252.90,45.00
2026-07-27 12:03:09,11:59:57,6.89,-0.02,3.46,85.,248.30,252.90,45.00
2026-07-27 12:04:30,12:00:57,6.82,0.05,3.43,86.,248.70,253.00,45.00
2026-07-27 12:05:10,12:01:57,6.90,0.05,3.33,88.,247.20,253.20,45.00
2026-07-27 12:06:30,12:02:57,6.90,0.07,2.90,89.,250.00,253.70,45.00
2026-07-27 12:07:10,12:03:57,6.96,-0.19,2.48,89.,248.50,254.00,45.00
2026-07-27 12:08:31,12:04:57,6.95,-1.65,2.42,92.,250.40,252.90,46.00
2026-07-27 12:09:11,12:05:57,6.28,-0.80,2.60,95.,253.00,252.90,46.00
2026-07-27 12:10:31,12:06:57,5.77,-0.38,2.51,95.,252.40,253.00,46.00
2026-07-27 12:11:11,12:07:57,4.87,0.73,2.72,95.,250.90,253.20,46.00
2026-07-27 12:12:32,12:08:57,4.81,0.62,2.55,95.,251.70,253.30,45.00
2026-07-27 12:13:12,12:09:58,4.85,0.75,2.72,95.,250.20,253.50,45.00
2026-07-27 12:14:32,12:10:58,4.50,1.06,2.67,95.,251.90,253.60,44.00
2026-07-27 12:15:12,12:11:58,5.27,0.24,2.62,96.,251.30,253.60,45.00
2026-07-27 12:16:33,12:12:58,6.96,-1.21,3.07,96.,251.30,253.50,45.00
2026-07-27 12:17:13,12:13:58,7.00,-0.95,3.18,97.,249.40,254.20,46.00
2026-07-27 12:18:33,12:14:58,7.08,-1.28,2.93,97.,250.90,254.60,46.00
2026-07-27 12:19:13,12:15:58,7.06,-1.25,2.93,98.,253.20,255.00,46.00
2026-07-27 12:20:34,12:16:58,7.03,-1.24,2.90,98.,251.90,255.80,46.00
2026-07-27 12:21:14,12:17:58,2.40,0.12,2.50,100,251.50,252.30,47.00
2026-07-27 12:22:34,12:18:58,2.41,-0.03,2.36,100,250.90,251.00,46.00
2026-07-27 12:23:14,12:19:58,2.76,-0.17,2.57,100,251.50,250.30,46.00
2026-07-27 12:24:35,12:20:58,7.07,-4.67,2.38,100,248.90,250.10,47.00
2026-07-27 12:25:15,12:21:58,5.63,-2.83,2.78,100,250.40,249.80,50.00
2026-07-27 12:26:35,12:22:58,5.33,-2.57,2.74,100,250.90,249.60,50.00
2026-07-27 12:27:16,12:23:59,6.48,-3.68,2.78,100,249.60,249.60,50.00
2026-07-27 12:28:36,12:24:59,6.35,-3.61,2.74,100,251.90,249.40,51.00
2026-07-27 12:29:16,12:25:59,5.73,-2.90,2.83,100,250.20,249.30,51.00
2026-07-27 12:30:37,12:26:59,5.72,-2.63,3.09,100,250.60,249.30,51.00
2026-07-27 12:31:17,12:27:59,6.95,-3.67,3.28,100,252.40,249.10,51.00
2026-07-27 12:32:37,12:28:59,7.25,-3.72,3.53,100,251.90,249.10,53.00
2026-07-27 12:33:17,12:29:59,7.29,-3.72,3.57,100,253.00,249.10,53.00
2026-07-27 12:34:38,12:30:59,7.14,-3.74,3.40,100,250.60,249.30,54.00
2026-07-27 12:35:18,12:31:59,7.27,-4.33,2.94,100,251.10,249.00,54.00
2026-07-27 12:36:38,12:32:59,7.43,-4.36,3.07,100,249.60,249.00,55.00
2026-07-27 12:37:18,12:33:59,5.49,-2.69,2.80,100,251.30,249.00,54.00
2026-07-27 12:43:20,12:40:00,5.10,-2.92,2.18,100,251.70,248.80,54.00
2026-07-27 12:44:41,12:41:00,5.38,-2.99,2.39,100,252.10,248.80,53.00
2026-07-27 12:45:21,12:42:00,3.60,-1.18,2.42,100,252.10,248.80,51.00
2026-07-27 12:46:41,12:43:00,3.20,-0.84,2.36,100,251.50,248.80,50.00
2026-07-27 12:47:21,12:44:00,5.74,-2.86,2.88,100,252.60,248.80,50.00
2026-07-27 12:48:42,12:45:00,4.34,-1.58,2.76,100,251.10,249.00,50.00
2026-07-27 12:49:22,12:46:00,4.00,-1.23,2.77,100,252.40,248.80,50.00
2026-07-27 12:50:42,12:47:00,3.65,-1.04,2.61,100,251.90,248.80,49.00
2026-07-27 12:51:22,12:48:00,3.36,-0.53,2.83,100,249.40,248.80,49.00
2026-07-27 12:52:43,12:49:00,2.58,0.41,2.99,100,252.60,248.80,47.00
2026-07-27 12:53:23,12:50:00,2.48,0.33,2.81,100,256.20,248.80,47.00
2026-07-27 12:54:04,12:51:00,2.22,0.82,3.04,100,250.90,248.80,46.00
2026-07-27 12:56:05,12:52:01,2.29,0.58,2.87,100,250.60,248.80,46.00
2026-07-27 12:57:25,12:53:01,2.60,0.40,3.00,100,251.30,248.80,45.00
2026-07-27 12:58:05,12:54:01,2.77,0.32,3.09,100,251.50,248.80,45.00
2026-07-27 12:59:26,12:55:01,2.77,0.37,3.14,100,250.90,248.80,45.00
2026-07-27 13:00:06,12:56:01,2.19,0.85,3.04,100,250.20,248.80,45.00
2026-07-27 13:01:26,12:57:01,2.46,0.50,2.96,100,251.70,248.80,45.00
2026-07-27 13:02:06,12:58:01,2.13,0.80,2.93,100,250.40,248.80,44.00
2026-07-27 13:03:27,12:59:01,7.32,-3.79,3.53,100,249.20,248.70,47.00
2026-07-27 13:04:07,13:00:01,7.35,-4.18,3.29,100,247.90,248.70,49.00
2026-07-27 13:05:27,13:01:01,7.44,-4.31,3.13,100,249.40,248.70,50.00
2026-07-27 13:06:08,13:02:01,7.43,-4.27,3.16,100,249.20,248.70,51.00
2026-07-27 13:07:28,13:03:01,7.38,-4.31,3.07,100,250.20,248.70,51.00
2026-07-27 13:08:08,13:04:01,7.38,-4.75,2.63,100,250.90,248.70,52.00
2026-07-27 13:09:28,13:05:01,6.85,-4.37,2.48,100,250.20,248.80,52.00
2026-07-27 13:10:09,13:06:02,2.51,0.00,2.51,100,253.20,248.80,49.00
2026-07-27 13:11:29,13:07:02,2.83,-0.50,2.53,100,250.00,248.70,48.00
2026-07-27 13:12:09,13:08:02,6.01,-3.48,2.53,100,251.10,248.70,49.00
2026-07-27 13:13:30,13:09:02,0.05,2.04,2.09,100,244.90,248.80,45.00
2026-07-27 13:14:10,13:10:02,0.05,2.01,2.06,100,248.10,248.80,43.00
2026-07-27 13:15:30,13:11:02,0.05,2.01,2.06,100,251.30,248.80,42.00
2026-07-27 13:16:10,13:12:02,0.05,2.01,2.06,100,247.20,248.80,41.00
2026-07-27 13:17:31,13:13:02,0.05,2.02,2.07,100,244.70,248.80,40.00
2026-07-27 13:18:11,13:14:02,2.12,0.64,2.76,100,250.40,248.80,40.00
2026-07-27 13:19:31,13:15:02,3.91,-1.03,2.88,100,247.40,248.80,42.00
2026-07-27 13:20:11,13:16:02,5.31,-2.00,3.31,100,251.90,248.80,44.00
2026-07-27 13:21:32,13:17:02,5.22,-1.97,3.21,100,254.50,248.80,45.00
2026-07-27 13:22:12,13:18:02,4.96,-1.70,3.26,100,252.40,248.80,45.00
2026-07-27 13:23:32,13:19:02,3.08,-0.19,2.89,100,250.90,248.80,45.00
2026-07-27 13:24:13,13:20:03,3.27,-0.64,2.63,100,250.40,248.80,45.00
2026-07-27 13:25:33,13:21:03,3.37,-0.58,2.79,100,253.00,248.70,45.00
2026-07-27 13:26:13,13:22:03,4.02,-1.25,2.77,100,250.20,248.80,45.00
2026-07-27 13:27:34,13:23:03,3.63,-0.72,2.91,100,252.10,248.80,45.00
2026-07-27 13:28:14,13:24:03,3.23,-0.41,2.82,100,252.60,248.80,45.00
2026-07-27 13:29:34,13:25:03,3.28,-0.40,2.88,100,251.30,248.80,45.00
2026-07-27 13:30:14,13:26:03,3.23,-0.23,3.00,100,251.30,248.80,45.00
2026-07-27 13:31:35,13:27:03,3.64,-1.25,2.39,100,252.80,248.80,45.00
2026-07-27 13:32:15,13:28:03,3.48,-0.95,2.53,100,251.10,248.80,45.00
2026-07-27 13:33:36,13:29:03,7.31,-4.87,2.44,100,248.90,248.70,48.00
2026-07-27 13:34:16,13:30:03,7.42,-4.53,2.89,100,245.70,248.70,49.00
2026-07-27 13:35:36,13:31:03,6.40,-3.41,2.97,100,249.80,248.70,50.00
2026-07-27 13:36:16,13:32:03,6.68,-3.81,2.87,100,250.00,248.70,50.00
2026-07-27 13:37:37,13:33:03,6.18,-3.07,3.11,100,252.60,248.70,50.00
2026-07-27 13:38:17,13:34:03,5.40,-2.79,2.61,100,252.60,248.70,51.00
2026-07-27 13:39:38,13:35:04,3.98,0.15,4.13,100,251.70,248.70,49.00
2026-07-27 13:40:18,13:36:04,3.28,0.64,3.92,100,250.00,248.70,48.00
2026-07-27 13:41:38,13:37:04,3.84,0.27,4.11,100,247.90,248.70,48.00
2026-07-27 13:42:18,13:38:04,3.69,0.35,4.04,100,251.70,248.70,48.00
2026-07-27 13:43:39,13:39:04,3.24,0.85,4.09,100,250.00,248.70,48.00
2026-07-27 13:44:19,13:40:04,3.49,0.55,4.04,100,248.50,248.70,47.00
2026-07-27 13:45:39,13:41:04,7.14,-3.06,4.08,100,248.90,248.70,47.00
2026-07-27 13:46:20,13:42:04,7.24,-3.29,3.95,100,249.80,248.70,50.00
2026-07-27 13:47:40,13:43:04,3.50,0.51,4.01,100,250.00,248.80,51.00
2026-07-27 13:48:20,13:44:04,5.40,-2.45,2.95,100,252.40,248.70,50.00
2026-07-27 13:49:41,13:45:04,7.36,-3.79,3.57,100,248.50,248.70,51.00
2026-07-27 13:50:21,13:46:04,7.26,-3.79,3.47,100,249.60,248.70,52.00
2026-07-27 13:51:41,13:47:04,6.70,-1.89,4.81,100,250.40,248.80,53.00
2026-07-27 13:52:21,13:48:04,0.05,4.77,4.82,100,243.40,248.70,49.00
2026-07-27 13:53:42,13:49:05,0.05,2.45,2.50,100,242.50,248.70,45.00
2026-07-27 13:54:22,13:50:05,0.05,2.36,2.41,100,242.10,248.70,44.00
2026-07-27 13:55:42,13:51:05,0.05,2.37,2.42,100,242.50,248.70,42.00
2026-07-27 13:56:22,13:52:05,0.05,2.13,2.18,100,244.40,248.70,41.00
2026-07-27 13:57:03,13:53:05,0.89,1.41,2.30,100,245.10,248.70,41.00
2026-07-27 13:58:23,13:54:05,2.83,1.01,3.84,100,246.60,248.70,41.00
2026-07-27 13:59:03,13:55:05,4.65,-2.66,1.99,100,246.80,248.70,43.00
2026-07-27 14:00:24,13:56:05,6.48,-4.37,2.11,100,246.60,248.70,46.00
2026-07-27 14:01:04,13:57:05,7.26,-5.14,2.12,100,249.20,248.70,48.00
2026-07-27 14:02:24,13:58:05,7.34,-3.59,3.75,100,251.30,248.70,49.00
2026-07-27 14:03:04,13:59:05,7.24,-3.11,4.13,100,249.20,248.70,50.00
2026-07-27 14:04:25,14:00:05,7.36,-3.09,4.27,100,248.70,248.70,51.00
2026-07-27 14:05:05,14:01:05,7.34,-2.99,4.35,100,248.30,248.70,52.00
2026-07-27 14:06:25,14:02:05,7.39,-3.17,4.22,100,248.50,248.70,52.00
2026-07-27 14:07:05,14:03:06,7.38,-3.05,4.33,100,246.80,248.70,53.00
2026-07-27 14:08:26,14:04:06,7.37,-3.06,4.31,100,248.70,248.70,53.00
2026-07-27 14:09:06,14:05:06,7.35,-3.12,4.19,100,247.90,248.70,54.00
2026-07-27 14:10:26,14:06:06,7.36,-3.30,4.06,100,248.70,248.70,54.00
2026-07-27 14:11:06,14:07:06,7.36,-3.56,3.80,100,250.40,248.70,54.00
2026-07-28 11:45:05,11:40:56,6.91,0.72,6.34,57.,240.40,249.70,47.00
2026-07-28 11:45:46,11:41:56,6.99,-0.20,6.32,57.,242.30,248.50,49.00
2026-07-28 11:46:26,11:42:56,7.00,-0.14,4.49,57.,245.30,249.80,49.00
2026-07-28 11:47:06,11:43:56,6.80,-0.03,4.60,59.,245.90,250.00,49.00
2026-07-28 11:48:26,11:44:57,7.01,-0.07,4.55,59.,238.50,250.30,49.00
2026-07-28 11:49:06,11:45:57,7.04,-0.08,4.61,59.,244.90,250.30,49.00
2026-07-28 11:50:27,11:46:57,7.00,-0.05,3.36,60.,249.40,251.30,49.00
2026-07-28 11:51:07,11:47:57,6.99,0.00,3.32,60.,247.90,251.70,48.00
2026-07-28 11:52:27,11:48:57,7.01,0.05,3.01,61.,251.70,252.20,48.00
2026-07-28 11:53:08,11:49:57,7.07,0.29,4.57,61.,251.30,251.40,48.00
2026-07-28 11:54:28,11:50:57,7.02,0.56,4.95,62.,250.40,252.20,48.00
2026-07-28 11:55:08,11:51:57,7.04,0.05,3.23,62.,251.10,252.30,48.00
2026-07-28 11:56:28,11:52:57,7.01,0.02,2.94,63.,249.20,252.70,47.00
2026-07-28 11:57:09,11:53:57,7.10,0.06,2.89,63.,250.90,252.90,47.00
2026-07-28 11:58:29,11:54:57,7.14,0.05,2.89,64.,249.80,253.00,47.00
2026-07-28 11:59:09,11:55:57,7.02,0.09,3.58,64.,251.70,252.60,47.00
2026-07-28 12:00:30,11:56:57,7.05,0.21,3.83,65.,250.40,252.40,47.00
2026-07-28 12:01:10,11:57:57,7.09,0.00,3.84,65.,246.20,252.30,47.00
2026-07-28 12:02:30,11:58:58,7.23,0.74,4.59,67.,246.40,252.30,47.00
2026-07-28 12:03:10,11:59:58,7.21,0.02,3.80,67.,247.70,252.40,47.00
2026-07-28 12:04:31,12:00:58,7.23,0.05,4.03,67.,245.30,252.40,47.00
2026-07-28 12:05:11,12:01:58,7.15,0.05,3.80,68.,248.70,252.40,47.00
2026-07-28 12:06:31,12:02:58,7.29,-0.26,3.50,68.,251.10,252.60,47.00
2026-07-28 12:07:11,12:03:58,7.21,0.01,3.28,69.,248.50,252.90,47.00
2026-07-28 12:08:32,12:04:58,7.18,0.06,3.48,70.,250.60,252.90,47.00
2026-07-28 12:09:12,12:05:58,7.15,0.07,3.51,70.,251.10,252.90,47.00
2026-07-28 12:10:32,12:06:58,7.20,0.06,2.99,71.,250.40,253.20,47.00
2026-07-28 12:11:13,12:07:58,7.28,0.05,3.16,71.,248.10,253.20,47.00
2026-07-28 12:12:33,12:08:58,7.27,0.07,3.09,72.,248.70,253.00,47.00
2026-07-28 12:13:13,12:09:58,7.29,0.38,3.55,72.,247.70,253.20,46.00
2026-07-28 12:14:34,12:10:58,7.17,-0.08,2.79,73.,248.90,253.20,46.00
2026-07-28 12:15:14,12:11:58,7.26,0.04,3.02,75.,251.10,253.30,46.00
2026-07-28 12:16:34,12:12:59,7.30,0.16,3.67,75.,251.10,253.00,46.00
2026-07-28 12:17:15,12:13:59,7.11,0.01,4.10,76.,243.80,252.30,46.00
2026-07-28 12:18:35,12:14:59,7.32,0.00,4.30,76.,244.90,252.30,46.00
2026-07-28 12:19:15,12:15:59,7.16,-0.02,3.81,76.,246.60,252.40,47.00
2026-07-28 12:20:35,12:16:59,7.33,2.68,7.29,77.,237.40,252.00,47.00
2026-07-28 12:21:16,12:17:59,7.22,-0.22,7.37,77.,238.70,249.00,51.00
2026-07-28 12:22:36,12:18:59,7.25,-0.25,7.67,77.,239.50,248.70,52.00
2026-07-28 12:23:16,12:19:59,7.26,-0.40,6.37,77.,244.20,249.30,53.00
2026-07-28 12:24:37,12:20:59,6.94,4.65,4.93,77.,245.70,254.50,49.00
2026-07-28 12:25:17,12:21:59,6.93,5.15,5.39,79.,242.50,255.60,46.00
2026-07-28 12:26:38,12:22:59,6.92,5.09,5.32,80.,242.50,255.60,44.00
2026-07-28 12:27:18,12:23:59,6.93,5.51,5.75,81.,242.90,255.60,43.00
2026-07-28 12:28:38,12:24:59,6.96,5.40,5.67,81.,242.50,255.60,42.00
2026-07-28 12:29:19,12:25:59,6.97,5.09,5.37,82.,242.70,255.60,41.00
2026-07-28 12:30:39,12:27:00,7.36,3.21,5.80,84.,246.40,254.20,42.00
2026-07-28 12:31:19,12:28:00,7.36,0.62,4.78,85.,250.90,252.70,44.00
2026-07-28 12:32:40,12:29:00,7.35,0.50,4.38,86.,250.90,252.60,45.00
2026-07-28 12:33:20,12:30:00,7.48,0.66,4.79,87.,249.80,252.30,46.00
2026-07-28 12:34:40,12:31:00,7.46,0.12,4.63,87.,254.30,252.30,46.00
2026-07-28 12:35:20,12:32:00,7.48,0.63,4.62,89.,252.80,253.20,47.00
2026-07-28 12:36:41,12:33:00,7.49,0.01,4.96,92.,251.50,252.30,47.00
2026-07-28 12:37:21,12:34:00,7.50,0.43,5.03,92.,250.60,252.40,48.00
2026-07-28 12:38:41,12:35:00,7.48,0.03,4.71,92.,250.90,252.60,48.00
2026-07-28 12:39:22,12:36:00,7.51,-0.25,4.41,92.,247.40,253.00,48.00
2026-07-28 12:40:42,12:37:00,7.45,-0.21,4.38,93.,248.90,253.20,48.00
2026-07-28 12:41:22,12:38:00,7.52,-0.30,4.36,94.,251.10,253.50,48.00
2026-07-28 12:42:43,12:39:00,7.26,0.00,4.37,95.,247.70,253.60,49.00
2026-07-28 12:43:23,12:40:00,7.52,-0.34,4.32,96.,250.60,253.90,49.00
2026-07-28 12:45:23,12:41:01,7.43,-1.09,3.47,97.,248.70,254.30,49.00
2026-07-28 12:46:44,12:42:01,7.40,-1.27,3.30,97.,248.70,254.80,49.00
2026-07-28 12:47:24,12:43:01,7.49,-1.25,3.36,98.,247.20,255.30,49.00
2026-07-28 12:48:44,12:44:01,7.34,-1.10,3.35,100,251.30,254.60,49.00
2026-07-28 12:49:25,12:45:01,7.50,-2.56,4.92,100,247.00,251.60,52.00
2026-07-28 12:50:45,12:46:01,7.43,-1.87,5.54,100,245.70,250.90,54.00
2026-07-28 12:51:25,12:47:01,7.46,-3.48,3.96,100,242.90,250.30,54.00
2026-07-28 12:52:46,12:48:01,7.48,-2.03,5.43,100,246.80,249.80,55.00
2026-07-28 12:53:26,12:49:01,7.32,-0.64,6.66,100,244.70,249.70,56.00
2026-07-28 12:54:06,12:50:01,7.49,-2.05,5.46,100,246.60,249.60,56.00
2026-07-28 12:55:26,12:51:01,0.05,5.18,5.23,100,245.50,249.60,51.00
2026-07-28 12:56:07,12:52:01,0.05,5.30,5.33,100,247.70,249.40,48.00
2026-07-28 12:57:27,12:53:01,0.05,5.19,5.24,100,247.40,249.30,46.00
2026-07-28 12:58:07,12:54:01,0.05,5.12,5.15,100,248.10,249.30,45.00
2026-07-28 12:59:27,12:55:01,0.05,5.20,5.25,100,247.70,249.10,44.00
2026-07-28 13:00:08,12:56:02,0.93,4.39,5.32,100,244.90,249.10,43.00
2026-07-28 13:01:28,12:57:02,3.00,2.63,5.63,100,245.70,249.10,44.00
2026-07-28 13:02:08,12:58:02,4.79,-0.74,4.05,100,250.20,249.00,46.00
2026-07-28 13:03:28,12:59:02,6.08,-2.11,3.97,100,251.70,249.00,47.00
2026-07-28 13:04:09,13:00:02,5.12,-1.16,3.96,100,251.90,249.00,48.00
2026-07-28 13:05:29,13:01:02,4.58,-0.48,4.10,100,249.40,249.00,48.00
2026-07-28 13:06:09,13:02:02,6.75,-2.23,4.52,100,251.90,249.10,49.00
2026-07-28 13:07:30,13:03:02,7.42,-3.24,4.18,100,246.40,249.00,51.00
2026-07-28 13:08:10,13:04:02,7.46,-3.40,4.06,100,247.40,249.00,52.00
2026-07-28 13:09:30,13:05:02,7.36,-3.52,3.84,100,247.70,249.00,53.00
2026-07-28 13:10:10,13:06:02,5.97,-2.01,3.96,100,251.70,249.00,54.00
2026-07-28 13:11:31,13:07:02,5.58,-1.67,3.91,100,251.50,249.00,53.00
2026-07-28 13:12:11,13:08:02,4.45,1.26,4.93,100,252.60,249.00,52.00
2026-07-28 13:13:31,13:09:02,4.21,0.84,5.05,100,251.70,249.00,51.00
2026-07-28 13:14:11,13:10:03,4.30,0.77,5.07,100,250.60,249.00,50.00
2026-07-28 13:15:32,13:11:03,4.21,0.89,5.10,100,251.30,249.00,50.00
2026-07-28 13:16:12,13:12:03,4.29,0.91,5.20,100,253.20,248.80,50.00
2026-07-28 13:17:32,13:13:03,4.49,0.64,5.13,100,253.90,248.80,50.00
2026-07-28 13:18:12,13:14:03,4.01,1.07,5.08,100,249.80,248.80,50.00
2026-07-28 13:19:33,13:15:03,4.30,0.68,4.98,100,251.10,249.00,50.00
2026-07-28 13:20:13,13:16:03,4.20,0.87,5.07,100,250.60,248.80,49.00
2026-07-28 13:21:33,13:17:03,6.13,-2.75,3.62,100,250.40,248.80,49.00
2026-07-28 13:22:13,13:18:03,7.55,-3.68,3.87,100,250.00,248.80,52.00
2026-07-28 13:23:34,13:19:03,7.57,-3.58,3.99,100,249.40,248.80,53.00
2026-07-28 13:24:14,13:20:03,7.58,-3.60,3.98,100,250.40,248.80,54.00
2026-07-28 13:25:34,13:21:03,7.63,-3.15,4.48,100,245.70,248.80,54.00
2026-07-28 13:26:14,13:22:03,7.60,-3.16,4.44,100,250.90,248.80,55.00
2026-07-28 13:27:35,13:23:03,7.20,-3.35,3.83,100,249.80,248.80,55.00
2026-07-28 13:28:15,13:24:04,0.05,3.39,3.44,100,244.20,248.80,50.00
2026-07-28 13:29:35,13:25:04,0.05,3.28,3.33,100,243.40,248.80,47.00
2026-07-28 13:30:15,13:26:04,0.05,3.42,3.47,100,245.10,248.80,45.00
2026-07-28 13:31:36,13:27:04,0.05,3.49,3.52,100,244.00,248.80,44.00
2026-07-28 13:32:16,13:28:04,0.05,3.59,3.62,100,245.50,248.80,43.00
2026-07-28 13:33:36,13:29:04,0.93,2.40,3.31,100,246.20,248.70,42.00
2026-07-28 13:34:16,13:30:04,2.90,0.64,3.54,100,247.90,248.80,43.00
2026-07-28 13:35:37,13:31:04,4.75,-1.16,3.59,100,248.90,248.80,45.00
2026-07-28 13:36:17,13:32:04,6.52,-3.07,3.45,100,249.80,248.80,47.00
2026-07-28 13:37:37,13:33:04,6.78,-3.34,3.44,100,254.10,248.80,49.00
2026-07-28 13:38:18,13:34:04,7.51,-3.60,3.91,100,249.60,248.80,51.00
2026-07-28 13:39:38,13:35:04,7.50,-3.54,3.96,100,248.10,248.80,52.00
2026-07-28 13:40:18,13:36:04,7.44,-1.47,5.97,100,240.60,248.80,52.00
2026-07-28 13:43:39,13:39:05,0.05,5.52,5.55,100,234.60,248.80,52.00
2026-07-28 13:44:20,13:40:05,0.05,5.53,5.56,100,233.10,248.80,47.00
2026-07-28 13:45:40,13:41:05,0.05,5.58,5.63,100,233.70,248.80,45.00
2026-07-28 13:46:20,13:42:05,0.05,5.63,5.68,100,235.50,248.80,43.00
2026-07-28 13:47:40,13:43:05,0.05,5.77,5.80,100,234.40,248.80,42.00
2026-07-28 13:48:21,13:44:05,0.05,5.96,5.99,100,233.10,248.80,41.00
2026-07-28 13:49:41,13:45:05,2.49,3.66,6.15,100,238.20,248.70,42.00
2026-07-28 13:50:21,13:46:05,4.20,1.90,6.10,100,240.40,248.70,43.00
2026-07-28 13:51:41,13:47:05,5.96,-0.12,5.84,100,240.40,248.70,46.00
2026-07-28 13:52:22,13:48:05,7.44,-1.68,5.76,100,241.20,248.70,49.00
2026-07-28 13:53:42,13:49:05,7.49,-1.74,5.75,100,240.80,248.70,50.00
2026-07-28 13:54:22,13:50:05,7.45,-1.25,6.20,100,243.80,248.70,51.00
2026-07-28 13:55:43,13:51:05,7.48,-1.48,6.03,100,239.30,248.70,52.00
2026-07-28 13:56:23,13:52:06,7.51,-3.31,4.20,100,249.80,248.70,52.00
2026-07-28 13:57:43,13:53:06,7.50,-3.57,3.93,100,250.00,248.70,53.00
2026-07-28 13:58:23,13:54:06,7.02,-3.44,3.56,100,251.90,248.80,53.00
2026-07-28 13:59:44,13:55:06,0.05,3.20,3.25,100,245.70,248.70,47.00
2026-07-28 14:00:24,13:56:06,0.05,3.24,3.29,100,243.80,248.80,45.00
2026-07-28 14:01:44,13:57:06,0.05,3.18,3.23,100,244.90,248.70,43.00
2026-07-28 14:02:25,13:58:06,0.05,3.23,3.28,100,243.20,248.70,42.00
2026-07-28 14:03:45,13:59:06,0.05,3.22,3.27,100,242.70,248.80,41.00
2026-07-28 14:04:25,14:00:06,1.91,0.48,2.44,100,244.40,248.70,41.00
2026-07-28 14:05:45,14:01:06,3.71,-1.60,2.11,100,247.70,248.70,43.00
2026-07-28 14:06:26,14:02:06,5.54,-2.93,2.61,100,249.60,248.70,45.00
2026-07-28 14:07:06,14:03:06,7.00,-3.71,3.29,100,250.90,248.80,47.00
2026-07-28 14:08:26,14:04:06,6.26,-2.30,3.96,100,250.40,248.70,49.00
2026-07-28 14:09:06,14:05:06,6.56,-2.69,3.87,100,251.70,248.70,49.00
2026-07-28 14:10:27,14:06:06,6.96,-3.21,3.75,100,250.00,248.70,50.00
2026-07-28 14:11:07,14:07:07,6.23,-2.15,4.08,100,250.90,248.70,51.00
2026-07-29 11:45:01,11:40:55,6.94,0.26,3.18,80.,236.50,253.00,45.00
2026-07-29 11:45:41,11:41:55,6.90,0.03,3.52,81.,239.70,252.60,45.00
2026-07-29 11:46:21,11:42:56,6.92,-0.12,3.88,81.,241.90,252.30,46.00
2026-07-29 11:47:42,11:43:56,6.85,-0.06,3.79,82.,242.10,252.20,46.00
2026-07-29 11:48:22,11:44:56,6.95,-0.01,3.99,82.,241.50,252.30,47.00
2026-07-29 11:49:42,11:45:56,7.00,-0.01,3.99,82.,240.60,252.40,47.00
2026-07-29 11:50:23,11:46:56,7.02,-0.13,3.56,84.,240.80,252.60,47.00
2026-07-29 11:51:43,11:47:56,6.94,-0.32,3.16,85.,243.40,252.70,47.00
2026-07-29 11:52:23,11:48:56,6.99,-0.03,3.28,87.,246.80,253.20,47.00
2026-07-29 11:53:44,11:49:56,6.97,0.02,3.12,88.,244.20,253.30,47.00
2026-07-29 11:54:24,11:50:56,6.89,0.01,3.18,89.,245.70,253.50,47.00
2026-07-29 11:55:44,11:51:56,7.01,-0.05,3.09,89.,242.10,253.50,47.00
2026-07-29 11:56:24,11:52:56,7.03,-0.05,3.18,89.,242.90,253.50,47.00
2026-07-29 11:57:45,11:53:56,6.99,-0.96,3.15,93.,239.70,252.70,47.00
2026-07-29 11:58:25,11:54:56,7.05,-0.90,3.28,93.,246.60,252.70,47.00
2026-07-29 11:59:46,11:55:56,7.10,-0.96,3.26,93.,246.60,252.70,48.00
2026-07-29 12:00:26,11:56:57,7.10,-0.98,3.27,93.,247.00,252.70,48.00
2026-07-29 12:01:46,11:57:57,7.16,-1.11,3.20,93.,244.00,252.90,48.00
2026-07-29 12:02:26,11:58:57,7.07,-0.38,3.84,93.,239.50,253.00,48.00
2026-07-29 12:03:47,11:59:57,7.15,-0.44,3.85,93.,241.70,253.20,48.00
2026-07-29 12:04:27,12:00:57,7.09,-0.53,3.70,94.,238.70,253.20,49.00
2026-07-29 12:05:47,12:01:57,7.22,-0.60,3.76,94.,240.00,253.30,49.00
2026-07-29 12:06:27,12:02:57,7.09,0.66,4.89,95.,241.00,253.50,49.00
2026-07-29 12:07:48,12:03:57,7.16,0.18,4.61,96.,236.30,253.30,49.00
2026-07-29 12:08:28,12:04:57,7.19,-0.16,4.60,96.,239.30,253.30,50.00
2026-07-29 12:09:48,12:05:57,7.21,-0.16,4.18,96.,239.30,254.00,50.00
2026-07-29 12:10:29,12:06:57,7.25,-0.27,4.12,97.,242.10,254.50,50.00
2026-07-29 12:11:49,12:07:57,7.17,-0.26,4.04,98.,240.00,254.90,50.00
2026-07-29 12:12:29,12:08:57,7.20,-0.22,4.10,98.,241.00,255.60,50.00
2026-07-29 12:13:49,12:09:57,7.16,-3.09,4.05,100,244.90,252.60,52.00
2026-07-29 12:14:30,12:10:58,7.21,-2.98,4.21,100,244.70,251.10,53.00
2026-07-29 12:15:10,12:11:58,0.05,4.00,4.03,100,236.10,250.60,50.00
2026-07-29 12:16:31,12:12:58,0.05,4.04,4.07,100,238.50,250.10,47.00
2026-07-29 12:17:11,12:13:58,0.05,3.61,3.64,100,239.30,249.80,45.00
2026-07-29 12:18:32,12:14:58,0.05,3.64,3.67,100,238.50,249.70,44.00
2026-07-29 12:19:12,12:15:58,0.05,4.30,4.33,100,236.30,249.70,43.00
2026-07-29 12:20:32,12:16:58,0.81,3.52,4.33,100,234.80,249.60,42.00
2026-07-29 12:21:12,12:17:58,2.75,1.61,4.36,100,240.60,249.40,43.00
2026-07-29 12:22:33,12:18:58,4.51,-0.21,4.30,100,245.30,249.30,45.00
2026-07-29 12:23:13,12:19:58,6.26,-2.06,4.19,100,245.50,249.30,47.00
2026-07-29 12:24:33,12:20:58,7.24,-2.91,4.33,100,247.70,249.10,50.00
2026-07-29 12:25:14,12:21:58,6.74,-2.83,3.91,100,250.90,249.10,50.00
2026-07-29 12:26:34,12:22:58,6.19,-2.46,3.73,100,250.60,249.10,51.00
2026-07-29 12:27:14,12:23:58,5.54,-1.91,3.65,100,251.70,249.00,51.00
2026-07-29 12:28:35,12:24:59,5.03,-1.07,3.96,100,251.90,249.10,51.00
2026-07-29 12:29:15,12:25:59,4.28,-0.77,3.51,100,251.10,249.00,51.00
2026-07-29 12:30:35,12:26:59,4.87,-1.00,3.87,100,252.40,249.00,50.00
2026-07-29 12:31:15,12:27:59,5.00,-1.79,3.21,100,251.50,249.00,50.00
2026-07-29 12:32:36,12:28:59,0.05,3.07,3.12,100,248.90,249.00,47.00
2026-07-29 12:33:16,12:29:59,0.05,3.10,3.15,100,244.40,249.00,45.00
2026-07-29 12:34:36,12:30:59,0.05,3.81,3.86,100,244.40,249.00,43.00
2026-07-29 12:35:16,12:31:59,0.05,4.00,4.05,100,246.20,249.00,42.00
2026-07-29 12:36:37,12:32:59,0.05,4.29,4.34,100,241.50,249.00,41.00
2026-07-29 12:37:17,12:33:59,1.02,3.20,4.22,100,246.20,249.00,41.00
2026-07-29 12:38:37,12:34:59,2.99,1.52,4.51,100,246.60,249.00,42.00
2026-07-29 12:39:17,12:35:59,4.85,-0.47,4.38,100,245.10,249.00,44.00
2026-07-29 12:40:38,12:36:59,6.66,-2.13,4.53,100,251.10,249.00,47.00
2026-07-29 12:41:18,12:37:59,5.12,-0.62,4.50,100,250.20,249.00,48.00
2026-07-29 12:42:39,12:38:59,3.31,1.40,4.71,100,251.50,249.00,49.00
2026-07-29 12:43:19,12:40:00,4.95,-0.30,4.65,100,251.70,249.00,49.00
2026-07-29 12:45:19,12:42:00,3.95,0.38,4.33,100,252.60,248.80,49.00
2026-07-29 12:46:40,12:43:00,6.84,-1.53,5.31,100,250.90,248.80,49.00
2026-07-29 12:47:20,12:44:00,4.51,0.96,5.47,100,249.40,248.80,50.00
2026-07-29 12:48:40,12:45:00,7.41,-1.41,6.00,100,251.70,248.80,51.00
2026-07-29 12:49:20,12:46:00,0.05,5.72,5.77,100,244.90,248.80,46.00
2026-07-29 12:50:41,12:47:00,0.05,5.62,5.67,100,245.10,248.80,44.00
2026-07-29 12:51:21,12:48:00,0.05,5.66,5.71,100,243.80,248.80,43.00
2026-07-29 12:52:42,12:49:00,0.05,6.28,6.33,100,239.10,248.80,42.00
2026-07-29 12:53:22,12:50:00,0.05,6.25,6.30,100,239.50,248.80,41.00
2026-07-29 12:54:42,12:51:00,0.87,5.09,5.96,100,241.70,248.80,40.00
2026-07-29 12:55:22,12:52:00,2.73,3.35,6.08,100,241.70,248.80,41.00
2026-07-29 12:56:43,12:53:00,4.47,0.56,5.03,100,250.40,248.80,43.00
2026-07-29 12:57:23,12:54:01,6.29,-1.20,5.09,100,250.40,248.80,46.00
2026-07-29 12:58:43,12:55:01,4.57,-0.07,4.50,100,252.40,248.80,46.00
2026-07-29 12:59:24,12:56:01,3.44,0.85,4.58,100,252.80,248.80,46.00
2026-07-29 13:00:44,12:57:01,3.64,0.94,4.58,100,250.60,248.80,46.00
2026-07-29 13:02:44,12:58:01,3.44,1.13,4.57,100,252.60,248.80,45.00
2026-07-29 13:03:25,12:59:01,2.79,2.17,4.96,100,251.70,248.80,45.00
2026-07-29 13:04:45,13:00:01,3.87,-0.05,3.82,100,251.50,248.80,44.00
2026-07-29 13:05:25,13:01:01,4.77,-0.90,3.87,100,253.60,248.80,46.00
2026-07-29 13:06:46,13:02:01,1.53,3.78,5.31,100,252.40,248.80,45.00
2026-07-29 13:07:26,13:03:01,2.00,3.40,5.40,100,253.00,248.80,44.00
2026-07-29 13:08:46,13:04:01,4.73,-0.90,3.83,100,250.40,248.80,45.00
2026-07-29 13:09:26,13:05:01,5.76,0.01,5.77,100,251.50,248.80,47.00
2026-07-29 13:10:47,13:06:01,5.94,0.07,6.01,100,253.90,248.80,48.00
2026-07-29 13:11:27,13:07:01,6.29,-0.43,5.86,100,251.50,248.80,49.00
2026-07-29 13:12:47,13:08:02,6.44,-0.69,5.75,100,250.00,248.80,49.00
2026-07-29 13:13:27,13:09:02,6.78,-1.07,5.71,100,250.90,248.80,50.00
2026-07-29 13:14:48,13:10:02,5.58,-0.40,5.18,100,251.30,248.80,51.00
2026-07-29 13:15:28,13:11:02,3.91,1.01,4.92,100,252.10,248.80,50.00
2026-07-29 13:16:48,13:12:02,4.01,0.84,4.85,100,251.90,248.80,49.00
2026-07-29 13:17:28,13:13:02,4.00,1.00,5.00,100,249.40,248.80,49.00
2026-07-29 13:18:49,13:14:02,3.71,1.08,4.79,100,250.60,248.70,49.00
2026-07-29 13:19:29,13:15:02,5.95,-2.50,3.45,100,250.60,248.70,50.00
2026-07-29 13:20:49,13:16:02,5.95,-2.44,3.51,100,250.60,248.70,50.00
2026-07-29 13:21:30,13:17:02,6.00,-2.56,3.44,100,249.40,248.70,50.00
2026-07-29 13:22:10,13:18:02,5.84,-2.32,3.52,100,252.40,248.70,51.00
2026-07-29 13:23:30,13:19:02,5.64,-2.16,3.48,100,251.30,248.70,51.00
2026-07-29 13:24:10,13:20:02,4.87,-1.34,3.53,100,249.40,248.70,51.00
2026-07-29 13:25:31,13:21:02,6.57,-2.77,3.80,100,251.90,248.70,51.00
2026-07-29 13:26:11,13:22:03,6.61,-2.34,4.27,100,249.80,248.70,52.00
2026-07-29 13:27:31,13:23:03,7.55,-3.30,4.25,100,250.40,248.70,54.00
2026-07-29 13:28:11,13:24:03,7.61,-3.21,4.40,100,251.90,248.70,54.00
2026-07-29 13:29:32,13:25:03,7.63,-3.30,4.33,100,250.90,248.70,55.00
2026-07-29 13:30:12,13:26:03,6.06,-0.02,6.02,100,250.20,248.70,55.00
2026-07-29 13:31:32,13:27:03,6.29,-0.08,6.19,100,250.20,248.70,55.00
2026-07-29 13:32:12,13:28:03,0.05,5.43,5.46,100,245.70,248.70,49.00
2026-07-29 13:33:33,13:29:03,0.05,5.36,5.39,100,241.00,248.70,46.00
2026-07-29 13:34:13,13:30:03,0.05,5.28,5.31,100,241.00,248.70,45.00
2026-07-29 13:35:33,13:31:03,0.05,5.28,5.33,100,246.80,248.70,44.00
2026-07-29 13:36:13,13:32:03,0.05,5.28,5.33,100,246.20,248.70,42.00
2026-07-29 13:37:34,13:33:03,0.86,4.16,5.02,100,246.80,248.70,42.00
2026-07-29 13:38:14,13:34:03,3.00,2.53,5.58,100,250.00,248.70,43.00
2026-07-29 13:39:34,13:35:03,4.74,0.82,5.56,100,250.40,248.70,45.00
2026-07-29 13:40:15,13:36:04,6.57,-2.48,4.09,100,250.90,248.70,47.00
2026-07-29 13:41:35,13:37:04,7.49,-3.01,4.48,100,246.80,248.70,50.00
2026-07-29 13:42:15,13:38:04,7.54,-2.76,4.78,100,245.30,248.70,51.00
2026-07-29 13:43:36,13:39:04,7.58,-2.63,4.95,100,245.10,248.70,52.00
2026-07-29 13:44:16,13:40:04,7.49,-2.86,4.63,100,247.00,248.70,53.00
2026-07-29 13:45:36,13:41:04,7.57,-2.94,4.63,100,249.60,248.70,53.00
2026-07-29 13:46:16,13:42:04,7.37,-2.67,4.70,100,249.20,248.70,54.00
2026-07-29 13:47:37,13:43:04,7.54,-3.28,4.26,100,249.80,248.70,54.00
2026-07-29 13:48:17,13:44:04,6.58,-2.78,3.80,100,252.60,248.70,55.00
2026-07-29 13:49:37,13:45:04,7.16,-3.19,3.95,100,253.00,248.70,55.00
2026-07-29 13:50:18,13:46:04,6.70,-2.62,4.06,100,250.20,248.70,55.00
2026-07-29 13:51:38,13:47:04,7.52,-1.58,5.94,100,244.40,248.50,55.00
2026-07-29 13:52:18,13:48:04,7.57,-2.38,5.17,100,244.40,248.50,56.00
2026-07-29 13:53:39,13:49:04,7.54,-2.40,5.14,100,244.40,248.50,56.00
2026-07-29 13:54:19,13:50:05,7.56,-2.51,5.03,100,242.30,248.50,57.00
2026-07-29 13:55:39,13:51:05,7.57,-2.53,5.02,100,242.30,248.50,57.00
2026-07-29 13:56:19,13:52:05,7.56,-2.55,4.99,100,243.80,248.50,57.00
2026-07-29 13:57:40,13:53:05,7.56,-2.26,5.28,100,241.20,248.50,58.00
2026-07-29 13:58:20,13:54:05,7.57,-2.00,5.55,100,240.20,248.50,58.00
2026-07-29 13:59:40,13:55:05,7.50,-1.54,5.94,100,240.60,248.50,58.00
2026-07-29 14:00:20,13:56:05,7.53,-1.67,5.84,100,240.60,248.50,58.00
2026-07-29 14:01:41,13:57:05,7.52,-1.74,5.76,100,241.20,248.50,58.00
2026-07-29 14:02:21,13:58:05,7.54,-1.81,5.71,100,241.50,248.50,58.00
2026-07-29 14:03:41,13:59:05,7.50,-1.82,5.66,100,240.40,248.50,59.00
2026-07-29 14:04:22,14:00:05,7.56,-2.19,5.35,100,241.20,248.50,59.00
2026-07-29 14:05:42,14:01:05,7.33,-2.19,5.12,100,239.50,248.40,59.00
2026-07-29 14:06:22,14:02:05,7.49,-2.25,5.22,100,244.70,248.40,59.00
2026-07-29 14:07:42,14:03:05,0.05,5.02,5.05,100,236.10,248.50,53.00
2026-07-29 14:08:23,14:04:05,0.05,3.16,3.21,100,245.30,248.50,50.00
2026-07-29 14:09:43,14:05:06,0.05,3.18,3.21,100,243.40,248.50,48.00
2026-07-29 14:10:23,14:06:06,0.05,2.80,2.83,100,243.40,248.50,46.00
2026-07-29 14:11:44,14:07:06,0.05,2.84,2.87,100,243.40,248.50,45.00
2026-07-30 11:45:05,11:40:55,6.83,0.06,3.10,69.,250.00,252.70,48.00
2026-07-30 11:45:45,11:41:55,6.83,0.08,3.07,71.,246.80,252.90,48.00
2026-07-30 11:46:25,11:42:55,6.65,0.04,2.88,72.,248.70,252.70,48.00
2026-07-30 11:47:46,11:43:55,6.86,0.11,3.16,72.,246.80,252.90,47.00
2026-07-30 11:48:26,11:44:55,6.84,0.09,3.07,73.,246.40,252.90,47.00
2026-07-30 11:49:46,11:45:55,6.86,0.37,3.62,75.,244.90,252.70,47.00
2026-07-30 11:50:27,11:46:55,6.81,0.00,3.89,76.,243.40,252.20,47.00
2026-07-30 11:51:47,11:47:55,6.82,-0.08,3.59,76.,235.70,252.30,47.00
2026-07-30 11:52:27,11:48:55,6.84,-0.05,3.26,76.,244.00,252.60,47.00
2026-07-30 11:53:48,11:49:55,6.86,0.11,3.85,77.,242.70,252.40,47.00
2026-07-30 11:54:28,11:50:56,6.88,-0.02,4.09,78.,234.80,252.30,48.00
2026-07-30 11:55:48,11:51:56,6.79,-0.01,3.91,78.,233.70,252.30,48.00
2026-07-30 11:56:29,11:52:56,6.71,-0.28,3.74,79.,239.70,252.30,48.00
2026-07-30 11:57:49,11:53:56,6.83,0.37,3.95,80.,236.70,252.60,48.00
2026-07-30 11:58:29,11:54:56,6.92,0.02,4.68,80.,243.40,251.70,49.00
2026-07-30 11:59:50,11:55:56,6.81,0.04,4.54,80.,240.40,251.40,49.00
2026-07-30 12:00:30,11:56:56,6.75,0.25,5.22,81.,245.70,251.30,50.00
2026-07-30 12:01:50,11:57:56,7.07,-0.05,5.32,81.,239.30,251.00,51.00
2026-07-30 12:02:30,11:58:56,6.85,-0.11,5.31,81.,244.00,251.00,51.00
2026-07-30 12:03:51,11:59:56,6.98,-0.03,5.67,81.,236.70,250.90,52.00
2026-07-30 12:04:31,12:00:56,7.08,-0.04,5.51,82.,245.90,251.00,52.00
2026-07-30 12:05:51,12:01:56,7.08,-0.15,5.40,82.,240.60,251.00,52.00
2026-07-30 12:06:32,12:02:56,6.93,5.16,5.43,82.,236.10,254.50,52.00
2026-07-30 12:07:52,12:03:56,6.98,6.41,6.69,85.,237.80,255.80,47.00
2026-07-30 12:08:32,12:04:57,6.93,6.49,6.72,86.,236.10,255.90,46.00
2026-07-30 12:09:52,12:05:57,6.96,6.21,6.47,86.,238.00,255.90,45.00
2026-07-30 12:10:33,12:06:57,6.92,6.05,6.27,87.,238.50,255.90,44.00
2026-07-30 12:11:13,12:07:57,6.94,6.09,6.33,88.,230.10,256.10,43.00
2026-07-30 12:12:33,12:08:57,6.21,4.93,6.23,89.,238.70,254.50,43.00
2026-07-30 12:13:13,12:09:57,7.26,2.94,5.99,89.,242.10,254.20,44.00
2026-07-30 12:14:34,12:10:57,7.15,1.21,5.94,90.,245.10,252.40,46.00
2026-07-30 12:15:14,12:11:57,7.10,-0.02,6.08,90.,248.10,251.10,48.00
2026-07-30 12:16:34,12:12:57,7.25,0.05,6.02,90.,246.20,250.90,50.00
2026-07-30 12:17:14,12:13:57,7.40,-0.02,6.23,90.,245.10,250.90,51.00
2026-07-30 12:18:35,12:14:57,7.15,-0.02,5.63,90.,246.80,251.10,51.00
2026-07-30 12:19:15,12:15:57,7.21,0.06,5.59,90.,245.70,251.60,51.00
2026-07-30 12:20:35,12:16:57,7.17,0.02,5.63,90.,248.10,252.00,52.00
2026-07-30 12:21:56,12:17:57,7.26,0.00,5.75,90.,247.40,252.20,52.00
2026-07-30 12:22:36,12:18:58,3.06,5.19,5.36,90.,241.00,253.60,49.00
2026-07-30 12:23:16,12:19:58,3.09,5.42,5.61,93.,239.10,254.60,47.00
2026-07-30 12:24:37,12:20:58,3.08,6.01,6.18,94.,237.20,255.50,45.00
2026-07-30 12:25:17,12:21:58,3.08,5.84,6.00,96.,236.10,256.30,44.00
2026-07-30 12:26:37,12:22:58,3.07,5.70,5.83,97.,240.60,258.10,44.00
2026-07-30 12:27:17,12:23:58,0.05,5.64,5.67,100,239.70,254.50,43.00
2026-07-30 12:28:38,12:24:58,2.32,3.50,5.80,100,242.50,252.60,43.00
2026-07-30 12:29:18,12:25:58,4.02,1.71,5.71,100,243.20,252.00,45.00
2026-07-30 12:30:39,12:26:58,5.81,-0.42,5.37,100,248.10,251.40,48.00
2026-07-30 12:31:19,12:27:58,7.14,-1.79,5.32,100,250.00,251.10,50.00
2026-07-30 12:32:39,12:28:58,7.25,-2.14,5.09,100,248.50,250.90,52.00
2026-07-30 12:33:19,12:29:58,7.34,-2.30,5.02,100,250.40,250.70,53.00
2026-07-30 12:34:40,12:30:58,7.38,-2.56,4.80,100,250.20,250.40,54.00
2026-07-30 12:35:20,12:31:58,4.61,0.52,5.13,100,251.10,250.30,54.00
2026-07-30 12:36:40,12:32:59,4.05,1.43,5.34,100,249.80,250.30,52.00
2026-07-30 12:37:20,12:33:59,0.05,4.91,4.96,100,247.40,250.10,50.00
2026-07-30 12:38:41,12:34:59,0.05,4.93,4.96,100,248.30,250.10,47.00
2026-07-30 12:39:21,12:35:59,0.05,5.00,5.03,100,248.90,250.00,45.00
2026-07-30 12:40:41,12:36:59,0.05,5.57,5.60,100,246.80,250.00,44.00
2026-07-30 12:41:21,12:37:59,0.05,5.81,5.84,100,245.90,250.00,43.00
2026-07-30 12:42:42,12:38:59,0.05,5.71,5.74,100,246.20,249.80,42.00
2026-07-30 12:43:22,12:39:59,1.70,4.08,5.76,100,248.50,249.80,42.00
2026-07-30 12:44:43,12:40:59,3.44,2.28,5.70,100,250.60,249.80,44.00
2026-07-30 12:45:23,12:41:59,3.05,2.74,5.77,100,251.10,249.80,45.00
2026-07-30 12:46:43,12:42:59,3.82,0.91,4.73,100,253.00,249.70,46.00
2026-07-30 12:47:23,12:43:59,2.71,1.77,4.46,100,252.80,249.70,46.00
2026-07-30 12:48:44,12:44:59,3.05,1.75,4.80,100,249.60,249.70,46.00
2026-07-30 12:49:24,12:45:59,2.91,1.55,4.46,100,252.80,249.70,46.00
2026-07-30 12:50:44,12:47:00,3.58,1.08,4.66,100,252.60,249.70,46.00
2026-07-30 12:51:25,12:48:00,3.68,0.79,4.54,100,253.00,249.70,46.00
2026-07-30 12:52:45,12:49:00,3.82,0.67,4.49,100,251.70,249.70,46.00
2026-07-30 12:53:25,12:50:00,3.97,0.73,4.70,100,251.10,249.60,46.00
2026-07-30 12:54:46,12:51:00,3.64,0.94,4.58,100,251.30,249.60,47.00
2026-07-30 12:55:26,12:52:00,5.21,-0.82,4.39,100,250.20,249.60,48.00
2026-07-30 12:56:46,12:53:00,3.69,0.92,4.61,100,251.30,249.60,48.00
2026-07-30 12:57:26,12:54:00,6.83,-1.32,5.51,100,250.90,249.40,50.00
2026-07-30 12:58:47,12:55:00,7.42,-2.14,5.28,100,251.10,249.40,51.00
2026-07-30 12:59:27,12:56:00,5.44,-0.53,4.91,100,251.10,249.40,51.00
2026-07-30 13:00:47,12:57:00,4.83,0.06,4.89,100,253.20,249.40,51.00
2026-07-30 13:01:27,12:58:00,1.32,4.74,6.06,100,243.60,249.30,50.00
2026-07-30 13:02:48,12:59:00,0.05,4.74,4.79,100,246.60,249.30,46.00
2026-07-30 13:03:28,13:00:00,0.05,4.32,4.37,100,248.10,249.30,44.00
2026-07-30 13:04:48,13:01:00,0.05,6.30,6.35,100,242.90,249.30,43.00
2026-07-30 13:05:28,13:02:01,0.05,6.28,6.33,100,242.50,249.30,42.00
2026-07-30 13:06:49,13:03:01,0.05,5.91,5.96,100,243.60,249.30,41.00
2026-07-30 13:08:49,13:04:01,0.05,5.23,5.28,100,246.20,249.30,41.00
2026-07-30 13:12:51,13:06:01,1.08,3.76,4.84,100,251.70,249.30,40.00
2026-07-30 13:13:31,13:08:01,4.75,1.29,6.04,100,249.80,249.30,43.00
2026-07-30 13:14:51,13:10:01,7.47,-0.94,6.53,100,249.80,249.10,48.00
2026-07-30 13:15:31,13:11:01,5.96,-0.77,5.19,100,253.90,249.10,49.00
2026-07-30 13:16:52,13:12:01,4.50,0.41,4.96,100,250.40,249.10,49.00
2026-07-30 13:17:32,13:13:01,4.42,0.37,4.79,100,251.50,249.10,49.00
2026-07-30 13:18:52,13:14:01,4.47,0.56,5.03,100,255.60,249.10,49.00
2026-07-30 13:19:32,13:15:01,0.05,3.56,3.78,100,245.50,249.10,49.00
2026-07-30 13:21:33,13:17:02,0.05,5.36,5.41,100,245.10,249.10,43.00
2026-07-30 13:22:13,13:18:02,0.05,5.00,5.05,100,245.30,249.10,42.00
2026-07-30 13:23:34,13:19:02,0.05,4.90,4.95,100,245.10,249.10,41.00
2026-07-30 13:24:14,13:20:02,0.05,4.95,5.00,100,245.50,249.10,40.00
2026-07-30 13:25:34,13:21:02,0.05,4.89,4.94,100,248.10,249.10,40.00
2026-07-30 13:26:14,13:22:02,0.05,4.96,5.01,100,245.70,249.10,39.00
2026-07-30 13:27:35,13:23:02,0.97,4.02,4.99,100,244.70,249.00,39.00
2026-07-30 13:28:15,13:24:02,2.90,2.21,5.11,100,249.60,249.00,40.00
2026-07-30 13:29:35,13:25:02,4.71,0.47,5.18,100,250.20,249.00,43.00
2026-07-30 13:30:16,13:26:02,6.44,-1.27,5.17,100,249.20,249.00,45.00
2026-07-30 13:31:36,13:27:02,7.29,-1.53,5.76,100,250.40,249.00,48.00
2026-07-30 13:32:16,13:28:02,7.37,-2.61,4.76,100,247.40,249.00,49.00
2026-07-30 13:33:37,13:29:02,7.44,-2.68,4.76,100,250.90,249.00,50.00
2026-07-30 13:34:17,13:30:03,7.41,-2.95,4.46,100,251.90,249.00,51.00
2026-07-30 13:35:37,13:31:03,7.44,-2.99,4.45,100,251.90,249.00,52.00
2026-07-30 13:36:18,13:32:03,0.05,3.68,3.73,100,245.50,249.00,48.00
2026-07-30 13:37:38,13:33:03,0.05,3.62,3.67,100,247.90,249.00,45.00
2026-07-30 13:38:18,13:34:03,0.05,3.69,3.74,100,247.40,249.00,44.00
2026-07-30 13:39:39,13:35:03,0.05,3.66,3.71,100,247.70,249.00,43.00
2026-07-30 13:40:19,13:36:03,0.05,3.65,3.70,100,246.60,249.00,42.00
2026-07-30 13:41:39,13:37:03,0.05,3.70,3.75,100,245.50,249.00,41.00
2026-07-30 13:42:20,13:38:03,0.05,3.64,3.69,100,246.40,249.00,40.00
2026-07-30 13:43:40,13:39:03,2.28,1.57,3.85,100,249.40,248.80,41.00
2026-07-30 13:44:21,13:40:03,4.10,-0.62,3.48,100,251.50,248.80,43.00
2026-07-30 13:45:41,13:41:03,5.84,-2.38,3.46,100,250.20,248.80,45.00
2026-07-30 13:46:21,13:42:03,7.05,-2.55,4.50,100,250.40,249.00,48.00
2026-07-30 13:47:42,13:43:03,7.34,-2.98,4.36,100,250.60,248.80,49.00
2026-07-30 13:48:22,13:44:04,7.33,-2.93,4.40,100,252.10,248.80,50.00
2026-07-30 13:49:42,13:45:04,6.18,-1.87,4.31,100,251.90,248.80,51.00
2026-07-30 13:50:22,13:46:04,6.60,-2.28,4.32,100,251.30,248.80,52.00
2026-07-30 13:51:43,13:47:04,6.02,-1.64,4.38,100,250.40,248.80,52.00
2026-07-30 13:52:23,13:48:04,0.05,4.12,4.17,100,245.30,248.80,48.00
2026-07-30 13:53:43,13:49:04,0.05,3.63,3.68,100,244.70,248.80,45.00
2026-07-30 13:54:24,13:50:04,0.05,3.39,3.44,100,246.60,248.80,44.00
2026-07-30 13:55:44,13:51:04,0.05,3.37,3.40,100,245.90,248.80,43.00
2026-07-30 13:56:24,13:52:04,0.05,3.28,3.33,100,246.60,248.80,42.00
2026-07-30 13:57:45,13:53:04,0.05,3.17,3.22,100,245.70,248.80,41.00
2026-07-30 13:58:25,13:54:04,1.71,1.44,3.13,100,249.20,248.80,41.00
2026-07-30 13:59:45,13:55:04,3.52,-0.04,3.48,100,248.90,248.70,43.00
2026-07-30 14:00:26,13:56:04,5.45,-1.53,3.92,100,249.60,248.70,45.00
2026-07-30 14:01:46,13:57:04,6.71,-2.84,3.87,100,248.30,248.80,48.00
2026-07-30 14:02:26,13:58:05,7.27,-2.99,4.28,100,250.00,248.70,49.00
2026-07-30 14:03:47,13:59:05,7.27,-2.91,4.36,100,250.00,248.70,51.00
2026-07-30 14:04:27,14:00:05,7.32,-2.31,5.01,100,248.10,248.70,52.00
2026-07-30 14:05:47,14:01:05,7.28,-2.28,5.00,100,247.20,248.70,52.00
2026-07-30 14:06:27,14:02:05,7.30,-2.39,4.89,100,250.90,248.70,53.00
2026-07-30 14:07:48,14:03:05,7.24,-2.41,4.81,100,248.90,248.70,54.00
2026-07-30 14:08:29,14:04:05,0.05,4.62,4.65,100,240.80,248.70,47.00
2026-07-30 14:09:50,14:05:05,0.05,4.76,4.79,100,237.00,248.70,45.00
2026-07-30 14:10:30,14:06:05,0.05,4.64,4.67,100,241.90,248.70,44.00
2026-07-30 14:11:50,14:07:05,0.05,4.24,4.27,100,242.90,248.70,43.00
2026-07-31 11:45:00,11:40:56,6.89,0.10,4.04,48.,244.20,250.00,49.00
2026-07-31 11:45:40,11:41:56,6.84,-0.01,5.12,48.,241.90,249.00,50.00
2026-07-31 11:46:21,11:42:56,6.80,-0.03,4.98,48.,239.50,249.00,51.00
2026-07-31 11:47:41,11:43:56,6.86,-0.03,4.77,50.,244.90,249.10,51.00
2026-07-31 11:48:21,11:44:56,6.80,-0.04,4.57,50.,247.40,249.30,51.00
2026-07-31 11:49:41,11:45:56,6.63,-0.02,4.50,50.,238.20,249.60,51.00
2026-07-31 11:50:22,11:46:56,6.84,-0.20,4.05,50.,235.70,249.80,51.00
2026-07-31 11:51:42,11:47:56,6.89,-0.09,3.95,51.,239.70,250.00,51.00
2026-07-31 11:52:22,11:48:56,6.89,-0.03,3.95,51.,242.10,250.10,51.00
2026-07-31 11:53:43,11:49:56,6.86,-0.06,3.42,52.,237.40,250.60,51.00
2026-07-31 11:54:23,11:50:56,6.83,0.00,3.25,52.,241.70,250.70,50.00
2026-07-31 11:55:43,11:51:56,6.92,0.00,3.34,53.,235.20,250.90,50.00
2026-07-31 11:56:24,11:52:56,6.96,-0.09,3.29,53.,235.90,250.90,50.00
2026-07-31 11:57:44,11:53:56,6.95,0.03,3.32,53.,238.50,251.00,50.00
2026-07-31 11:58:24,11:54:57,6.92,0.06,3.37,54.,247.20,251.00,50.00
2026-07-31 11:59:44,11:55:57,6.91,0.02,3.27,54.,245.90,251.10,50.00
2026-07-31 12:00:25,11:56:57,6.99,0.05,3.31,55.,246.40,251.10,50.00
2026-07-31 12:01:45,11:57:57,6.98,0.10,3.67,55.,243.80,251.10,50.00
2026-07-31 12:02:25,11:58:57,6.99,0.05,3.35,56.,245.10,251.40,50.00
2026-07-31 12:03:45,11:59:57,6.99,0.47,4.00,56.,245.10,251.30,49.00
2026-07-31 12:04:26,12:00:57,7.04,-0.02,4.27,57.,241.50,250.90,49.00
2026-07-31 12:05:46,12:01:57,7.03,-0.12,4.21,57.,243.80,250.90,50.00
2026-07-31 12:06:26,12:02:57,7.02,-0.09,4.05,57.,243.60,251.10,50.00
2026-07-31 12:07:46,12:03:57,6.98,0.03,4.28,59.,243.40,251.00,50.00
2026-07-31 12:08:27,12:04:57,7.07,0.03,4.16,59.,239.70,251.30,50.00
2026-07-31 12:09:47,12:05:57,7.04,0.00,4.04,60.,243.80,251.30,50.00
2026-07-31 12:10:27,12:06:57,7.08,0.03,4.07,60.,242.50,251.60,50.00
2026-07-31 12:11:48,12:07:57,7.11,0.04,3.60,60.,240.00,252.00,50.00
2026-07-31 12:12:28,12:08:57,7.09,0.07,3.61,61.,246.40,252.20,50.00
2026-07-31 12:13:48,12:09:58,6.90,0.07,3.44,61.,248.10,252.40,50.00
2026-07-31 12:14:28,12:10:58,7.08,0.05,3.45,62.,244.70,252.40,50.00
2026-07-31 12:15:49,12:11:58,7.11,0.07,3.42,62.,246.40,252.40,50.00
2026-07-31 12:16:29,12:12:58,6.92,0.11,3.27,63.,251.90,252.60,50.00
2026-07-31 12:17:49,12:13:58,7.09,0.04,3.35,63.,247.40,252.60,50.00
2026-07-31 12:18:30,12:14:58,7.07,0.12,2.84,64.,246.60,253.00,49.00
2026-07-31 12:19:50,12:15:58,7.03,0.08,2.89,64.,250.00,253.00,49.00
2026-07-31 12:20:31,12:16:58,7.14,0.08,3.05,65.,244.90,252.90,49.00
2026-07-31 12:21:51,12:17:58,7.00,0.09,3.84,67.,242.90,252.30,49.00
2026-07-31 12:22:31,12:18:58,7.06,0.00,4.19,67.,243.80,252.00,49.00
2026-07-31 12:23:52,12:19:58,7.17,-0.03,3.87,67.,248.90,252.20,49.00
2026-07-31 12:24:32,12:20:58,6.98,-0.03,3.65,68.,245.90,252.30,49.00
2026-07-31 12:25:52,12:21:58,7.17,-0.06,3.58,68.,238.90,252.40,49.00
2026-07-31 12:26:32,12:22:58,7.09,0.00,3.66,69.,242.50,252.40,49.00
2026-07-31 12:27:53,12:23:59,7.11,0.00,3.61,70.,243.60,252.40,49.00
2026-07-31 12:28:33,12:24:59,7.18,-0.02,3.56,71.,239.10,252.60,49.00
2026-07-31 12:29:53,12:25:59,6.86,0.00,3.05,72.,241.20,252.70,49.00
2026-07-31 12:30:33,12:26:59,7.15,0.02,2.92,72.,246.20,253.20,49.00
2026-07-31 12:31:54,12:27:59,6.94,0.03,2.83,73.,246.80,253.20,49.00
2026-07-31 12:32:34,12:28:59,7.21,0.03,2.97,73.,249.40,253.20,49.00
2026-07-31 12:33:54,12:29:59,7.26,0.01,2.95,75.,247.40,253.30,49.00
2026-07-31 12:34:34,12:30:59,7.28,0.10,3.00,75.,248.50,253.30,49.00
2026-07-31 12:35:55,12:31:59,7.30,0.10,3.46,76.,252.10,252.90,49.00
2026-07-31 12:36:35,12:32:59,7.28,0.00,3.39,76.,243.80,252.90,49.00
2026-07-31 12:37:55,12:33:59,7.33,0.01,3.30,77.,242.70,252.90,49.00
2026-07-31 12:38:36,12:34:59,7.43,0.04,3.33,77.,249.40,253.20,49.00
2026-07-31 12:39:56,12:35:59,7.26,0.38,4.31,78.,250.60,252.60,49.00
2026-07-31 12:40:36,12:36:59,7.29,0.00,4.27,79.,243.80,252.20,49.00
2026-07-31 12:41:56,12:38:00,7.32,0.16,5.02,79.,244.00,251.70,50.00
2026-07-31 12:42:36,12:39:00,7.34,-0.04,6.25,79.,247.40,250.60,52.00
2026-07-31 12:43:17,12:40:00,7.34,-0.02,5.97,79.,237.40,250.60,53.00
2026-07-31 12:44:37,12:41:00,6.89,6.16,6.39,80.,239.50,254.30,52.00
2026-07-31 12:45:18,12:42:00,6.94,6.37,6.61,81.,239.50,255.80,48.00
2026-07-31 12:46:38,12:43:00,6.91,6.11,6.32,82.,238.70,255.80,47.00
2026-07-31 12:47:18,12:44:00,6.93,5.46,5.69,84.,238.00,255.90,46.00
2026-07-31 12:48:38,12:45:00,6.98,5.39,5.67,85.,241.00,255.90,45.00
2026-07-31 12:49:19,12:46:00,6.97,5.60,5.86,86.,240.20,256.20,44.00
2026-07-31 12:50:39,12:47:00,7.18,3.63,5.74,87.,241.50,254.90,44.00
2026-07-31 12:51:19,12:48:00,7.37,1.87,5.75,88.,241.50,253.60,46.00
2026-07-31 12:52:40,12:49:00,7.31,0.14,5.72,90.,247.00,252.00,49.00
2026-07-31 12:53:20,12:50:00,7.34,-0.10,5.79,90.,248.90,251.30,50.00
2026-07-31 12:54:40,12:51:00,7.29,-0.04,5.87,90.,245.70,251.30,51.00
2026-07-31 12:55:20,12:52:01,7.21,-0.10,5.83,90.,245.70,251.10,52.00
2026-07-31 12:56:41,12:53:01,7.31,-0.09,5.77,90.,244.40,251.40,53.00
2026-07-31 12:57:21,12:54:01,7.35,-0.04,6.64,90.,244.90,250.90,54.00
2026-07-31 12:58:41,12:55:01,7.34,-0.17,6.70,90.,242.90,250.30,55.00
2026-07-31 13:00:42,12:56:01,3.06,6.63,6.82,90.,235.70,252.00,53.00
2026-07-31 13:02:42,12:58:01,3.09,6.40,6.58,94.,237.80,255.60,48.00
2026-07-31 13:03:23,12:59:01,3.08,6.44,6.60,95.,236.30,256.90,46.00
2026-07-31 13:04:43,13:00:01,3.08,6.96,7.09,97.,236.70,259.10,45.00
2026-07-31 13:05:23,13:01:01,0.05,6.35,6.38,100,241.20,256.10,45.00
2026-07-31 13:06:43,13:02:01,1.50,3.93,5.41,100,242.50,254.00,44.00
2026-07-31 13:07:24,13:03:01,3.16,2.17,5.31,100,243.20,253.00,46.00
2026-07-31 13:08:44,13:04:01,4.98,0.37,5.33,100,245.10,252.40,48.00
2026-07-31 13:09:24,13:05:01,6.82,-1.39,5.41,100,248.50,252.20,51.00
2026-07-31 13:10:45,13:06:01,7.36,-0.45,6.89,100,250.00,251.70,53.00
2026-07-31 13:11:25,13:07:02,7.37,-0.45,6.92,100,249.40,251.40,54.00
2026-07-31 13:12:45,13:08:02,6.99,-0.35,6.62,100,252.10,251.30,55.00
2026-07-31 13:13:25,13:09:02,6.55,-0.04,6.49,100,250.60,251.10,55.00
2026-07-31 13:14:46,13:10:02,7.40,-0.86,6.52,100,250.40,251.00,56.00
2026-07-31 13:15:26,13:11:02,7.43,-1.11,6.30,100,249.60,251.00,57.00
2026-07-31 13:16:46,13:12:02,0.05,6.83,6.86,100,238.70,250.90,51.00
2026-07-31 13:17:26,13:13:02,0.05,8.62,8.65,100,239.30,250.90,48.00
2026-07-31 13:18:47,13:14:02,0.05,6.93,6.96,100,239.70,250.70,47.00
2026-07-31 13:19:27,13:15:02,0.05,6.86,6.89,100,240.60,250.70,46.00
2026-07-31 13:20:48,13:16:02,0.05,5.48,5.53,100,236.50,250.70,45.00
2026-07-31 13:21:28,13:17:02,0.16,6.37,6.53,100,238.00,250.60,44.00
2026-07-31 13:22:48,13:18:02,2.47,4.65,7.12,100,242.10,250.60,45.00
2026-07-31 13:23:28,13:19:02,4.34,0.80,5.14,100,246.60,250.40,47.00
2026-07-31 13:24:49,13:20:02,6.16,-1.01,5.15,100,245.50,250.40,49.00
2026-07-31 13:25:29,13:21:03,7.31,-2.11,5.20,100,244.90,250.30,52.00
2026-07-31 13:26:49,13:22:03,7.33,-2.24,5.09,100,248.70,250.10,53.00
2026-07-31 13:27:30,13:23:03,7.16,-2.31,4.83,100,249.20,250.10,54.00
2026-07-31 13:28:50,13:24:03,7.36,-2.48,4.86,100,244.70,250.10,55.00
2026-07-31 13:29:30,13:25:03,7.29,-2.21,5.01,100,244.70,250.10,56.00
2026-07-31 13:30:51,13:26:03,7.31,-2.19,5.10,100,244.90,250.00,56.00
2026-07-31 13:31:31,13:27:03,0.05,4.84,4.87,100,237.60,250.10,53.00
2026-07-31 13:32:51,13:28:03,0.05,5.03,5.06,100,240.00,250.10,49.00
2026-07-31 13:33:32,13:29:03,0.05,8.34,8.37,100,235.50,250.00,47.00
2026-07-31 13:34:52,13:30:03,0.05,9.13,9.16,100,228.60,250.00,46.00
2026-07-31 13:35:32,13:31:03,0.05,7.86,7.89,100,228.80,250.00,45.00
2026-07-31 13:36:52,13:32:03,0.05,9.03,9.06,100,232.30,250.00,44.00
2026-07-31 13:37:33,13:33:03,0.05,8.96,8.99,100,229.00,250.00,44.00
2026-07-31 13:38:53,13:34:03,0.05,9.14,9.17,100,231.60,250.00,43.00
2026-07-31 13:39:33,13:35:04,0.05,9.03,9.06,100,232.70,250.00,42.00
2026-07-31 13:40:54,13:36:04,0.05,9.12,9.15,100,229.90,249.80,42.00
2026-07-31 13:41:34,13:37:04,0.05,8.69,8.72,100,234.00,249.80,41.00
2026-07-31 13:42:54,13:38:04,0.05,7.08,7.11,100,231.60,249.80,41.00
2026-07-31 13:43:34,13:39:04,0.79,5.73,6.50,100,234.20,249.80,40.00
2026-07-31 13:44:55,13:40:04,2.69,4.05,6.72,100,232.70,249.80,42.00
2026-07-31 13:45:35,13:41:04,4.44,2.15,6.59,100,234.40,249.80,44.00
2026-07-31 13:46:55,13:42:04,6.19,0.08,6.27,100,234.60,249.70,47.00
2026-07-31 13:47:35,13:43:04,7.10,-1.04,6.06,100,240.00,249.70,49.00
2026-07-31 13:48:56,13:44:04,7.10,-0.99,6.11,100,237.60,249.70,51.00
2026-07-31 13:49:36,13:45:04,7.17,-1.03,6.14,100,238.00,249.70,52.00
2026-07-31 13:50:57,13:46:04,7.02,-0.85,6.28,100,239.30,249.70,53.00
2026-07-31 13:51:37,13:47:04,7.23,-2.24,4.99,100,247.40,249.70,54.00
2026-07-31 13:52:17,13:48:04,0.05,4.70,4.75,100,241.50,249.70,52.00
2026-07-31 13:53:37,13:49:05,0.05,4.66,4.71,100,235.90,249.70,47.00
2026-07-31 13:54:18,13:50:05,0.05,4.43,4.48,100,235.20,249.70,46.00
2026-07-31 13:55:38,13:51:05,0.05,4.53,4.58,100,234.60,249.70,45.00
2026-07-31 13:56:18,13:52:05,0.05,4.54,4.59,100,235.70,249.70,44.00
2026-07-31 13:57:38,13:53:05,0.05,5.79,5.84,100,232.00,249.60,43.00
2026-07-31 13:58:19,13:54:05,0.05,5.56,5.61,100,232.70,249.60,42.00
2026-07-31 13:59:39,13:55:05,0.05,5.00,5.05,100,235.70,249.60,42.00
2026-07-31 14:00:19,13:56:05,2.20,3.14,5.34,100,242.30,249.60,42.00
2026-07-31 14:01:40,13:57:05,3.95,0.47,4.42,100,241.50,249.60,44.00
2026-07-31 14:02:20,13:58:05,5.72,-1.23,4.49,100,245.30,249.40,47.00
2026-07-31 14:03:40,13:59:05,7.07,-2.58,4.49,100,249.80,249.40,49.00
2026-07-31 14:04:20,14:00:05,7.06,-2.18,4.88,100,250.00,249.40,51.00
2026-07-31 14:05:41,14:01:05,7.13,-2.41,4.72,100,241.50,249.40,52.00
2026-07-31 14:06:21,14:02:05,7.10,-2.60,4.50,100,246.40,249.40,53.00
2026-07-31 14:07:41,14:03:06,7.12,-2.64,4.48,100,246.80,249.40,54.00
2026-07-31 14:08:22,14:04:06,7.13,-2.56,4.57,100,245.70,249.30,55.00
2026-07-31 14:09:42,14:05:06,0.05,5.23,5.28,100,233.70,249.40,54.00
2026-07-31 14:10:22,14:06:06,0.05,5.15,5.20,100,231.80,249.30,48.00
2026-07-31 14:11:42,14:07:06,0.05,4.65,4.70,100,236.70,249.30,47.00
2026-08-01 11:45:01,11:40:55,6.67,-0.02,4.06,39.,244.20,249.40,50.00
2026-08-01 11:45:41,11:41:55,6.67,-0.02,4.03,39.,244.40,249.40,50.00
2026-08-01 11:46:21,11:42:55,6.56,-0.02,4.03,39.,242.10,249.30,50.00
2026-08-01 11:47:42,11:43:55,6.66,-0.05,4.17,40.,245.10,249.40,50.00
2026-08-01 11:48:22,11:44:55,6.62,-0.01,4.17,40.,241.50,249.40,50.00
2026-08-01 11:49:42,11:45:56,6.57,-0.04,4.14,40.,245.90,249.40,50.00
2026-08-01 11:50:22,11:46:56,6.70,-0.01,4.20,42.,242.50,249.40,50.00
2026-08-01 11:51:43,11:47:56,6.72,-0.14,3.56,42.,243.60,249.80,50.00
2026-08-01 11:52:23,11:48:56,6.70,0.03,3.51,42.,244.40,250.00,50.00
2026-08-01 11:53:43,11:49:56,6.61,0.04,3.38,43.,240.40,250.10,50.00
2026-08-01 11:54:23,11:50:56,6.64,0.03,3.52,43.,245.10,250.10,50.00
2026-08-01 11:55:44,11:51:56,6.75,-0.02,3.43,44.,240.20,250.10,50.00
2026-08-01 11:56:24,11:52:56,6.77,0.11,3.51,44.,246.60,250.30,50.00
2026-08-01 11:57:45,11:53:56,6.80,0.03,3.36,45.,245.70,250.30,50.00
2026-08-01 11:58:25,11:54:56,6.80,0.13,3.88,45.,243.20,250.00,50.00
2026-08-01 11:59:45,11:55:56,6.83,0.04,3.87,45.,246.60,250.00,50.00
2026-08-01 12:00:25,11:56:56,6.86,0.07,3.78,46.,242.70,250.00,50.00
2026-08-01 12:01:46,11:57:56,6.87,0.22,4.02,46.,243.80,250.00,50.00
2026-08-01 12:02:26,11:58:56,6.87,-0.06,4.87,47.,240.20,249.00,51.00
2026-08-01 12:03:46,11:59:56,6.89,-0.10,4.75,47.,241.70,249.00,51.00
2026-08-01 12:04:27,12:00:57,6.89,0.04,5.57,47.,247.70,248.50,52.00
2026-08-01 12:05:47,12:01:57,6.84,0.01,5.46,47.,250.00,248.50,53.00
2026-08-01 12:06:27,12:02:57,6.91,5.35,5.65,47.,240.80,251.40,53.00
2026-08-01 12:07:48,12:03:57,6.83,5.27,5.48,48.,242.10,252.70,48.00
2026-08-01 12:08:28,12:04:57,6.69,5.25,5.45,50.,243.80,252.90,47.00
2026-08-01 12:09:48,12:05:57,6.83,6.28,6.51,51.,244.90,252.90,45.00
2026-08-01 12:10:28,12:06:57,6.86,6.33,6.57,52.,242.30,252.90,45.00
2026-08-01 12:11:49,12:07:57,6.84,4.97,5.16,53.,242.90,253.20,44.00
2026-08-01 12:12:29,12:08:57,6.94,3.17,5.07,53.,244.20,252.00,44.00
2026-08-01 12:13:49,12:09:57,6.76,1.02,4.70,54.,246.80,250.70,46.00
2026-08-01 12:14:30,12:10:57,6.89,0.09,4.49,54.,250.40,249.80,47.00
2026-08-01 12:15:50,12:11:57,6.89,0.05,4.55,55.,247.20,249.80,48.00
2026-08-01 12:16:30,12:12:57,6.76,0.11,4.45,55.,247.20,249.60,49.00
2026-08-01 12:17:51,12:13:57,6.90,0.08,4.64,55.,248.30,249.70,50.00
2026-08-01 12:18:31,12:14:58,6.75,0.03,4.60,56.,247.40,249.80,50.00
2026-08-01 12:19:51,12:15:58,6.82,0.08,4.63,56.,247.20,249.70,50.00
2026-08-01 12:20:32,12:16:58,6.96,0.06,4.57,56.,246.40,250.00,51.00
2026-08-01 12:21:52,12:17:58,6.94,-0.04,4.43,57.,242.70,250.00,51.00
2026-08-01 12:22:32,12:18:58,6.86,4.23,4.44,57.,236.70,253.20,49.00
2026-08-01 12:23:52,12:19:58,6.84,4.24,4.44,59.,235.70,253.70,47.00
2026-08-01 12:24:33,12:20:58,6.89,4.97,5.21,60.,232.50,254.00,46.00
2026-08-01 12:25:53,12:21:58,6.90,5.11,5.35,61.,233.70,254.20,45.00
2026-08-01 12:26:33,12:22:58,6.89,5.38,5.59,61.,234.40,254.30,44.00
2026-08-01 12:27:54,12:23:58,6.89,5.52,5.75,62.,234.00,254.30,44.00
2026-08-01 12:28:34,12:24:58,6.87,5.31,5.52,63.,234.80,254.30,43.00
2026-08-01 12:29:54,12:25:58,6.93,5.18,5.45,64.,230.80,254.30,43.00
2026-08-01 12:30:34,12:26:58,6.91,5.22,5.47,65.,232.70,254.30,42.00
2026-08-01 12:31:55,12:27:58,6.92,3.64,5.55,67.,230.30,253.00,43.00
2026-08-01 12:32:35,12:28:59,6.97,2.14,5.69,67.,233.50,251.70,45.00
2026-08-01 12:33:55,12:29:59,7.01,0.44,5.93,68.,235.90,250.60,47.00
2026-08-01 12:34:35,12:30:59,6.98,-0.10,5.33,68.,238.50,250.40,49.00
2026-08-01 12:35:56,12:31:59,7.06,-0.06,4.92,68.,236.70,250.70,50.00
2026-08-01 12:36:36,12:32:59,7.02,-0.04,4.88,68.,238.50,250.70,50.00
2026-08-01 12:37:56,12:33:59,7.06,-0.26,4.45,69.,239.10,251.00,51.00
2026-08-01 12:38:37,12:34:59,6.98,-0.03,4.49,69.,238.50,251.10,51.00
2026-08-01 12:39:57,12:35:59,6.85,-0.06,4.28,69.,238.00,251.30,51.00
2026-08-01 12:40:37,12:36:59,6.83,4.18,4.34,70.,231.80,254.80,47.00
2026-08-01 12:41:58,12:37:59,6.82,4.29,4.44,71.,234.80,254.80,46.00
2026-08-01 12:42:38,12:38:59,6.94,4.31,4.58,72.,236.10,254.80,45.00
2026-08-01 12:43:58,12:39:59,6.90,4.50,4.73,73.,233.50,254.90,44.00
2026-08-01 12:44:38,12:40:59,6.89,5.43,5.65,75.,230.10,254.80,44.00
2026-08-01 12:45:59,12:41:59,6.93,5.63,5.89,76.,229.70,254.80,43.00
2026-08-01 12:46:39,12:43:00,5.57,5.37,5.52,76.,229.00,253.70,43.00
2026-08-01 12:47:59,12:44:00,6.90,5.46,5.69,77.,230.10,254.90,43.00
2026-08-01 12:48:40,12:45:00,6.96,5.47,5.76,78.,225.80,254.90,42.00
2026-08-01 12:50:00,12:46:00,6.91,5.59,5.83,79.,230.50,255.00,42.00
2026-08-01 12:50:40,12:47:00,6.90,5.60,5.82,80.,231.00,255.00,42.00
2026-08-01 12:52:01,12:48:00,6.93,5.69,5.94,81.,230.30,255.20,42.00
2026-08-01 12:52:41,12:49:00,6.96,5.55,5.83,82.,232.90,255.30,42.00
2026-08-01 12:53:21,12:50:00,6.92,5.51,5.74,84.,232.70,255.60,42.00
2026-08-01 12:54:41,12:51:00,6.91,5.39,5.60,84.,235.70,255.80,41.00
2026-08-01 12:55:22,12:52:00,6.95,5.23,5.47,86.,234.20,256.20,41.00
2026-08-01 12:56:42,12:53:00,6.25,5.15,5.39,87.,235.20,256.10,41.00
2026-08-01 12:57:22,12:54:00,6.96,5.18,5.39,89.,233.10,257.90,41.00
2026-08-01 12:58:43,12:55:00,3.06,4.82,4.98,92.,236.30,254.50,41.00
2026-08-01 12:59:23,12:56:00,3.06,5.00,5.16,93.,235.00,255.00,41.00
2026-08-01 13:00:43,12:57:00,3.06,4.99,5.13,95.,236.70,256.50,41.00
2026-08-01 13:01:23,12:58:01,3.11,4.96,5.12,96.,237.40,259.10,41.00
2026-08-01 13:02:44,12:59:01,0.85,5.00,4.95,98.,238.90,258.40,41.00
2026-08-01 13:03:24,13:00:01,0.05,5.00,5.03,100,237.60,255.90,41.00
2026-08-01 13:05:24,13:02:01,2.62,3.04,5.64,100,232.70,253.60,42.00
2026-08-01 13:07:25,13:03:01,4.47,1.29,5.65,100,235.50,253.20,45.00
2026-08-01 13:08:46,13:04:01,6.26,-0.83,5.41,100,237.20,252.70,47.00
2026-08-01 13:09:26,13:05:01,7.15,-1.88,5.25,100,244.70,252.40,50.00
2026-08-01 13:10:46,13:06:01,7.13,-1.97,5.14,100,243.60,252.30,52.00
2026-08-01 13:11:27,13:07:01,7.23,-2.02,5.19,100,244.20,251.90,53.00
2026-08-01 13:12:47,13:08:01,7.20,-2.04,5.14,100,244.40,251.90,54.00
2026-08-01 13:13:27,13:09:01,7.21,-2.07,5.12,100,242.50,251.60,55.00
2026-08-01 13:14:47,13:10:01,0.05,4.29,4.32,100,234.40,251.40,50.00
2026-08-01 13:15:28,13:11:01,0.05,4.19,4.22,100,235.00,251.30,47.00
2026-08-01 13:16:48,13:12:02,0.05,4.22,4.25,100,240.60,251.30,46.00
2026-08-01 13:17:28,13:13:02,0.05,4.38,4.41,100,237.60,251.10,45.00
2026-08-01 13:18:49,13:14:02,0.05,4.36,4.39,100,240.20,251.00,44.00
2026-08-01 13:19:29,13:15:02,0.05,4.30,4.33,100,240.00,251.00,43.00
2026-08-01 13:20:49,13:16:02,0.05,4.26,4.29,100,238.90,251.00,43.00
2026-08-01 13:21:29,13:17:02,0.05,4.30,4.33,100,238.20,250.90,42.00
2026-08-01 13:22:50,13:18:02,0.05,4.37,4.40,100,240.60,250.90,42.00
2026-08-01 13:23:30,13:19:02,0.05,4.65,4.68,100,238.00,250.90,41.00
2026-08-01 13:24:50,13:20:02,0.05,5.08,5.11,100,235.70,250.90,41.00
2026-08-01 13:25:31,13:21:02,0.05,5.24,5.27,100,238.70,250.90,41.00
2026-08-01 13:26:51,13:22:02,0.05,5.33,5.36,100,238.00,250.70,40.00
2026-08-01 13:27:31,13:23:02,0.74,4.20,4.94,100,240.60,250.70,40.00
2026-08-01 13:28:52,13:24:02,3.12,2.27,5.39,100,242.90,250.70,42.00
2026-08-01 13:29:32,13:25:02,4.85,0.56,5.41,100,247.20,250.60,44.00
2026-08-01 13:30:52,13:26:03,6.69,-1.18,5.51,100,250.00,250.60,47.00
2026-08-01 13:31:33,13:27:03,7.12,-1.69,5.43,100,248.90,250.60,49.00
2026-08-01 13:32:53,13:28:03,7.17,-1.40,5.77,100,250.60,250.40,51.00
2026-08-01 13:33:33,13:29:03,7.21,-1.42,5.79,100,248.50,250.40,52.00
2026-08-01 13:34:54,13:30:03,7.22,-2.02,5.20,100,249.20,250.30,53.00
2026-08-01 13:35:34,13:31:03,0.05,4.45,4.50,100,243.60,250.40,52.00
2026-08-01 13:36:54,13:32:03,0.05,4.43,4.48,100,239.30,250.30,47.00
2026-08-01 13:37:34,13:33:03,0.05,4.56,4.61,100,239.50,250.40,45.00
2026-08-01 13:38:55,13:34:03,0.05,4.42,4.47,100,237.80,250.30,44.00
2026-08-01 13:39:35,13:35:03,0.05,4.40,4.45,100,238.70,250.30,43.00
2026-08-01 13:40:55,13:36:03,0.05,4.37,4.42,100,238.20,250.30,42.00
2026-08-01 13:41:35,13:37:03,0.05,4.37,4.42,100,239.70,250.30,42.00
2026-08-01 13:42:56,13:38:03,0.05,4.48,4.53,100,240.00,250.10,41.00
2026-08-01 13:43:36,13:39:03,0.05,4.53,4.58,100,238.50,250.10,41.00
2026-08-01 13:44:57,13:40:04,0.05,4.46,4.51,100,244.20,250.10,40.00
2026-08-01 13:45:37,13:41:04,0.05,5.09,5.14,100,241.70,250.10,40.00
2026-08-01 13:46:57,13:42:04,0.05,4.95,5.00,100,240.00,250.10,40.00
2026-08-01 13:47:37,13:43:04,0.05,4.99,5.04,100,241.50,250.10,39.00
2026-08-01 13:48:58,13:44:04,0.05,4.35,4.40,100,240.80,250.10,39.00
2026-08-01 13:49:38,13:45:04,0.05,4.26,4.31,100,241.50,250.10,39.00
2026-08-01 13:50:59,13:46:04,0.05,4.34,4.39,100,240.60,250.10,39.00
2026-08-01 13:51:39,13:47:04,2.43,2.55,4.98,100,245.30,250.00,40.00
2026-08-01 13:52:59,13:48:04,4.12,0.68,4.80,100,244.40,250.00,42.00
2026-08-01 13:53:39,13:49:04,5.90,-1.18,4.72,100,245.90,250.00,45.00
2026-08-01 13:55:00,13:50:04,7.04,-2.63,4.41,100,248.70,250.00,47.00
2026-08-01 13:55:40,13:51:04,7.05,-2.71,4.34,100,249.40,250.00,49.00
2026-08-01 13:57:01,13:52:04,7.13,-2.37,4.76,100,249.60,250.00,50.00
2026-08-01 13:57:41,13:53:04,7.13,-1.42,5.71,100,246.80,250.00,51.00
2026-08-01 13:59:01,13:54:04,7.10,-0.94,6.16,100,246.20,249.80,52.00
2026-08-01 13:59:41,13:55:05,0.05,5.63,5.66,100,239.10,249.80,48.00
2026-08-01 14:00:22,13:56:05,0.05,5.65,5.68,100,240.80,249.80,46.00
2026-08-01 14:01:42,13:57:05,0.05,5.78,5.81,100,237.00,249.80,44.00
2026-08-01 14:02:22,13:58:05,0.05,5.39,5.42,100,233.10,249.80,43.00
2026-08-01 14:03:42,13:59:05,0.05,5.35,5.38,100,231.60,249.80,42.00
2026-08-01 14:04:23,14:00:05,0.05,5.42,5.47,100,238.00,249.80,42.00
2026-08-01 14:05:43,14:01:05,0.05,6.05,6.10,100,234.80,249.80,41.00
2026-08-01 14:06:23,14:02:05,0.05,6.26,6.31,100,234.20,249.80,41.00
2026-08-01 14:07:44,14:03:05,0.05,5.91,5.96,100,234.00,249.80,40.00
2026-08-01 14:08:24,14:04:05,0.05,5.82,5.89,100,238.50,249.80,40.00
2026-08-01 14:09:44,14:05:05,0.05,5.88,5.93,100,232.90,249.70,40.00
2026-08-01 14:10:24,14:06:05,0.05,5.86,5.91,100,232.90,249.70,39.00
2026-08-01 14:11:45,14:07:05,0.05,5.77,5.82,100,234.80,249.70,39.00
2026-08-02 11:45:00,11:40:56,6.66,-0.08,6.26,34.,239.50,247.20,55.00
2026-08-02 11:45:40,11:41:56,6.69,-0.12,6.01,34.,237.20,247.50,55.00
2026-08-02 11:47:01,11:42:56,6.70,-0.08,5.66,34.,239.50,247.80,55.00
2026-08-02 11:47:41,11:43:56,6.74,-0.01,5.42,34.,239.50,248.10,55.00
2026-08-02 11:49:01,11:44:56,6.57,-0.02,5.41,34.,240.40,248.00,55.00
2026-08-02 11:49:41,11:45:56,6.78,0.04,5.49,34.,244.90,248.10,55.00
2026-08-02 11:51:02,11:46:56,6.80,0.05,5.54,35.,244.20,248.10,55.00
2026-08-02 11:51:42,11:47:57,6.76,0.02,5.47,35.,243.80,248.10,55.00
2026-08-02 11:53:02,11:48:57,6.82,0.00,5.34,35.,246.20,248.30,55.00
2026-08-02 11:53:42,11:49:57,6.77,0.00,5.33,35.,243.80,248.40,55.00
2026-08-02 11:55:03,11:50:57,6.75,0.01,5.22,35.,243.40,248.40,55.00
2026-08-02 11:55:43,11:51:57,6.79,-0.16,4.27,36.,246.40,249.00,55.00
2026-08-02 11:57:03,11:52:57,6.86,-0.08,3.84,36.,240.80,249.60,55.00
2026-08-02 11:57:44,11:53:57,6.80,0.03,3.94,36.,244.00,249.70,54.00
2026-08-02 11:59:04,11:54:57,6.86,0.10,3.99,37.,245.50,249.80,54.00
2026-08-02 11:59:44,11:55:57,6.85,0.08,4.54,37.,247.40,249.30,54.00
2026-08-02 12:00:24,11:56:57,6.84,0.03,4.81,37.,245.30,249.10,54.00
2026-08-02 12:01:45,11:57:57,6.94,0.06,4.76,38.,244.20,249.00,54.00
2026-08-02 12:02:25,11:58:57,6.92,-0.02,4.76,38.,247.20,249.00,54.00
2026-08-02 12:03:45,11:59:57,6.99,-0.03,4.62,38.,239.30,249.10,54.00
2026-08-02 12:04:26,12:00:57,7.00,0.06,4.75,39.,245.30,249.10,54.00
2026-08-02 12:05:46,12:01:58,7.07,0.45,5.31,39.,240.60,249.00,54.00
2026-08-02 12:06:26,12:02:58,6.98,-0.04,5.58,39.,243.80,248.40,54.00
2026-08-02 12:07:46,12:03:58,6.98,-0.07,5.37,39.,243.80,248.40,55.00
2026-08-02 12:08:27,12:04:58,7.04,-0.04,5.22,40.,245.50,248.70,55.00
2026-08-02 12:09:47,12:05:58,6.87,-0.04,4.99,40.,244.00,248.70,55.00
2026-08-02 12:10:28,12:06:58,6.86,4.53,4.78,40.,238.20,252.30,52.00
2026-08-02 12:11:48,12:07:58,6.84,4.67,4.90,42.,238.90,252.70,49.00
2026-08-02 12:12:28,12:08:58,6.91,4.60,4.90,43.,238.00,252.70,48.00
2026-08-02 12:13:49,12:09:58,6.87,6.10,6.33,44.,238.70,252.60,47.00
2026-08-02 12:14:29,12:10:58,6.88,4.54,4.81,45.,239.30,252.60,46.00
2026-08-02 12:15:49,12:11:58,6.98,3.78,4.74,46.,240.40,252.20,45.00
2026-08-02 12:16:29,12:12:58,7.03,2.15,4.79,46.,241.00,251.00,46.00
2026-08-02 12:17:50,12:13:58,7.05,0.05,4.23,47.,243.40,249.60,48.00
2026-08-02 12:18:30,12:14:58,7.10,0.01,4.22,47.,248.10,249.70,49.00
2026-08-02 12:19:50,12:15:58,7.02,0.03,4.21,47.,246.20,249.60,49.00
2026-08-02 12:20:31,12:16:59,7.04,0.05,4.17,48.,242.30,249.60,50.00
2026-08-02 12:21:51,12:17:59,6.97,0.06,4.06,48.,245.70,249.70,50.00
2026-08-02 12:22:31,12:18:59,7.15,0.04,4.00,50.,243.20,249.80,50.00
2026-08-02 12:23:52,12:19:59,7.10,0.02,3.95,50.,244.40,250.00,50.00
2026-08-02 12:24:32,12:20:59,6.95,0.04,3.92,50.,245.90,249.80,50.00
2026-08-02 12:25:52,12:21:59,7.05,0.10,4.13,51.,245.10,249.80,50.00
2026-08-02 12:26:33,12:22:59,7.13,0.00,3.98,51.,245.50,250.00,50.00
2026-08-02 12:27:53,12:23:59,7.14,0.15,5.35,52.,242.70,249.00,51.00
2026-08-02 12:28:33,12:24:59,7.13,-0.04,5.18,52.,244.40,249.00,52.00
2026-08-02 12:29:54,12:25:59,7.03,-0.03,5.21,52.,243.80,248.80,53.00
2026-08-02 12:30:34,12:26:59,7.14,0.00,5.05,52.,242.30,249.10,53.00
2026-08-02 12:31:54,12:27:59,7.11,-0.01,5.14,53.,245.10,249.00,53.00
2026-08-02 12:32:34,12:28:59,7.16,0.02,5.17,53.,246.80,249.00,53.00
2026-08-02 12:33:55,12:29:59,7.24,0.00,5.13,53.,245.50,249.30,54.00
2026-08-02 12:34:35,12:31:00,7.17,0.01,5.09,53.,246.80,249.30,54.00
2026-08-02 12:35:55,12:32:00,7.19,-0.03,5.15,54.,247.90,249.10,54.00
2026-08-02 12:36:36,12:33:00,7.24,0.07,5.17,54.,249.60,249.30,54.00
2026-08-02 12:37:56,12:34:00,7.01,0.02,4.59,54.,250.90,249.60,54.00
2026-08-02 12:38:36,12:35:00,7.06,0.00,4.26,55.,247.20,250.10,54.00
2026-08-02 12:39:56,12:36:00,6.76,0.04,4.08,55.,248.90,250.10,54.00
2026-08-02 12:40:37,12:37:00,7.26,0.06,4.27,55.,248.50,250.40,54.00
2026-08-02 12:41:57,12:38:00,7.11,0.04,4.28,56.,246.20,250.40,54.00
2026-08-02 12:42:37,12:39:00,7.24,0.10,4.41,56.,247.40,250.60,54.00
2026-08-02 12:43:58,12:40:00,7.08,0.10,4.30,56.,250.00,250.30,54.00
2026-08-02 12:44:38,12:41:00,7.13,0.08,4.33,57.,247.40,250.70,54.00
2026-08-02 12:45:58,12:42:00,7.25,0.99,5.21,57.,247.40,250.70,54.00
2026-08-02 12:46:38,12:43:00,7.10,0.11,4.61,59.,247.40,250.70,54.00
2026-08-02 12:47:59,12:44:00,7.26,0.41,5.02,59.,247.40,250.60,54.00
2026-08-02 12:48:39,12:45:01,7.18,-0.02,5.79,59.,244.70,249.80,54.00
2026-08-02 12:49:59,12:46:01,7.09,-0.02,5.53,59.,246.60,249.80,55.00
2026-08-02 12:52:00,12:47:01,7.25,-0.06,5.37,60.,246.60,250.10,55.00
2026-08-02 12:52:40,12:48:01,7.17,0.01,5.16,60.,246.80,250.40,55.00
2026-08-02 12:54:01,12:49:01,6.89,4.89,5.12,61.,241.70,254.30,50.00
2026-08-02 12:54:41,12:50:01,6.89,4.89,5.11,62.,241.20,254.60,49.00
2026-08-02 12:56:01,12:51:01,6.92,5.04,5.29,62.,240.20,254.60,47.00
2026-08-02 12:56:41,12:52:01,6.88,5.17,5.38,63.,242.50,254.60,46.00
2026-08-02 12:58:02,12:53:01,6.90,6.22,6.45,64.,234.80,254.60,46.00
2026-08-02 12:58:42,12:54:01,6.97,4.22,6.05,65.,238.50,253.50,45.00
2026-08-02 13:00:03,12:55:01,7.22,2.24,5.76,67.,242.50,252.30,47.00
2026-08-02 13:00:43,12:56:01,7.22,0.05,5.09,67.,247.20,251.00,49.00
2026-08-02 13:02:03,12:57:01,7.22,1.21,6.38,67.,250.40,250.70,50.00
2026-08-02 13:02:43,12:58:01,7.22,-0.01,6.38,67.,251.30,249.80,53.00
2026-08-02 13:04:04,12:59:02,7.02,0.14,6.42,67.,251.70,249.70,54.00
2026-08-02 13:04:44,13:00:02,7.26,0.12,6.56,68.,249.20,249.80,54.00
2026-08-02 13:06:04,13:01:02,7.19,0.21,6.66,68.,250.00,249.60,55.00
2026-08-02 13:06:45,13:02:02,7.14,0.16,6.61,68.,250.60,249.70,56.00
2026-08-02 13:07:25,13:03:02,7.20,0.14,6.09,68.,250.60,250.00,56.00
2026-08-02 13:08:45,13:04:02,6.89,5.77,6.01,68.,241.90,254.20,53.00
2026-08-02 13:09:25,13:05:02,6.93,5.97,6.23,69.,247.00,254.90,50.00
2026-08-02 13:10:46,13:06:02,6.93,6.67,6.93,70.,242.30,254.90,48.00
2026-08-02 13:11:26,13:07:02,6.89,6.78,7.00,71.,240.80,254.90,47.00
2026-08-02 13:12:46,13:08:02,6.94,6.63,6.90,72.,240.00,254.90,46.00
2026-08-02 13:13:27,13:09:02,7.26,5.89,6.50,73.,241.70,254.60,45.00
2026-08-02 13:14:47,13:10:02,7.38,2.63,5.17,75.,244.20,253.30,46.00
2026-08-02 13:15:27,13:11:02,7.31,1.00,5.22,75.,244.20,252.00,48.00
2026-08-02 13:16:48,13:12:02,7.24,0.05,5.36,75.,247.20,251.00,50.00
2026-08-02 13:17:28,13:13:02,7.31,-0.04,5.32,76.,244.90,251.00,51.00
2026-08-02 13:18:48,13:14:03,7.32,0.04,5.41,76.,247.70,250.90,52.00
2026-08-02 13:19:28,13:15:03,7.35,0.00,5.57,76.,246.60,250.70,53.00
2026-08-02 13:20:49,13:16:03,7.34,-0.06,5.33,76.,245.30,250.90,53.00
2026-08-02 13:21:29,13:17:03,7.28,-0.41,4.87,77.,248.30,251.10,54.00
2026-08-02 13:22:49,13:18:03,7.31,-0.04,4.68,77.,248.10,251.60,54.00
2026-08-02 13:23:30,13:19:03,7.32,0.04,4.70,77.,248.10,251.70,54.00
2026-08-02 13:24:50,13:20:03,7.28,0.38,5.30,78.,248.10,251.40,54.00
2026-08-02 13:25:30,13:21:03,7.26,0.00,7.38,78.,249.60,249.80,54.00
2026-08-02 13:26:51,13:22:03,7.27,0.38,6.30,78.,250.60,250.10,55.00
2026-08-02 13:27:31,13:23:03,6.89,6.18,6.41,78.,245.30,254.20,54.00
2026-08-02 13:28:51,13:24:03,6.87,5.99,6.17,80.,244.70,255.60,50.00
2026-08-02 13:29:31,13:25:03,6.92,6.02,6.24,81.,246.40,255.80,48.00
2026-08-02 13:30:52,13:26:03,6.93,6.03,6.26,82.,246.20,255.80,47.00
2026-08-02 13:31:32,13:27:04,6.97,6.16,6.43,82.,245.10,255.90,46.00
2026-08-02 13:32:52,13:28:04,6.93,6.99,7.22,84.,241.90,256.10,46.00
2026-08-02 13:33:32,13:29:04,7.00,7.05,7.34,86.,241.50,256.30,45.00
2026-08-02 13:34:53,13:30:04,6.97,5.50,5.74,87.,236.70,256.90,44.00
2026-08-02 13:35:33,13:31:04,6.99,4.84,5.08,89.,235.90,258.10,44.00
2026-08-02 13:36:53,13:32:04,3.12,4.85,5.07,92.,233.10,254.50,43.00
2026-08-02 13:37:34,13:33:04,3.12,4.70,4.92,93.,227.30,254.90,43.00
2026-08-02 13:38:54,13:34:04,3.11,4.85,5.04,95.,225.40,256.20,43.00
2026-08-02 13:39:34,13:35:04,3.11,5.91,6.08,96.,222.80,258.50,43.00
2026-08-02 13:40:55,13:36:04,0.87,5.69,5.69,98.,225.40,257.50,42.00
2026-08-02 13:41:35,13:37:04,0.05,5.14,5.17,100,229.30,255.30,42.00
2026-08-02 13:42:55,13:38:04,0.05,4.45,4.48,100,230.30,253.70,42.00
2026-08-02 13:43:35,13:39:04,0.05,4.17,4.20,100,232.70,253.00,42.00
2026-08-02 13:44:56,13:40:04,0.05,4.26,4.29,100,233.30,252.60,41.00
2026-08-02 13:45:36,13:41:04,2.28,2.14,4.40,100,238.70,252.40,42.00
2026-08-02 13:46:56,13:42:05,4.05,0.55,4.58,100,241.20,252.20,44.00
2026-08-02 13:47:37,13:43:05,5.78,-1.23,4.53,100,244.90,251.90,47.00
2026-08-02 13:48:57,13:44:05,7.10,-2.48,4.60,100,240.80,251.40,50.00
2026-08-02 13:49:38,13:45:05,7.11,-2.21,4.88,100,243.60,251.40,52.00
2026-08-02 13:50:58,13:46:05,7.14,-2.25,4.92,100,247.00,251.10,53.00
2026-08-02 13:51:38,13:47:05,7.23,-1.62,5.59,100,244.40,251.10,54.00
2026-08-02 13:52:59,13:48:05,7.10,-2.28,4.80,100,245.10,251.00,55.00
2026-08-02 13:53:39,13:49:05,7.17,-1.33,5.82,100,240.40,251.00,56.00
2026-08-02 13:54:59,13:50:05,0.05,6.15,6.18,100,235.50,251.00,50.00
2026-08-02 13:55:39,13:51:05,0.05,6.35,6.38,100,237.40,251.00,48.00
2026-08-02 13:57:00,13:52:05,0.05,5.28,5.31,100,234.00,250.90,46.00
2026-08-02 13:57:40,13:53:05,0.05,5.21,5.24,100,232.30,250.90,45.00
2026-08-02 13:59:00,13:54:05,0.05,5.19,5.24,100,227.50,250.90,44.00
2026-08-02 13:59:41,13:55:05,0.05,5.31,5.34,100,228.00,250.90,44.00
2026-08-02 14:01:01,13:56:06,0.05,5.26,5.31,100,229.30,250.70,43.00
2026-08-02 14:01:41,13:57:06,0.05,5.45,5.48,100,227.30,250.70,42.00
2026-08-02 14:03:02,13:58:06,0.05,5.42,5.45,100,229.50,250.70,42.00
2026-08-02 14:03:42,13:59:06,0.05,4.92,4.95,100,228.40,250.70,42.00
2026-08-02 14:05:02,14:00:06,0.05,5.04,5.07,100,231.60,250.60,41.00
2026-08-02 14:05:42,14:01:06,0.05,4.98,5.01,100,228.20,250.60,41.00
2026-08-02 14:07:03,14:02:06,0.05,4.48,4.53,100,231.00,250.60,40.00
2026-08-02 14:07:43,14:03:06,0.05,4.34,4.39,100,229.90,250.60,40.00
2026-08-02 14:09:03,14:04:06,0.05,4.29,4.34,100,235.70,250.60,40.00
2026-08-02 14:09:44,14:05:06,0.05,4.35,4.40,100,229.70,250.60,40.00
2026-08-02 14:11:04,14:06:06,1.55,2.91,4.46,100,233.30,250.40,40.00
2026-08-02 14:11:44,14:07:06,3.41,0.92,4.33,100,233.30,250.40,41.00
2026-08-03 11:45:02,11:40:56,6.81,4.78,4.99,29.,242.50,252.20,43.00
2026-08-03 11:45:42,11:41:56,6.80,3.20,5.06,30.,244.90,251.00,44.00
2026-08-03 11:47:02,11:42:56,6.83,1.49,5.13,30.,247.00,249.60,45.00
2026-08-03 11:47:42,11:43:56,6.86,0.08,5.16,30.,247.20,248.40,47.00
2026-08-03 11:49:03,11:44:56,6.89,-0.26,4.95,31.,248.30,248.40,49.00
2026-08-03 11:49:43,11:45:56,6.85,0.00,4.62,31.,249.20,248.50,49.00
2026-08-03 11:51:03,11:46:56,6.93,0.09,4.81,31.,249.40,248.70,49.00
2026-08-03 11:51:43,11:47:56,6.92,0.12,4.76,32.,247.70,248.70,50.00
2026-08-03 11:53:04,11:48:56,6.94,0.10,4.73,32.,249.20,248.70,50.00
2026-08-03 11:53:44,11:49:56,6.94,0.15,4.86,32.,249.20,248.70,50.00
2026-08-03 11:55:04,11:50:56,6.98,0.11,4.88,32.,249.80,248.70,51.00
2026-08-03 11:55:44,11:51:56,6.95,0.10,4.69,34.,250.20,248.80,51.00
2026-08-03 11:57:05,11:52:57,6.96,0.11,4.74,34.,248.90,248.80,51.00
2026-08-03 11:57:45,11:53:57,6.97,0.07,4.76,34.,250.90,248.80,51.00
2026-08-03 11:59:06,11:54:57,7.01,0.18,4.98,35.,250.20,248.80,51.00
2026-08-03 11:59:46,11:55:57,6.85,5.44,5.68,35.,236.50,251.70,51.00
2026-08-03 12:01:06,11:56:57,6.85,5.95,6.17,36.,238.50,252.30,47.00
2026-08-03 12:01:46,11:57:57,6.90,5.82,6.09,37.,240.00,252.30,46.00
2026-08-03 12:03:07,11:58:57,6.87,5.75,5.99,38.,246.60,252.30,45.00
2026-08-03 12:03:47,11:59:57,6.82,5.72,5.91,38.,245.50,252.40,44.00
2026-08-03 12:05:07,12:00:57,6.90,6.61,6.88,39.,244.90,252.30,43.00
2026-08-03 12:05:48,12:01:57,6.87,6.55,6.79,40.,246.20,252.40,43.00
2026-08-03 12:06:28,12:02:57,6.85,6.72,6.95,42.,245.50,252.40,42.00
2026-08-03 12:07:48,12:03:57,6.87,7.40,7.66,43.,240.60,252.30,42.00
2026-08-03 12:08:29,12:04:57,6.88,7.38,7.63,44.,243.20,252.40,42.00
2026-08-03 12:09:49,12:05:57,6.88,6.37,6.62,45.,241.90,252.40,41.00
2026-08-03 12:10:29,12:06:58,6.90,5.82,6.09,46.,245.50,252.40,41.00
2026-08-03 12:11:49,12:07:58,5.94,9.41,9.56,46.,231.40,252.00,41.00
2026-08-03 12:12:30,12:08:58,6.87,9.78,10.02,47.,231.40,252.40,41.00
2026-08-03 12:13:50,12:09:58,6.91,9.77,10.04,48.,232.00,252.60,40.00
2026-08-03 12:14:30,12:10:58,7.01,6.45,7.41,50.,242.10,252.20,40.00
2026-08-03 12:15:51,12:11:58,7.25,4.50,7.29,51.,244.70,251.00,42.00
2026-08-03 12:16:31,12:12:58,7.03,3.00,7.54,51.,240.80,249.60,44.00
2026-08-03 12:17:51,12:13:58,7.25,0.72,6.96,51.,245.70,248.10,47.00
2026-08-03 12:18:31,12:14:58,7.22,0.04,7.09,51.,244.90,247.20,50.00
2026-08-03 12:19:52,12:15:58,7.26,0.05,6.87,51.,247.90,247.10,51.00
2026-08-03 12:20:32,12:16:58,7.21,0.02,7.50,52.,244.70,246.70,52.00
2026-08-03 12:21:52,12:17:58,7.17,0.03,6.86,52.,247.40,247.00,53.00
2026-08-03 12:22:32,12:18:58,7.25,-0.08,6.90,52.,240.20,247.00,54.00
2026-08-03 12:23:53,12:19:58,6.83,5.81,6.03,52.,234.80,251.90,51.00
2026-08-03 12:24:33,12:20:59,6.91,5.82,6.11,53.,233.30,252.90,48.00
2026-08-03 12:25:53,12:21:59,6.89,6.26,6.52,54.,234.20,253.30,46.00
2026-08-03 12:26:34,12:22:59,6.90,6.18,6.44,54.,233.70,253.50,45.00
2026-08-03 12:27:54,12:23:59,6.88,6.18,6.40,55.,232.30,253.60,44.00
2026-08-03 12:28:34,12:24:59,6.88,6.20,6.44,56.,239.70,253.70,44.00
2026-08-03 12:29:55,12:25:59,6.88,6.21,6.44,57.,233.70,253.90,43.00
2026-08-03 12:30:35,12:26:59,6.91,6.15,6.39,59.,230.30,253.90,43.00
2026-08-03 12:31:55,12:27:59,6.91,6.16,6.39,60.,244.20,254.00,42.00
2026-08-03 12:32:35,12:28:59,6.93,6.22,6.49,61.,234.40,254.20,42.00
2026-08-03 12:33:56,12:29:59,6.90,6.47,6.71,62.,233.30,254.20,41.00
2026-08-03 12:34:36,12:30:59,6.93,6.83,7.10,62.,241.90,254.20,41.00
2026-08-03 12:35:56,12:31:59,6.00,4.47,6.08,63.,244.70,252.30,41.00
2026-08-03 12:36:37,12:32:59,7.35,2.43,5.98,64.,237.40,252.00,43.00
2026-08-03 12:37:57,12:33:59,7.20,0.48,5.78,64.,250.20,250.70,46.00
2026-08-03 12:38:37,12:34:59,7.36,0.06,5.90,64.,247.40,250.10,48.00
2026-08-03 12:39:58,12:36:00,7.37,0.02,5.72,64.,242.30,250.10,49.00
2026-08-03 12:40:38,12:37:00,7.35,0.11,6.11,65.,243.40,250.10,50.00
2026-08-03 12:41:58,12:38:00,7.39,0.05,6.09,65.,244.20,250.00,51.00
2026-08-03 12:42:38,12:39:00,7.37,0.06,6.06,65.,243.20,250.00,52.00
2026-08-03 12:43:59,12:40:00,7.36,0.22,6.46,65.,240.00,250.00,53.00
2026-08-03 12:44:39,12:41:00,6.89,6.70,6.94,67.,233.10,254.00,50.00
2026-08-03 12:45:59,12:42:00,6.94,6.69,6.96,68.,235.90,254.60,47.00
2026-08-03 12:46:39,12:43:00,6.92,6.66,6.91,69.,235.00,254.80,46.00
2026-08-03 12:48:00,12:44:00,6.93,6.32,6.58,69.,235.90,254.80,45.00
2026-08-03 12:48:40,12:45:00,6.92,6.28,6.53,70.,239.50,254.80,44.00
2026-08-03 12:50:00,12:46:00,6.93,6.63,6.89,71.,237.60,254.80,43.00
2026-08-03 12:50:41,12:47:00,6.94,6.47,6.74,72.,234.20,254.80,43.00
2026-08-03 12:52:01,12:48:00,6.95,6.55,6.83,73.,234.00,254.80,42.00
2026-08-03 12:52:41,12:49:00,6.94,7.13,7.40,75.,237.00,254.80,42.00
2026-08-03 12:54:02,12:50:01,6.95,6.97,7.25,76.,234.20,254.80,42.00
2026-08-03 12:54:42,12:51:01,6.92,6.60,6.85,77.,240.40,254.80,41.00
2026-08-03 12:56:02,12:52:01,6.92,7.54,7.79,77.,244.90,254.90,41.00
2026-08-03 12:58:03,12:53:01,6.95,7.51,7.78,78.,243.20,255.00,41.00
2026-08-03 13:00:04,12:55:01,6.95,7.82,8.08,81.,244.70,255.50,40.00
2026-08-03 13:00:44,12:56:01,6.95,7.80,8.06,82.,247.70,255.60,40.00
2026-08-03 13:02:04,12:57:01,7.40,4.48,6.46,85.,249.60,254.80,41.00
2026-08-03 13:02:45,12:58:01,7.49,2.79,6.61,87.,250.00,253.50,43.00
2026-08-03 13:04:05,12:59:01,7.32,1.13,6.62,88.,248.30,251.60,46.00
2026-08-03 13:04:45,13:00:01,7.44,0.15,6.09,89.,249.40,251.00,48.00
2026-08-03 13:06:06,13:01:01,7.37,0.05,6.30,89.,249.80,250.90,49.00
2026-08-03 13:06:46,13:02:01,7.46,0.38,6.82,89.,248.10,250.70,51.00
2026-08-03 13:08:07,13:03:01,7.46,0.01,7.10,89.,248.10,249.70,52.00
2026-08-03 13:08:47,13:04:02,7.52,-0.03,7.17,89.,250.90,249.40,54.00
2026-08-03 13:10:07,13:05:02,3.08,6.81,7.02,92.,244.00,252.20,50.00
2026-08-03 13:10:47,13:06:02,3.08,8.71,8.90,94.,237.40,253.60,47.00
2026-08-03 13:12:08,13:07:02,3.13,8.41,8.64,95.,240.20,254.50,46.00
2026-08-03 13:12:48,13:08:02,3.13,8.40,8.63,97.,240.20,255.20,45.00
2026-08-03 13:13:28,13:09:02,3.12,8.26,8.46,98.,238.20,256.30,44.00
2026-08-03 13:14:49,13:10:02,0.05,7.66,7.69,100,238.90,252.60,43.00
2026-08-03 13:15:29,13:11:02,0.05,7.52,7.55,100,238.70,251.40,43.00
2026-08-03 13:16:49,13:12:02,0.05,7.52,7.55,100,239.70,251.00,42.00
2026-08-03 13:17:29,13:13:02,0.05,7.55,7.58,100,237.60,250.40,42.00
2026-08-03 13:18:50,13:14:02,0.05,7.25,7.28,100,240.40,250.10,41.00
2026-08-03 13:19:30,13:15:02,0.05,7.23,7.26,100,240.40,250.00,41.00
2026-08-03 13:20:50,13:16:02,0.05,6.98,7.01,100,239.50,249.80,41.00
2026-08-03 13:21:31,13:17:02,2.32,5.50,7.80,100,245.30,249.80,41.00
2026-08-03 13:22:51,13:18:03,4.17,3.58,7.75,100,247.40,249.70,43.00
2026-08-03 13:23:31,13:19:03,5.86,1.80,7.66,100,245.90,249.70,46.00
2026-08-03 13:24:52,13:20:03,7.42,0.04,7.65,100,246.80,249.60,49.00
2026-08-03 13:25:32,13:21:03,7.31,-0.12,7.41,100,248.30,249.10,51.00
2026-08-03 13:26:52,13:22:03,3.40,2.00,5.40,100,250.60,249.10,50.00
2026-08-03 13:27:32,13:23:03,2.84,2.57,5.41,100,249.20,249.10,49.00
2026-08-03 13:28:53,13:24:03,4.97,0.77,5.74,100,250.90,249.10,50.00
2026-08-03 13:29:33,13:25:03,0.05,6.05,6.10,100,242.10,249.00,52.00
2026-08-03 13:30:53,13:26:03,0.05,6.16,6.21,100,242.70,249.00,46.00
2026-08-03 13:31:34,13:27:03,0.05,6.05,6.10,100,245.10,249.00,44.00
2026-08-03 13:32:54,13:28:03,0.05,5.23,5.28,100,233.70,249.00,43.00
2026-08-03 13:33:34,13:29:03,0.05,5.18,5.23,100,234.80,249.00,42.00
2026-08-03 13:34:55,13:30:03,0.05,5.32,5.37,100,240.80,249.00,42.00
2026-08-03 13:35:35,13:31:03,0.05,5.35,5.40,100,240.60,249.00,41.00
2026-08-03 13:36:56,13:32:03,0.05,5.42,5.47,100,241.20,249.00,41.00
2026-08-03 13:37:36,13:33:04,0.05,5.31,5.36,100,241.20,249.00,40.00
2026-08-03 13:38:56,13:34:04,0.05,5.35,5.40,100,240.60,249.00,40.00
2026-08-03 13:39:36,13:35:04,0.05,5.12,5.17,100,241.70,249.00,39.00
2026-08-03 13:40:57,13:36:04,2.30,3.28,5.58,100,248.10,249.00,40.00
2026-08-03 13:41:37,13:37:04,4.09,0.84,4.93,100,248.50,249.00,42.00
2026-08-03 13:42:57,13:38:04,5.95,-0.89,5.06,100,244.20,249.00,45.00
2026-08-03 13:43:37,13:39:04,7.20,-2.13,5.07,100,243.20,249.00,48.00
2026-08-03 13:44:58,13:40:04,7.19,-2.24,4.95,100,243.80,248.80,49.00
2026-08-03 13:45:38,13:41:04,7.32,-2.24,5.08,100,240.80,249.00,51.00
2026-08-03 13:46:59,13:42:04,7.31,-2.12,5.19,100,242.50,248.80,52.00
2026-08-03 13:47:39,13:43:04,7.32,-2.37,4.95,100,242.90,248.80,53.00
2026-08-03 13:49:00,13:44:04,7.27,-2.39,4.88,100,244.00,248.80,53.00
2026-08-03 13:49:40,13:45:04,0.05,5.75,5.80,100,233.50,248.80,47.00
2026-08-03 13:51:00,13:46:04,0.05,6.05,6.10,100,234.00,248.80,45.00
2026-08-03 13:51:40,13:47:05,0.05,5.64,5.69,100,234.60,249.00,44.00
2026-08-03 13:53:01,13:48:05,0.05,5.53,5.58,100,234.60,248.80,43.00
2026-08-03 13:53:41,13:49:05,0.05,5.48,5.53,100,235.90,248.80,42.00
2026-08-03 13:55:01,13:50:05,0.05,5.50,5.55,100,234.00,248.80,41.00
2026-08-03 13:55:42,13:51:05,0.05,5.26,5.31,100,234.80,248.80,41.00
2026-08-03 13:57:02,13:52:05,0.05,5.17,5.22,100,232.90,248.80,40.00
2026-08-03 13:57:42,13:53:05,1.68,3.70,5.38,100,235.70,248.80,40.00
2026-08-03 13:59:02,13:54:05,3.37,2.01,5.38,100,237.00,248.80,42.00
2026-08-03 13:59:42,13:55:05,5.20,-0.26,4.94,100,248.90,248.80,44.00
2026-08-03 14:01:03,13:56:05,6.88,-1.99,4.89,100,242.50,248.80,47.00
2026-08-03 14:01:43,13:57:05,7.19,-2.38,4.81,100,242.30,248.80,49.00
2026-08-03 14:03:03,13:58:05,7.14,-2.66,4.48,100,249.80,248.80,50.00
2026-08-03 14:03:44,13:59:05,7.12,-2.72,4.40,100,252.10,248.80,51.00
2026-08-03 14:05:04,14:00:05,7.23,-2.89,4.34,100,246.20,248.80,52.00
2026-08-03 14:05:44,14:01:06,7.28,-2.88,4.40,100,241.50,248.80,53.00
2026-08-03 14:07:05,14:02:06,0.05,4.07,4.12,100,242.50,248.80,53.00
2026-08-03 14:07:45,14:03:06,0.05,4.18,4.21,100,238.20,248.80,47.00
2026-08-03 14:09:05,14:04:06,0.05,4.16,4.21,100,242.50,248.80,45.00
2026-08-03 14:09:45,14:05:06,0.05,4.14,4.17,100,242.70,248.80,44.00
2026-08-03 14:11:06,14:06:06,0.05,4.10,4.13,100,242.70,248.80,43.00
2026-08-03 14:11:46,14:07:06,0.05,4.11,4.14,100,242.30,248.80,42.00
2026-08-04 11:45:00,11:40:56,6.62,-0.09,6.53,64.,245.10,246.40,59.00
2026-08-04 11:45:40,11:41:56,6.66,-0.08,6.41,64.,243.60,246.50,59.00
2026-08-04 11:47:01,11:42:56,6.50,-0.09,6.68,64.,242.70,246.50,59.00
2026-08-04 11:47:41,11:43:56,6.66,-0.18,6.62,64.,241.90,246.40,59.00
2026-08-04 11:49:02,11:44:56,6.69,-0.19,6.23,64.,246.60,246.70,59.00
2026-08-04 11:49:42,11:45:56,6.66,6.06,6.30,64.,237.80,251.00,57.00
2026-08-04 11:51:02,11:46:56,6.57,6.00,6.26,65.,238.70,252.60,52.00
2026-08-04 11:51:42,11:47:57,6.69,5.22,5.44,67.,240.60,252.90,50.00
2026-08-04 11:53:03,11:48:57,6.66,5.16,5.40,68.,242.10,253.00,48.00
2026-08-04 11:53:43,11:49:57,6.67,5.34,5.53,69.,241.20,253.20,47.00
2026-08-04 11:55:04,11:50:57,6.42,6.00,6.20,70.,242.50,253.20,46.00
2026-08-04 11:55:44,11:51:57,6.68,3.87,6.04,70.,244.20,252.00,46.00
2026-08-04 11:57:04,11:52:57,6.41,2.33,6.04,71.,241.70,250.70,48.00
2026-08-04 11:57:44,11:53:57,6.65,0.52,6.13,71.,241.90,249.10,50.00
2026-08-04 11:59:05,11:54:57,6.75,-0.13,6.08,71.,245.10,248.50,52.00
2026-08-04 11:59:45,11:55:57,6.71,0.00,5.92,71.,241.90,248.50,53.00
2026-08-04 12:01:05,11:56:57,6.74,0.04,5.91,71.,247.90,248.70,53.00
2026-08-04 12:01:45,11:57:57,6.80,0.23,6.59,71.,245.90,248.30,54.00
2026-08-04 12:03:06,11:58:57,6.74,-0.08,6.88,71.,246.40,247.70,55.00
2026-08-04 12:03:46,11:59:57,6.79,6.68,6.89,71.,240.40,252.20,54.00
2026-08-04 12:05:06,12:00:57,6.76,6.62,6.79,72.,240.20,253.70,50.00
2026-08-04 12:05:47,12:01:58,6.75,6.12,6.24,73.,240.00,254.20,48.00
2026-08-04 12:07:07,12:02:58,6.62,9.71,10.01,75.,226.30,254.20,46.00
2026-08-04 12:07:47,12:03:58,6.81,6.65,6.85,76.,236.10,254.30,46.00
2026-08-04 12:09:08,12:04:58,6.66,7.14,7.22,77.,237.20,254.30,45.00
2026-08-04 12:09:48,12:05:58,6.83,7.20,7.47,78.,235.90,254.30,44.00
2026-08-04 12:11:08,12:06:58,6.77,7.59,7.78,78.,238.50,254.30,44.00
2026-08-04 12:11:48,12:07:58,6.76,7.62,7.85,79.,236.50,254.20,43.00
2026-08-04 12:13:09,12:08:58,6.82,7.83,8.10,80.,236.70,254.30,43.00
2026-08-04 12:13:49,12:09:58,6.80,7.61,7.78,81.,234.80,254.20,43.00
2026-08-04 12:15:09,12:10:58,6.84,6.68,6.86,82.,241.20,254.30,42.00
2026-08-04 12:15:49,12:11:58,6.88,6.92,7.14,84.,238.70,254.30,42.00
2026-08-04 12:17:10,12:12:58,6.83,6.65,6.87,85.,238.90,254.50,42.00
2026-08-04 12:17:50,12:13:58,6.90,5.61,6.81,85.,240.20,253.60,42.00
2026-08-04 12:19:10,12:14:58,6.89,4.02,6.98,86.,240.20,252.40,43.00
2026-08-04 12:19:51,12:15:59,6.87,2.20,6.79,87.,243.40,251.00,46.00
2026-08-04 12:21:11,12:16:59,6.84,0.22,6.54,87.,245.30,249.40,49.00
2026-08-04 12:21:51,12:17:59,6.89,-0.25,6.64,87.,244.20,248.80,51.00
2026-08-04 12:23:12,12:18:59,6.81,0.02,6.95,87.,248.10,248.70,52.00
2026-08-04 12:23:52,12:19:59,6.89,0.01,7.69,87.,246.40,248.10,54.00
2026-08-04 12:24:32,12:20:59,6.80,0.03,7.20,87.,245.50,248.30,55.00
2026-08-04 12:25:52,12:21:59,6.97,0.10,7.00,87.,246.40,248.50,55.00
2026-08-04 12:26:32,12:22:59,6.89,7.56,7.83,87.,233.50,253.20,53.00
2026-08-04 12:27:53,12:23:59,6.94,7.14,7.41,88.,231.60,254.80,49.00
2026-08-04 12:28:33,12:24:59,6.89,6.72,6.93,89.,234.20,255.20,48.00
2026-08-04 12:29:53,12:25:59,6.88,7.46,7.66,89.,235.20,255.20,46.00
2026-08-04 12:30:34,12:26:59,6.92,7.94,8.18,89.,231.00,255.20,45.00
2026-08-04 12:31:54,12:27:59,6.94,8.04,8.30,89.,230.10,255.30,45.00
2026-08-04 12:32:34,12:28:59,6.91,7.31,7.53,89.,234.20,255.30,44.00
2026-08-04 12:33:55,12:30:00,6.95,6.21,6.47,89.,238.90,255.50,44.00
2026-08-04 12:34:35,12:31:00,6.92,5.82,6.05,89.,236.70,255.80,43.00
2026-08-04 12:35:55,12:32:00,6.38,6.70,6.88,89.,234.40,255.50,43.00
2026-08-04 12:36:36,12:33:00,6.94,5.89,6.12,89.,236.70,256.30,42.00
2026-08-04 12:37:56,12:34:00,6.96,6.10,6.33,89.,239.10,257.10,42.00
2026-08-04 12:38:36,12:35:00,5.21,4.01,6.32,90.,241.70,254.60,43.00
2026-08-04 12:40:37,12:36:00,6.92,1.69,5.72,92.,248.30,254.30,45.00
2026-08-04 12:45:58,12:37:00,7.05,0.10,5.56,94.,249.40,253.20,48.00
2026-08-04 12:47:59,12:38:00,7.14,0.02,5.72,94.,247.90,252.70,49.00
2026-08-04 12:48:39,12:39:00,7.13,0.01,5.70,94.,246.20,253.20,50.00
2026-08-04 12:50:00,12:40:00,7.08,0.01,5.44,96.,244.00,254.00,51.00
2026-08-04 12:50:40,12:41:00,7.05,0.06,5.58,98.,245.30,255.20,52.00
2026-08-04 12:52:00,12:42:00,7.09,-1.53,5.54,100,250.90,254.60,53.00
2026-08-04 12:52:41,12:43:00,6.93,-1.48,5.43,100,248.30,253.20,55.00
2026-08-04 12:54:01,12:44:01,0.05,5.14,5.17,100,241.20,252.30,55.00
2026-08-04 12:54:41,12:45:01,0.05,5.33,5.36,100,239.50,251.90,49.00
2026-08-04 12:56:02,12:46:01,0.05,6.22,6.25,100,234.00,251.60,47.00
2026-08-04 12:56:42,12:47:01,0.05,6.31,6.34,100,232.70,251.30,46.00
2026-08-04 12:58:02,12:49:01,0.05,6.58,6.61,100,236.10,251.00,44.00
2026-08-04 12:58:43,12:51:01,0.05,6.32,6.35,100,239.50,250.90,43.00
2026-08-04 13:00:03,12:53:01,0.87,5.25,6.10,100,241.20,250.60,42.00
2026-08-04 13:00:43,12:55:01,4.62,1.93,6.53,100,245.90,250.40,45.00
2026-08-04 13:02:44,12:57:01,7.04,-0.55,6.47,100,248.70,250.30,50.00
2026-08-04 13:04:04,12:59:02,7.06,-1.66,5.38,100,250.40,250.10,53.00
2026-08-04 13:04:44,13:00:02,7.06,-1.52,5.52,100,252.60,250.00,54.00
2026-08-04 13:06:05,13:01:02,6.37,0.56,6.92,100,251.50,250.10,54.00
2026-08-04 13:06:45,13:02:02,0.05,6.81,6.84,100,243.80,250.10,50.00
2026-08-04 13:08:05,13:03:02,0.05,6.75,6.78,100,245.70,250.00,47.00
2026-08-04 13:08:45,13:04:02,0.05,6.74,6.77,100,244.40,250.00,46.00
2026-08-04 13:10:06,13:05:02,0.05,6.76,6.79,100,243.60,250.00,45.00
2026-08-04 13:10:46,13:06:02,0.05,6.69,6.72,100,244.00,250.00,44.00
2026-08-04 13:12:06,13:07:02,0.05,6.58,6.61,100,243.60,250.00,43.00
2026-08-04 13:12:47,13:08:02,0.05,7.28,7.31,100,239.30,250.00,42.00
2026-08-04 13:14:07,13:09:02,0.05,7.33,7.36,100,240.60,250.00,42.00
2026-08-04 13:14:47,13:10:02,0.05,7.35,7.38,100,241.20,250.00,41.00
2026-08-04 13:16:07,13:11:02,0.05,7.17,7.20,100,242.70,249.80,41.00
2026-08-04 13:16:48,13:12:03,0.05,7.07,7.10,100,241.90,249.80,40.00
2026-08-04 13:18:08,13:13:03,0.05,6.98,7.01,100,241.20,249.80,40.00
2026-08-04 13:18:48,13:14:03,0.05,5.59,5.62,100,238.50,249.80,40.00
2026-08-04 13:20:09,13:15:03,0.05,5.80,5.83,100,240.60,249.80,39.00
2026-08-04 13:20:49,13:16:03,0.05,6.26,6.29,100,241.20,249.80,39.00
2026-08-04 13:22:09,13:17:03,0.05,6.29,6.34,100,241.00,249.70,39.00
2026-08-04 13:22:49,13:18:03,0.86,4.82,5.68,100,244.20,249.70,39.00
2026-08-04 13:24:10,13:19:03,2.81,3.09,5.90,100,247.40,249.70,40.00
2026-08-04 13:24:50,13:20:03,4.58,1.45,6.03,100,250.60,249.70,42.00
2026-08-04 13:26:10,13:21:03,6.41,-0.37,6.04,100,250.20,249.70,45.00
2026-08-04 13:26:50,13:22:03,7.07,-1.24,5.83,100,250.60,249.70,48.00
2026-08-04 13:28:11,13:23:03,7.13,0.59,7.75,100,241.00,249.70,49.00
2026-08-04 13:28:51,13:24:03,7.14,0.65,7.79,100,242.70,249.70,51.00
2026-08-04 13:30:13,13:25:03,0.05,8.94,8.99,100,239.30,249.40,47.00
2026-08-04 13:30:53,13:26:04,0.05,8.85,8.90,100,233.30,249.40,44.00
2026-08-04 13:31:33,13:27:04,0.05,9.51,9.56,100,234.20,249.40,43.00
2026-08-04 13:32:54,13:28:04,0.05,9.12,9.17,100,235.50,249.40,42.00
2026-08-04 13:33:34,13:29:04,0.05,9.30,9.35,100,233.30,249.40,41.00
2026-08-04 13:34:54,13:30:04,0.05,9.23,9.28,100,234.20,249.40,41.00
2026-08-04 13:35:34,13:31:04,0.05,9.21,9.26,100,237.00,249.40,40.00
2026-08-04 13:36:55,13:32:04,0.05,9.20,9.25,100,234.80,249.40,40.00
2026-08-04 13:37:35,13:33:04,0.05,9.21,9.26,100,235.70,249.40,40.00
2026-08-04 13:38:56,13:34:04,0.05,7.60,7.65,100,232.70,249.40,39.00
2026-08-04 13:39:36,13:35:04,0.05,7.89,7.94,100,234.00,249.40,39.00
2026-08-04 13:40:56,13:36:04,0.05,7.64,7.69,100,232.90,249.40,39.00
2026-08-04 13:41:37,13:37:04,0.05,7.60,7.65,100,232.90,249.40,38.00
2026-08-04 13:42:57,13:38:04,0.05,7.61,7.66,100,231.20,249.30,38.00
2026-08-04 13:43:37,13:39:04,0.05,7.18,7.23,100,235.90,249.30,38.00
2026-08-04 13:44:58,13:40:05,0.05,5.44,5.49,100,243.60,249.30,38.00
2026-08-04 13:45:38,13:41:05,0.05,5.30,5.35,100,244.70,249.30,38.00
2026-08-04 13:46:58,13:42:05,0.05,5.20,5.25,100,241.70,249.30,37.00
2026-08-04 13:47:39,13:43:05,0.05,5.22,5.27,100,243.20,249.30,37.00
2026-08-04 13:48:59,13:44:05,0.05,5.35,5.40,100,242.70,249.30,37.00
2026-08-04 13:49:39,13:45:05,0.05,6.69,6.74,100,242.90,249.30,37.00
2026-08-04 13:51:00,13:46:05,0.97,5.05,6.02,100,244.00,249.10,37.00
2026-08-04 13:51:40,13:47:05,2.81,3.36,6.17,100,246.60,249.30,39.00
2026-08-04 13:53:00,13:48:05,4.72,1.56,6.28,100,250.20,249.30,41.00
2026-08-04 13:53:40,13:49:05,6.43,0.13,6.60,100,247.40,249.30,45.00
2026-08-04 13:55:01,13:50:05,7.02,-0.35,6.67,100,247.40,249.10,48.00
2026-08-04 13:55:41,13:51:05,7.08,-0.87,6.21,100,247.90,249.10,49.00
2026-08-04 13:57:01,13:52:05,7.09,-1.02,6.07,100,250.40,249.10,50.00
2026-08-04 13:57:41,13:53:05,7.10,-1.05,6.05,100,247.40,249.10,51.00
2026-08-04 13:59:02,13:54:06,7.08,-1.21,5.87,100,249.20,249.10,52.00
2026-08-04 13:59:42,13:55:06,0.05,5.85,5.90,100,242.50,249.10,48.00
2026-08-04 14:01:02,13:56:06,0.05,5.39,5.44,100,241.20,249.10,45.00
2026-08-04 14:01:42,13:57:06,0.05,5.45,5.50,100,242.90,249.10,44.00
2026-08-04 14:03:03,13:58:06,0.05,5.46,5.51,100,240.80,249.00,43.00
2026-08-04 14:03:43,13:59:06,0.05,5.29,5.34,100,239.30,249.00,42.00
2026-08-04 14:05:03,14:00:06,0.05,5.43,5.48,100,240.00,249.00,41.00
2026-08-04 14:05:44,14:01:06,0.05,4.83,4.88,100,239.70,249.00,41.00
2026-08-04 14:07:04,14:02:06,2.30,2.54,4.84,100,245.30,249.00,41.00
2026-08-04 14:07:44,14:03:06,4.04,0.84,4.88,100,245.50,249.00,43.00
2026-08-04 14:09:05,14:04:06,5.82,-0.68,5.14,100,244.70,249.00,46.00
2026-08-04 14:09:45,14:05:06,6.97,-2.02,4.95,100,247.20,249.00,48.00
2026-08-04 14:11:05,14:06:06,6.99,-2.05,4.94,100,247.70,249.00,50.00
2026-08-04 14:11:46,14:07:06,6.96,-2.07,4.89,100,246.20,249.00,51.00
2026-08-05 11:45:03,11:40:56,6.63,0.03,5.40,21.,247.20,248.00,56.00
2026-08-05 11:45:44,11:41:56,6.69,0.15,5.56,21.,235.50,247.70,56.00
2026-08-05 11:47:04,11:42:56,6.63,-0.33,9.18,21.,232.00,244.40,60.00
2026-08-05 11:47:45,11:43:56,6.67,-0.40,9.43,20.,234.00,243.80,62.00
2026-08-05 11:49:05,11:44:56,6.60,8.83,9.07,20.,220.10,249.80,60.00
2026-08-05 11:49:45,11:45:56,6.66,8.56,8.83,21.,224.80,251.70,53.00
2026-08-05 11:51:06,11:46:56,6.48,8.42,8.53,22.,227.30,252.20,51.00
2026-08-05 11:51:46,11:47:56,6.64,6.46,6.62,23.,233.70,252.20,49.00
2026-08-05 11:53:06,11:48:57,6.58,6.23,6.33,25.,234.60,252.20,48.00
2026-08-05 11:53:46,11:49:57,6.71,6.58,6.81,25.,229.50,252.00,47.00
2026-08-05 11:55:07,11:50:57,6.68,6.94,7.97,26.,227.10,251.60,46.00
2026-08-05 11:55:47,11:51:57,6.68,5.27,7.92,27.,230.50,250.40,47.00
2026-08-05 11:57:07,11:52:57,6.71,3.64,7.96,27.,236.10,249.00,49.00
2026-08-05 11:57:48,11:53:57,6.70,1.92,7.91,28.,237.20,247.70,51.00
2026-08-05 11:59:08,11:54:57,6.74,0.22,8.04,27.,240.00,246.10,54.00
2026-08-05 11:59:48,11:55:57,6.72,-0.30,8.11,27.,241.20,245.50,56.00
2026-08-05 12:01:08,11:56:57,6.78,-0.29,7.93,27.,241.00,245.40,58.00
2026-08-05 12:01:49,11:57:57,6.85,-0.27,9.04,27.,236.50,244.20,60.00
2026-08-05 12:03:09,11:58:57,6.76,-0.40,9.06,26.,237.40,243.80,61.00
2026-08-05 12:03:49,11:59:57,6.85,8.80,9.04,27.,228.20,251.40,53.00
2026-08-05 12:05:10,12:00:57,6.82,7.03,7.25,28.,232.70,252.00,51.00
2026-08-05 12:05:50,12:01:57,6.83,7.19,7.42,29.,233.70,252.20,49.00
2026-08-05 12:07:10,12:02:57,6.85,7.19,7.46,30.,233.10,252.00,48.00
2026-08-05 12:07:50,12:03:58,6.74,7.25,7.39,31.,231.40,252.20,47.00
2026-08-05 12:09:11,12:04:58,6.69,6.31,6.45,31.,235.20,252.00,46.00
2026-08-05 12:09:51,12:05:58,6.85,6.13,6.35,32.,236.50,252.20,45.00
2026-08-05 12:11:11,12:06:58,6.82,6.03,6.25,34.,235.90,252.00,45.00
2026-08-05 12:11:52,12:07:58,6.88,6.55,6.83,35.,237.60,252.20,44.00
2026-08-05 12:13:12,12:08:58,6.85,6.16,6.31,36.,238.90,252.00,44.00
2026-08-05 12:13:52,12:09:58,6.64,6.93,6.95,37.,239.10,252.00,44.00
2026-08-05 12:15:12,12:10:58,6.72,5.43,6.68,38.,243.60,251.10,43.00
2026-08-05 12:15:53,12:11:58,6.95,4.01,7.21,38.,244.20,250.00,45.00
2026-08-05 12:17:13,12:12:58,6.81,2.33,7.23,39.,244.40,248.50,47.00
2026-08-05 12:17:53,12:13:58,6.77,0.59,6.94,39.,245.30,247.10,50.00
2026-08-05 12:19:13,12:14:58,6.96,-1.07,5.98,39.,244.70,246.40,53.00
2026-08-05 12:19:54,12:15:58,6.79,0.09,5.75,39.,249.40,247.50,53.00
2026-08-05 12:21:14,12:16:58,6.94,0.05,5.78,39.,246.80,247.70,53.00
2026-08-05 12:21:55,12:17:59,6.91,0.22,6.37,39.,251.90,247.40,54.00
2026-08-05 12:23:15,12:18:59,6.92,0.18,6.26,39.,253.00,247.40,55.00
2026-08-05 12:23:55,12:19:59,6.84,6.10,6.34,40.,244.00,252.00,51.00
2026-08-05 12:25:16,12:20:59,6.88,6.07,6.32,42.,241.90,252.30,48.00
2026-08-05 12:25:56,12:21:59,6.86,6.00,6.25,43.,241.50,252.30,47.00
2026-08-05 12:26:36,12:22:59,6.84,5.95,6.16,43.,241.00,252.40,46.00
2026-08-05 12:27:56,12:23:59,6.84,6.09,6.32,44.,241.50,252.40,45.00
2026-08-05 12:28:37,12:24:59,6.82,6.02,6.21,45.,241.20,252.40,45.00
2026-08-05 12:29:57,12:25:59,6.84,7.18,7.39,46.,237.80,252.40,44.00
2026-08-05 12:30:37,12:26:59,6.86,6.98,7.23,47.,238.20,252.40,44.00
2026-08-05 12:31:58,12:27:59,6.82,6.81,7.00,48.,240.40,252.40,43.00
2026-08-05 12:32:38,12:28:59,6.83,6.10,6.30,50.,241.90,252.40,43.00
2026-08-05 12:33:58,12:29:59,6.86,6.19,6.42,50.,242.30,252.40,43.00
2026-08-05 12:34:38,12:30:59,6.88,6.01,6.25,51.,241.50,252.60,43.00
2026-08-05 12:35:59,12:32:00,5.19,5.29,6.01,52.,242.70,251.10,42.00
2026-08-05 12:36:39,12:33:00,7.14,3.63,6.28,53.,242.30,251.00,44.00
2026-08-05 12:37:59,12:34:00,7.10,1.78,6.09,53.,244.90,249.70,46.00
2026-08-05 12:38:39,12:35:00,7.03,0.19,6.18,54.,249.40,248.10,49.00
2026-08-05 12:40:00,12:36:00,7.14,-0.01,6.22,54.,249.20,247.80,51.00
2026-08-05 12:40:40,12:37:00,7.04,0.00,6.13,54.,249.40,247.80,52.00
2026-08-05 12:42:00,12:38:00,7.01,0.00,6.07,54.,250.00,247.80,53.00
2026-08-05 12:42:41,12:39:00,7.15,-0.01,6.20,54.,249.80,247.80,53.00
2026-08-05 12:44:01,12:40:00,7.13,0.00,6.42,54.,247.00,247.50,54.00
2026-08-05 12:44:41,12:41:00,6.85,7.66,7.90,55.,244.90,252.60,50.00
2026-08-05 12:46:02,12:42:00,6.85,7.61,7.83,56.,247.70,253.20,48.00
2026-08-05 12:46:42,12:43:00,6.85,7.66,7.87,56.,245.30,253.50,47.00
2026-08-05 12:48:43,12:44:00,6.87,7.69,7.92,57.,245.10,253.50,46.00
2026-08-05 12:54:44,12:45:00,6.89,8.00,7.79,59.,245.70,253.70,45.00
2026-08-05 12:56:05,12:46:01,6.93,8.03,8.29,60.,245.90,253.90,45.00
2026-08-05 12:56:45,12:47:01,6.88,7.37,7.60,61.,246.20,254.00,44.00
2026-08-05 12:58:05,12:48:01,6.88,7.32,7.55,62.,248.50,254.00,44.00
2026-08-05 12:58:46,12:49:01,6.92,7.31,7.55,63.,249.40,254.00,43.00
2026-08-05 13:00:06,12:50:01,6.92,7.41,7.65,63.,250.90,254.20,43.00
2026-08-05 13:00:46,12:51:01,6.91,7.24,7.49,64.,248.50,254.20,43.00
2026-08-05 13:02:06,12:52:01,6.87,7.26,7.47,65.,247.90,254.20,42.00
2026-08-05 13:02:47,12:53:01,6.89,7.33,7.56,67.,249.80,254.20,42.00
2026-08-05 13:04:07,12:54:01,6.89,5.93,6.16,68.,248.10,254.20,42.00
2026-08-05 13:04:47,12:55:01,6.92,5.93,6.19,69.,247.00,254.20,42.00
2026-08-05 13:06:08,12:58:01,6.86,6.39,6.59,71.,241.90,254.30,42.00
2026-08-05 13:06:48,13:01:02,6.93,5.72,5.99,75.,244.20,254.30,41.00
2026-08-05 13:08:08,13:03:02,6.91,5.76,6.00,77.,244.70,254.60,41.00
2026-08-05 13:08:49,13:04:02,6.93,7.08,7.34,78.,244.20,254.60,41.00
2026-08-05 13:10:09,13:05:02,6.92,7.25,7.50,79.,245.30,254.80,41.00
2026-08-05 13:10:49,13:06:02,6.91,7.34,7.58,79.,245.50,254.90,41.00
2026-08-05 13:12:10,13:07:02,6.95,7.40,7.67,80.,246.40,255.00,41.00
2026-08-05 13:12:50,13:08:02,6.92,8.95,9.19,82.,247.40,255.30,41.00
2026-08-05 13:14:10,13:09:02,6.91,8.47,8.69,84.,248.30,255.50,41.00
2026-08-05 13:14:50,13:10:02,6.94,6.67,6.91,86.,248.70,255.90,41.00
2026-08-05 13:16:11,13:11:02,6.94,6.69,6.92,88.,243.60,256.50,41.00
2026-08-05 13:16:51,13:12:02,6.93,6.79,7.03,90.,242.10,257.60,41.00
2026-08-05 13:18:11,13:13:02,3.08,5.91,6.10,92.,240.20,254.00,41.00
2026-08-05 13:18:51,13:14:02,3.12,7.65,7.87,94.,235.00,254.80,41.00
2026-08-05 13:20:12,13:15:03,3.12,7.65,7.86,95.,237.00,256.20,41.00
2026-08-05 13:20:52,13:16:03,3.13,7.67,7.86,97.,238.90,259.00,41.00
2026-08-05 13:22:12,13:17:03,1.78,6.96,7.84,98.,238.90,257.20,41.00
2026-08-05 13:22:53,13:18:03,2.77,5.08,7.83,100,240.60,255.00,42.00
2026-08-05 13:24:13,13:19:03,4.55,3.21,7.74,100,239.30,253.90,45.00
2026-08-05 13:24:53,13:20:03,6.33,2.22,8.53,100,237.20,253.30,48.00
2026-08-05 13:26:14,13:21:03,7.10,0.42,8.47,100,240.80,251.60,51.00
2026-08-05 13:26:54,13:22:03,0.05,8.12,8.15,100,234.20,250.00,51.00
2026-08-05 13:28:14,13:23:03,0.05,8.12,8.15,100,234.00,250.00,47.00
2026-08-05 13:28:54,13:24:03,0.05,7.77,7.80,100,231.60,250.10,45.00
2026-08-05 13:30:15,13:25:03,0.05,7.70,7.73,100,236.30,250.00,44.00
2026-08-05 13:30:55,13:26:03,0.05,7.79,7.82,100,236.30,250.10,44.00
2026-08-05 13:32:15,13:27:03,0.05,7.47,7.50,100,233.10,249.80,43.00
2026-08-05 13:32:56,13:28:03,0.05,7.19,7.22,100,231.20,250.00,42.00
2026-08-05 13:34:16,13:29:04,0.05,7.05,7.08,100,231.20,250.00,42.00
2026-08-05 13:34:56,13:30:04,0.05,7.16,7.19,100,233.30,250.00,42.00
2026-08-05 13:35:36,13:31:04,0.05,5.42,5.45,100,241.50,249.80,41.00
2026-08-05 13:36:57,13:32:04,0.05,5.52,5.55,100,234.60,249.80,41.00
2026-08-05 13:37:37,13:33:04,0.05,5.58,5.61,100,237.20,249.80,41.00
2026-08-05 13:38:57,13:34:04,0.05,5.48,5.51,100,237.40,249.80,40.00
2026-08-05 13:39:38,13:35:04,0.05,5.03,5.06,100,238.70,249.80,40.00
2026-08-05 13:40:58,13:36:04,0.05,5.07,5.10,100,239.30,249.80,40.00
2026-08-05 13:41:38,13:37:04,0.05,5.09,5.12,100,240.20,249.80,40.00
2026-08-05 13:42:59,13:38:04,0.05,5.20,5.23,100,243.60,249.80,39.00
2026-08-05 13:43:39,13:39:04,0.05,5.06,5.09,100,244.00,249.80,39.00
2026-08-05 13:45:00,13:40:04,0.05,5.06,5.09,100,245.30,249.80,39.00
2026-08-05 13:45:40,13:41:04,0.05,5.44,5.47,100,244.00,249.80,39.00
2026-08-05 13:47:00,13:42:04,0.05,5.53,5.56,100,245.70,249.70,39.00
2026-08-05 13:47:40,13:43:05,0.05,5.56,5.61,100,247.00,249.70,39.00
2026-08-05 13:49:01,13:44:05,2.38,3.36,5.74,100,250.60,249.70,40.00
2026-08-05 13:49:41,13:45:05,4.08,2.22,6.30,100,245.90,249.70,42.00
2026-08-05 13:51:01,13:46:05,5.98,0.53,6.51,100,247.90,249.70,45.00
2026-08-05 13:51:41,13:47:05,6.87,-0.54,6.33,100,249.60,249.70,47.00
2026-08-05 13:53:02,13:48:05,6.93,-0.72,6.21,100,251.10,249.70,49.00
2026-08-05 13:53:42,13:49:05,6.98,-0.83,6.15,100,250.00,249.60,50.00
2026-08-05 13:55:02,13:50:05,6.97,-0.72,6.25,100,248.50,249.60,51.00
2026-08-05 13:55:43,13:51:05,6.99,-0.66,6.33,100,250.60,249.60,52.00
2026-08-05 13:57:03,13:52:05,7.03,-1.15,5.88,100,250.00,249.60,53.00
2026-08-05 13:57:43,13:53:05,0.05,5.53,5.58,100,242.70,249.60,50.00
2026-08-05 13:59:04,13:54:05,0.05,5.64,5.69,100,244.90,249.60,47.00
2026-08-05 13:59:44,13:55:05,0.05,5.44,5.49,100,240.60,249.60,45.00
2026-08-05 14:01:04,13:56:05,0.05,5.38,5.43,100,240.40,249.40,44.00
2026-08-05 14:01:44,13:57:06,0.05,4.88,4.93,100,241.50,249.40,43.00
2026-08-05 14:03:05,13:58:06,0.05,4.91,4.96,100,242.70,249.40,43.00
2026-08-05 14:03:45,13:59:06,0.05,4.88,4.93,100,243.20,249.40,42.00
2026-08-05 14:05:06,14:00:06,0.05,4.88,4.93,100,242.30,249.40,42.00
2026-08-05 14:05:46,14:01:06,0.05,4.85,4.90,100,244.20,249.40,41.00
2026-08-05 14:07:06,14:02:06,0.05,4.85,4.90,100,241.70,249.40,41.00
2026-08-05 14:07:46,14:03:06,2.18,2.88,5.06,100,245.10,249.30,41.00
2026-08-05 14:09:07,14:04:06,3.94,1.18,5.12,100,247.70,249.40,43.00
2026-08-05 14:09:47,14:05:06,5.71,-0.47,5.24,100,250.60,249.40,46.00
2026-08-05 14:11:07,14:06:06,6.88,-1.63,5.25,100,250.20,249.30,49.00
2026-08-05 14:11:48,14:07:06,6.82,-1.53,5.29,100,241.70,249.30,50.00
2026-08-06 11:45:05,11:40:56,6.46,-0.02,5.16,12.,241.70,246.40,56.00
2026-08-06 11:45:45,11:41:56,6.45,0.04,5.24,12.,243.80,246.50,56.00
2026-08-06 11:47:06,11:42:56,6.36,0.35,5.53,13.,242.30,246.40,56.00
2026-08-06 11:47:46,11:43:56,6.22,-0.03,4.99,13.,243.80,246.50,56.00
2026-08-06 11:49:07,11:44:56,6.44,-0.02,5.02,13.,241.50,246.70,56.00
2026-08-06 11:49:47,11:45:56,6.28,0.05,5.57,13.,242.10,246.40,56.00
2026-08-06 11:51:08,11:46:56,6.44,-0.06,5.30,13.,241.50,246.50,56.00
2026-08-06 11:51:48,11:47:56,6.42,0.00,5.44,13.,241.50,246.50,56.00
2026-08-06 11:53:09,11:48:56,6.42,-0.10,5.14,13.,240.40,246.70,56.00
2026-08-06 11:53:49,11:49:56,6.52,0.02,5.21,14.,242.50,246.70,56.00
2026-08-06 11:55:09,11:50:57,6.48,-0.02,5.18,14.,239.30,246.70,56.00
2026-08-06 11:55:49,11:51:57,6.45,0.00,5.37,14.,241.50,246.70,56.00
2026-08-06 11:57:10,11:52:57,6.49,-0.09,5.29,14.,238.70,246.70,56.00
2026-08-06 11:57:50,11:53:57,6.47,-0.05,5.34,14.,241.20,246.80,56.00
2026-08-06 11:59:10,11:54:57,6.33,-0.03,5.17,14.,242.70,246.80,56.00
2026-08-06 11:59:51,11:55:57,6.33,-0.40,5.07,14.,241.20,246.70,56.00
2026-08-06 12:01:11,11:56:57,6.58,-0.03,5.22,15.,242.10,247.00,56.00
2026-08-06 12:01:51,11:57:57,6.59,-0.02,5.29,15.,242.10,247.10,56.00
2026-08-06 12:03:12,11:58:57,6.60,-0.03,5.24,15.,243.20,247.10,56.00
2026-08-06 12:03:52,11:59:57,6.44,4.59,4.84,15.,238.90,251.00,52.00
2026-08-06 12:05:12,12:00:57,6.53,4.57,5.00,17.,239.10,251.30,50.00
2026-08-06 12:05:53,12:01:57,6.60,4.58,4.86,18.,237.60,251.40,49.00
2026-08-06 12:07:13,12:02:57,6.72,4.53,4.79,19.,239.10,251.40,48.00
2026-08-06 12:07:53,12:03:57,6.67,4.57,4.78,20.,240.20,251.60,47.00
2026-08-06 12:09:14,12:04:58,6.53,3.38,4.69,21.,240.80,250.90,46.00
2026-08-06 12:09:54,12:05:58,6.72,1.79,4.84,21.,243.60,249.70,48.00
2026-08-06 12:11:14,12:06:58,6.74,0.18,4.89,22.,245.90,248.50,50.00
2026-08-06 12:11:54,12:07:58,6.69,-0.02,4.79,22.,244.20,248.30,51.00
2026-08-06 12:13:15,12:08:58,6.74,-0.01,5.97,22.,241.90,247.70,52.00
2026-08-06 12:13:55,12:09:58,6.61,0.03,6.66,22.,239.10,246.80,54.00
2026-08-06 12:15:16,12:10:58,6.68,-0.18,5.89,22.,240.60,247.00,55.00
2026-08-06 12:15:57,12:11:58,6.73,-0.13,5.84,22.,241.50,247.40,55.00
2026-08-06 12:17:17,12:12:58,6.61,-0.08,5.97,22.,244.40,247.40,56.00
2026-08-06 12:17:57,12:13:58,6.69,-0.02,5.66,22.,244.90,247.50,56.00
2026-08-06 12:19:18,12:14:58,6.67,5.96,6.10,23.,239.10,251.40,51.00
2026-08-06 12:19:58,12:15:58,6.64,5.73,5.86,25.,237.60,251.60,49.00
2026-08-06 12:21:18,12:16:58,6.76,5.82,6.04,26.,238.70,251.70,48.00
2026-08-06 12:21:58,12:17:58,6.67,5.83,5.96,27.,232.90,251.70,47.00
2026-08-06 12:23:19,12:18:59,6.61,7.28,7.38,28.,238.50,251.60,46.00
2026-08-06 12:23:59,12:19:59,6.62,5.85,6.03,28.,238.50,251.60,46.00
2026-08-06 12:25:19,12:20:59,6.74,4.35,6.01,29.,239.30,250.70,45.00
2026-08-06 12:25:59,12:21:59,6.76,2.76,6.08,30.,241.50,249.60,47.00
2026-08-06 12:26:40,12:22:59,6.80,0.97,6.11,30.,242.90,248.10,49.00
2026-08-06 12:28:00,12:23:59,6.77,-0.04,6.24,30.,244.40,247.20,52.00
2026-08-06 12:28:40,12:24:59,6.76,0.04,6.29,30.,245.30,247.00,53.00
2026-08-06 12:30:01,12:25:59,6.72,-0.03,5.98,30.,245.30,247.00,54.00
2026-08-06 12:30:41,12:26:59,6.81,-0.06,5.99,31.,244.90,247.20,55.00
2026-08-06 12:32:01,12:27:59,6.88,-0.05,6.04,31.,244.00,247.20,55.00
2026-08-06 12:32:42,12:28:59,6.87,-0.19,5.84,31.,242.90,247.40,56.00
2026-08-06 12:34:02,12:29:59,6.93,5.17,5.41,31.,240.00,251.60,52.00
2026-08-06 12:34:42,12:30:59,6.76,5.03,5.23,32.,241.20,251.70,49.00
2026-08-06 12:36:03,12:31:59,6.85,5.07,5.33,34.,241.20,251.90,48.00
2026-08-06 12:36:43,12:32:59,6.86,5.14,5.38,35.,242.10,251.90,47.00
2026-08-06 12:38:04,12:34:00,6.81,5.09,5.29,36.,244.40,251.70,46.00
2026-08-06 12:38:44,12:35:00,6.83,5.23,5.45,37.,243.40,251.70,46.00
2026-08-06 12:40:04,12:36:00,6.90,4.41,5.49,38.,243.40,251.10,45.00
2026-08-06 12:40:44,12:37:00,7.09,2.82,5.86,38.,244.00,250.00,46.00
2026-08-06 12:42:05,12:38:00,6.91,1.20,5.63,39.,247.20,248.70,49.00
2026-08-06 12:42:45,12:39:00,6.90,0.05,5.85,39.,252.60,247.70,51.00
2026-08-06 12:44:46,12:41:00,6.78,-0.15,6.77,39.,244.00,246.50,55.00
2026-08-06 12:46:06,12:42:00,6.86,-0.23,6.54,39.,243.20,246.70,56.00
2026-08-06 12:48:07,12:43:00,6.89,-0.02,6.75,39.,244.40,246.50,57.00
2026-08-06 12:48:47,12:45:00,6.83,6.17,6.40,39.,239.50,251.30,54.00
2026-08-06 12:50:47,12:46:00,6.28,6.11,6.26,40.,237.40,251.60,51.00
2026-08-06 12:54:49,12:47:00,6.59,6.02,6.02,42.,237.60,251.70,49.00
2026-08-06 12:56:09,12:48:01,6.84,5.92,6.13,43.,237.60,252.00,48.00
2026-08-06 12:56:49,12:49:01,6.84,5.97,6.21,44.,239.50,252.00,47.00
2026-08-06 12:58:10,12:50:01,6.83,5.98,6.19,45.,239.70,252.00,47.00
2026-08-06 12:58:50,12:51:01,6.71,5.98,6.20,45.,239.70,251.70,46.00
2026-08-06 13:00:10,12:52:01,6.67,5.99,6.27,46.,240.40,252.00,46.00
2026-08-06 13:00:51,12:53:01,6.79,6.02,6.19,47.,241.50,252.00,45.00
2026-08-06 13:02:11,12:54:01,6.80,5.49,5.80,48.,239.50,251.70,45.00
2026-08-06 13:02:51,12:55:01,6.84,5.54,5.78,50.,238.50,252.00,44.00
2026-08-06 13:04:12,12:56:01,6.55,5.48,5.66,51.,238.50,252.20,44.00
2026-08-06 13:04:52,12:57:01,6.80,5.28,5.99,52.,237.60,251.70,44.00
2026-08-06 13:06:12,12:58:01,6.69,4.28,5.72,52.,240.00,251.30,44.00
2026-08-06 13:06:53,12:59:01,6.59,2.44,5.16,53.,240.80,250.10,46.00
2026-08-06 13:08:13,13:00:01,6.95,0.80,5.54,53.,242.30,248.80,48.00
2026-08-06 13:08:53,13:03:02,6.96,0.08,4.71,54.,246.80,248.80,51.00
2026-08-06 13:10:14,13:05:02,6.99,0.13,4.99,55.,249.60,248.80,53.00
2026-08-06 13:10:54,13:06:02,6.90,0.09,4.86,55.,251.50,248.70,53.00
2026-08-06 13:12:14,13:07:02,6.92,0.07,4.88,55.,250.40,248.70,53.00
2026-08-06 13:12:54,13:08:02,6.86,0.15,5.00,56.,249.80,248.70,54.00
2026-08-06 13:14:15,13:09:02,6.69,0.09,5.07,56.,247.40,248.70,54.00
2026-08-06 13:14:55,13:10:02,6.95,0.09,4.85,56.,251.70,249.00,54.00
2026-08-06 13:16:16,13:11:02,6.95,0.49,5.23,56.,246.40,249.10,55.00
2026-08-06 13:16:56,13:12:02,6.96,0.02,6.24,57.,245.70,248.00,56.00
2026-08-06 13:18:16,13:13:02,6.86,5.80,6.05,57.,240.80,252.60,52.00
2026-08-06 13:18:57,13:14:02,6.86,5.70,5.91,59.,240.00,253.00,50.00
2026-08-06 13:20:17,13:15:02,6.21,5.55,5.47,60.,242.90,253.00,49.00
2026-08-06 13:20:57,13:16:03,6.85,5.47,5.68,61.,241.90,253.50,48.00
2026-08-06 13:22:17,13:17:03,6.85,5.46,5.67,62.,240.60,253.60,47.00
2026-08-06 13:22:58,13:18:03,6.86,4.45,5.93,63.,242.50,252.90,47.00
2026-08-06 13:24:18,13:19:03,6.88,2.66,5.77,63.,243.20,251.60,48.00
2026-08-06 13:24:58,13:20:03,6.96,1.14,5.87,64.,242.30,250.60,50.00
2026-08-06 13:26:19,13:21:03,6.93,0.04,5.85,64.,244.70,249.60,53.00
2026-08-06 13:26:59,13:22:03,6.92,0.00,5.90,64.,244.40,249.30,54.00
2026-08-06 13:27:39,13:23:03,6.86,-0.02,5.39,64.,246.40,249.80,54.00
2026-08-06 13:29:00,13:24:03,6.94,0.05,5.29,64.,247.20,250.00,55.00
2026-08-06 13:29:40,13:25:03,6.92,0.02,5.32,64.,246.20,250.00,55.00
2026-08-06 13:31:01,13:26:03,6.85,-0.02,5.31,65.,245.50,250.00,55.00
2026-08-06 13:31:41,13:27:03,6.92,0.08,4.77,65.,247.70,250.60,55.00
2026-08-06 13:33:01,13:28:03,6.85,0.11,4.68,65.,248.10,250.70,55.00
2026-08-06 13:33:42,13:29:03,6.90,0.06,4.76,67.,247.20,250.70,55.00
2026-08-06 13:35:02,13:30:04,6.96,0.12,4.83,67.,249.40,250.90,55.00
2026-08-06 13:35:43,13:31:04,6.89,0.10,4.79,67.,244.70,250.90,55.00
2026-08-06 13:37:03,13:32:04,6.89,0.08,4.97,67.,247.70,250.70,56.00
2026-08-06 13:37:43,13:33:04,6.90,0.09,4.96,68.,248.70,250.70,56.00
2026-08-06 13:39:03,13:34:04,6.89,0.13,5.04,68.,249.80,250.70,56.00
2026-08-06 13:39:44,13:35:04,6.89,0.14,4.93,68.,248.50,250.90,56.00
2026-08-06 13:41:04,13:36:04,6.85,0.18,5.05,68.,248.30,250.90,56.00
2026-08-06 13:41:44,13:37:04,6.86,0.05,5.84,69.,243.80,250.00,57.00
2026-08-06 13:43:05,13:38:04,6.71,0.00,5.87,69.,244.90,249.80,57.00
2026-08-06 13:43:45,13:39:04,6.91,-0.09,5.75,69.,247.40,250.00,58.00
2026-08-06 13:45:05,13:40:04,6.73,0.01,5.95,69.,247.70,249.70,58.00
2026-08-06 13:45:46,13:41:04,6.83,0.03,5.82,69.,247.20,249.80,58.00
2026-08-06 13:47:06,13:42:04,6.84,0.05,6.15,69.,247.20,249.70,59.00
2026-08-06 13:47:46,13:43:04,6.85,6.04,6.23,71.,240.40,254.50,54.00
2026-08-06 13:49:06,13:44:05,6.75,6.00,6.14,72.,242.30,254.60,52.00
2026-08-06 13:49:47,13:45:05,6.74,6.27,6.40,72.,242.50,254.50,50.00
2026-08-06 13:51:08,13:46:05,6.74,6.48,6.63,73.,242.30,254.50,49.00
2026-08-06 13:51:48,13:47:05,6.87,6.42,6.65,75.,242.70,254.50,48.00
2026-08-06 13:53:09,13:48:05,6.82,5.09,6.69,76.,243.60,253.30,48.00
2026-08-06 13:53:49,13:49:05,6.80,3.26,6.63,76.,244.20,252.00,49.00
2026-08-06 13:55:09,13:50:05,6.80,1.50,6.47,77.,246.80,250.70,51.00
2026-08-06 13:55:50,13:51:05,6.75,0.00,5.91,77.,247.70,249.80,54.00
2026-08-06 13:57:10,13:52:05,6.80,-0.01,6.17,77.,246.20,249.60,55.00
2026-08-06 13:57:50,13:53:05,6.79,-0.20,5.90,77.,246.20,249.40,56.00
2026-08-06 13:59:11,13:54:05,6.69,0.00,5.87,77.,245.10,249.70,56.00
2026-08-06 13:59:51,13:55:05,6.84,-0.09,5.78,77.,245.30,249.80,57.00
2026-08-06 14:01:12,13:56:05,6.79,0.21,5.55,78.,248.30,250.30,57.00
2026-08-06 14:01:52,13:57:05,6.83,0.17,5.49,78.,246.80,250.30,57.00
2026-08-06 14:03:12,13:58:05,6.65,6.05,6.31,79.,242.10,254.60,52.00
2026-08-06 14:03:53,13:59:06,6.80,5.44,5.62,80.,243.20,254.80,50.00
2026-08-06 14:05:13,14:00:06,6.84,5.46,5.68,81.,242.10,254.80,49.00
2026-08-06 14:05:53,14:01:06,6.77,5.58,5.96,82.,242.70,254.80,48.00
2026-08-06 14:07:13,14:02:06,6.84,5.61,5.83,84.,244.20,254.90,47.00
2026-08-06 14:07:54,14:03:06,6.72,4.66,5.76,84.,245.50,254.30,47.00
2026-08-06 14:09:14,14:04:06,6.84,2.61,5.51,86.,245.50,252.90,48.00
2026-08-06 14:09:54,14:05:06,6.63,0.94,5.34,86.,246.40,251.40,50.00
2026-08-06 14:11:15,14:06:06,6.76,0.20,6.36,86.,239.30,250.00,53.00
2026-08-06 14:11:55,14:07:06,6.82,0.00,6.48,86.,245.30,249.30,54.00
2026-08-07 11:45:05,11:40:56,6.53,0.49,5.88,35.,239.10,248.00,50.00
2026-08-07 11:45:46,11:41:56,6.39,-0.13,5.79,35.,236.70,247.40,52.00
2026-08-07 11:47:06,11:42:56,6.43,-0.08,6.31,35.,238.20,247.00,53.00
2026-08-07 11:47:46,11:43:56,6.44,-0.05,6.05,35.,238.90,247.00,54.00
2026-08-07 11:49:06,11:44:56,6.36,-0.11,6.06,35.,237.40,247.00,55.00
2026-08-07 11:49:47,11:45:56,6.58,-0.04,6.08,35.,237.80,247.00,55.00
2026-08-07 11:51:07,11:46:56,6.56,0.04,6.11,35.,238.50,247.10,56.00
2026-08-07 11:51:47,11:47:56,6.49,0.02,6.07,35.,240.40,247.00,56.00
2026-08-07 11:53:07,11:48:56,6.50,-0.07,5.97,35.,238.50,247.00,56.00
2026-08-07 11:53:48,11:49:56,6.58,-0.01,6.20,35.,238.50,247.00,57.00
2026-08-07 11:55:08,11:50:56,6.57,6.11,6.31,36.,230.50,251.90,51.00
2026-08-07 11:55:48,11:51:56,6.57,6.16,6.33,37.,230.50,252.00,49.00
2026-08-07 11:57:08,11:52:56,6.57,5.67,5.84,38.,235.00,252.20,48.00
2026-08-07 11:57:49,11:53:57,6.48,5.19,5.27,39.,232.70,252.00,47.00
2026-08-07 11:59:09,11:54:57,6.55,5.19,5.34,40.,238.00,252.20,46.00
2026-08-07 11:59:49,11:55:57,6.67,5.11,5.30,40.,237.80,252.20,45.00
2026-08-07 12:01:09,11:56:57,6.72,5.14,5.36,42.,233.10,252.20,45.00
2026-08-07 12:01:50,11:57:57,6.73,5.18,5.38,43.,237.20,252.20,44.00
2026-08-07 12:03:10,11:58:57,6.69,5.20,5.41,44.,233.30,252.20,44.00
2026-08-07 12:03:50,11:59:57,6.68,5.10,5.38,45.,235.00,252.20,44.00
2026-08-07 12:05:11,12:00:57,6.73,5.17,5.55,46.,236.10,252.20,43.00
2026-08-07 12:05:51,12:01:57,6.75,5.26,5.63,46.,233.50,252.30,43.00
2026-08-07 12:07:11,12:02:57,6.75,5.96,6.21,47.,229.00,252.30,43.00
2026-08-07 12:07:51,12:03:57,6.76,6.22,6.43,48.,229.90,252.30,43.00
2026-08-07 12:09:12,12:04:57,6.72,5.80,5.99,50.,232.90,252.30,43.00
2026-08-07 12:09:52,12:05:57,6.64,5.70,5.94,51.,233.30,252.40,42.00
2026-08-07 12:11:12,12:06:57,6.75,5.66,5.85,52.,234.40,252.40,42.00
2026-08-07 12:11:52,12:07:58,6.64,4.92,6.02,53.,236.50,252.00,42.00
2026-08-07 12:13:13,12:08:58,6.73,3.21,5.98,53.,234.20,250.70,44.00
2026-08-07 12:13:53,12:09:58,6.62,1.83,6.29,54.,234.40,249.30,46.00
2026-08-07 12:15:13,12:10:58,6.76,0.00,6.20,54.,234.40,247.80,49.00
2026-08-07 12:15:53,12:11:58,6.75,-0.18,6.61,54.,233.10,247.10,51.00
2026-08-07 12:17:14,12:12:58,6.77,-0.15,6.55,54.,235.20,247.00,53.00
2026-08-07 12:17:54,12:13:58,6.76,-0.18,6.41,54.,235.00,247.10,54.00
2026-08-07 12:19:15,12:14:58,6.78,-0.18,6.28,54.,237.80,247.10,55.00
2026-08-07 12:19:55,12:15:58,6.79,0.03,7.14,54.,237.20,250.10,56.00
2026-08-07 12:21:15,12:16:58,6.75,6.90,7.06,55.,229.00,252.60,50.00
2026-08-07 12:21:56,12:17:58,6.68,6.82,7.00,56.,231.60,253.00,48.00
2026-08-07 12:23:16,12:18:58,6.79,6.86,7.04,56.,231.60,253.30,47.00
2026-08-07 12:23:56,12:19:58,6.81,6.98,7.18,57.,230.80,253.50,46.00
2026-08-07 12:25:16,12:20:58,6.78,7.62,7.79,59.,226.70,253.60,46.00
2026-08-07 12:25:57,12:21:59,6.74,8.07,8.32,60.,228.80,253.70,45.00
2026-08-07 12:27:17,12:22:59,6.55,7.96,7.97,61.,223.50,253.90,45.00
2026-08-07 12:27:57,12:23:59,6.69,9.38,9.52,62.,225.00,253.90,44.00
2026-08-07 12:29:18,12:24:59,6.76,9.82,9.98,63.,224.10,253.90,44.00
2026-08-07 12:29:58,12:25:59,6.83,7.24,7.45,63.,224.30,254.00,44.00
2026-08-07 12:31:18,12:26:59,6.78,6.72,7.01,64.,226.00,253.90,43.00
2026-08-07 12:31:58,12:27:59,6.90,6.82,7.06,65.,225.40,254.20,43.00
2026-08-07 12:33:19,12:28:59,6.90,6.55,6.79,67.,220.90,254.20,43.00
2026-08-07 12:33:59,12:29:59,6.89,6.64,6.87,68.,225.00,254.20,43.00
2026-08-07 12:35:19,12:30:59,6.92,6.04,6.28,69.,228.20,254.20,43.00
2026-08-07 12:36:00,12:31:59,6.51,5.96,6.23,70.,226.30,254.00,43.00
2026-08-07 12:37:20,12:32:59,6.92,5.85,6.11,70.,228.00,254.20,42.00
2026-08-07 12:38:00,12:33:59,6.90,3.85,6.03,71.,237.00,252.70,43.00
2026-08-07 12:39:21,12:34:59,6.87,3.14,6.95,72.,224.60,251.40,45.00
2026-08-07 12:40:01,12:36:00,6.88,1.83,7.29,72.,226.00,250.10,48.00
2026-08-07 12:41:21,12:37:00,6.74,0.07,7.28,72.,230.30,248.50,52.00
2026-08-07 12:42:01,12:38:00,6.62,-0.32,7.46,72.,235.70,248.00,54.00
2026-08-07 12:43:22,12:39:00,6.89,-0.29,7.17,72.,233.50,248.00,56.00
2026-08-07 12:44:02,12:40:00,6.96,-0.40,7.17,72.,235.50,247.80,57.00
2026-08-07 12:45:22,12:41:00,6.95,-0.43,8.59,71.,231.40,247.00,59.00
2026-08-07 12:46:02,12:42:00,6.84,7.12,7.32,72.,224.80,253.90,53.00
2026-08-07 12:47:24,12:43:00,6.89,6.95,7.17,73.,231.40,254.80,50.00
2026-08-07 12:48:04,12:44:00,6.90,6.94,7.17,75.,231.00,254.90,49.00
2026-08-07 12:48:44,12:45:00,6.89,6.88,7.10,76.,229.00,254.90,48.00
2026-08-07 12:50:04,12:46:00,6.90,6.99,7.22,77.,230.30,254.60,47.00
2026-08-07 12:50:44,12:47:00,6.93,6.95,7.14,78.,228.80,254.90,46.00
2026-08-07 12:52:05,12:48:00,6.92,6.91,7.16,78.,227.30,254.90,46.00
2026-08-07 12:52:45,12:49:00,6.95,7.01,7.28,79.,229.00,255.00,45.00
2026-08-07 12:54:46,12:50:01,6.90,6.91,7.13,80.,231.20,255.20,45.00
2026-08-07 13:02:08,12:51:01,6.67,6.44,6.74,82.,228.80,255.30,45.00
2026-08-07 13:02:48,12:52:01,6.92,6.18,6.41,84.,229.00,255.60,44.00
2026-08-07 13:04:08,12:53:01,6.96,7.01,7.27,86.,240.40,255.90,44.00
2026-08-07 13:04:48,12:56:01,6.81,3.26,7.25,92.,244.00,253.60,47.00
2026-08-07 13:06:09,12:59:01,6.90,0.09,7.06,94.,245.90,249.10,54.00
2026-08-07 13:06:49,13:02:01,7.08,0.09,7.17,94.,247.20,248.50,58.00
2026-08-07 13:08:09,13:03:01,3.04,7.51,7.70,94.,233.70,250.60,57.00
2026-08-07 13:08:50,13:04:02,3.03,8.06,8.21,98.,229.90,253.00,52.00
2026-08-07 13:10:10,13:05:02,0.05,8.16,8.19,100,234.40,252.00,50.00
2026-08-07 13:10:50,13:06:02,0.05,6.48,6.51,100,233.10,251.00,49.00
2026-08-07 13:12:11,13:07:02,0.05,6.41,6.44,100,233.70,250.40,48.00
2026-08-07 13:12:51,13:08:02,0.05,6.36,6.39,100,232.90,250.10,47.00
2026-08-07 13:14:11,13:09:02,0.05,6.68,6.71,100,232.90,250.00,46.00
2026-08-07 13:14:52,13:10:02,0.05,6.67,6.70,100,231.20,249.80,46.00
2026-08-07 13:16:12,13:11:02,1.60,5.22,6.80,100,235.00,249.70,45.00
2026-08-07 13:16:52,13:12:02,3.24,3.59,6.81,100,235.00,249.40,47.00
2026-08-07 13:18:12,13:13:02,4.97,1.82,6.77,100,234.40,249.40,49.00
2026-08-07 13:18:53,13:14:02,6.87,0.00,6.74,100,238.20,249.30,52.00
2026-08-07 13:20:13,13:15:02,7.00,-0.14,6.86,100,237.00,249.10,54.00
2026-08-07 13:20:53,13:16:02,6.97,0.84,8.60,100,231.60,248.80,55.00
2026-08-07 13:22:13,13:17:02,0.05,9.90,9.93,100,226.50,248.70,51.00
2026-08-07 13:22:54,13:18:03,0.05,9.84,9.87,100,226.30,248.80,48.00
2026-08-07 13:24:14,13:19:03,0.05,9.83,9.86,100,226.70,248.80,47.00
2026-08-07 13:24:54,13:20:03,0.05,9.49,9.52,100,225.20,248.80,46.00
2026-08-07 13:26:15,13:21:03,0.05,9.51,9.54,100,224.60,248.80,45.00
2026-08-07 13:26:55,13:22:03,0.05,9.29,9.32,100,223.90,248.80,45.00
2026-08-07 13:28:15,13:23:03,0.05,9.38,9.41,100,223.90,248.80,44.00
2026-08-07 13:28:56,13:24:03,0.05,8.90,8.93,100,227.10,248.80,44.00
2026-08-07 13:30:18,13:25:03,0.05,7.21,7.24,100,224.80,248.80,43.00
2026-08-07 13:30:58,13:26:03,0.05,7.09,7.12,100,225.80,248.80,43.00
2026-08-07 13:32:19,13:27:03,0.05,7.01,7.04,100,226.50,248.80,42.00
2026-08-07 13:32:59,13:28:03,1.16,5.89,7.03,100,226.50,248.80,42.00
2026-08-07 13:34:20,13:29:03,2.98,4.26,7.22,100,228.40,248.70,44.00
2026-08-07 13:35:00,13:30:03,4.68,2.80,7.46,100,229.90,248.70,46.00
2026-08-07 13:36:21,13:31:03,6.41,1.16,7.55,100,231.40,248.70,49.00
2026-08-07 13:37:01,13:32:04,6.86,-0.21,7.54,100,232.90,247.80,52.00
2026-08-07 13:38:22,13:33:04,6.92,-0.21,7.79,100,231.80,247.50,54.00
2026-08-07 13:39:02,13:34:04,6.94,-0.11,8.55,98.,231.20,246.70,56.00
2026-08-07 13:40:23,13:35:04,6.68,-0.37,8.74,98.,227.50,246.10,58.00
2026-08-07 13:41:03,13:36:04,7.00,-0.36,6.60,98.,234.60,247.70,59.00
2026-08-07 13:41:43,13:37:04,3.01,6.18,6.32,98.,227.50,250.10,53.00
2026-08-07 13:43:04,13:38:04,3.06,6.63,6.81,98.,230.80,251.00,50.00
2026-08-07 13:43:45,13:39:04,3.06,6.47,6.66,98.,229.90,252.20,48.00
2026-08-07 13:45:05,13:40:04,3.06,6.62,6.79,98.,232.90,254.50,47.00
2026-08-07 13:45:46,13:41:04,0.05,6.52,6.54,100,234.40,252.00,46.00
2026-08-07 13:47:06,13:42:04,0.05,6.63,6.66,100,231.60,251.60,45.00
2026-08-07 13:47:46,13:43:04,0.05,6.81,6.84,100,232.50,251.30,45.00
2026-08-07 13:49:08,13:44:04,0.96,6.07,7.01,100,236.70,251.00,44.00
2026-08-07 13:49:48,13:45:04,2.90,4.48,7.36,100,237.00,250.70,46.00
2026-08-07 13:51:08,13:46:05,4.62,2.96,7.58,100,239.10,250.60,48.00
2026-08-07 13:51:48,13:47:05,6.39,1.14,7.53,100,238.70,250.40,50.00
2026-08-07 13:53:09,13:48:05,6.94,-0.03,7.30,100,241.00,249.40,53.00
2026-08-07 13:53:49,13:49:05,6.91,-0.03,7.12,100,241.00,249.10,54.00
2026-08-07 13:55:10,13:50:05,6.74,-0.05,6.69,100,240.60,249.30,55.00
2026-08-07 13:55:50,13:51:05,6.95,-0.11,6.84,100,242.70,249.10,56.00
2026-08-07 13:57:10,13:52:05,6.89,-0.07,6.82,100,241.50,249.10,56.00
2026-08-07 13:57:50,13:53:05,0.05,6.66,6.71,100,235.20,249.10,54.00
2026-08-07 13:59:11,13:54:05,0.05,6.70,6.75,100,236.30,249.10,50.00
2026-08-07 13:59:51,13:55:05,0.05,6.69,6.74,100,235.90,249.10,48.00
2026-08-07 14:01:12,13:56:05,0.05,6.69,6.74,100,234.80,249.10,47.00
2026-08-07 14:01:52,13:57:05,0.05,6.74,6.79,100,234.60,249.10,46.00
2026-08-07 14:03:13,13:58:05,0.05,6.72,6.77,100,232.50,249.10,45.00
2026-08-07 14:03:53,13:59:06,0.05,6.73,6.78,100,234.20,249.10,45.00
2026-08-07 14:05:14,14:00:06,2.11,4.89,7.00,100,236.50,249.00,45.00
2026-08-07 14:05:54,14:01:06,3.87,3.17,7.04,100,238.00,249.00,47.00
2026-08-07 14:07:15,14:02:06,5.70,1.37,7.07,100,242.90,249.00,49.00
2026-08-07 14:07:55,14:03:06,6.79,0.00,7.23,100,241.90,248.80,52.00
2026-08-07 14:09:16,14:04:06,6.85,-0.03,6.99,100,239.30,248.50,54.00
2026-08-07 14:09:56,14:05:06,6.83,-0.08,6.92,100,240.60,248.50,55.00
2026-08-07 14:11:16,14:06:06,6.89,0.22,7.22,100,242.10,248.40,55.00
2026-08-07 14:11:57,14:07:06,6.84,-0.05,7.33,100,241.00,248.00,57.00
2026-08-08 11:45:05,11:40:56,6.29,-0.05,6.15,10.,239.10,242.80,59.00
2026-08-08 11:46:26,11:41:56,6.50,0.00,6.14,10.,241.90,242.90,59.00
2026-08-08 11:47:06,11:42:56,6.54,-0.06,6.14,10.,240.80,242.90,59.00
2026-08-08 11:47:46,11:43:56,6.50,-0.08,5.65,10.,239.30,243.30,59.00
2026-08-08 11:49:06,11:44:56,6.52,-0.07,5.63,10.,239.50,243.60,59.00
2026-08-08 11:49:46,11:45:56,6.50,-0.07,5.63,10.,242.10,243.80,59.00
2026-08-08 11:51:07,11:46:57,6.55,-0.10,5.58,10.,240.40,244.10,59.00
2026-08-08 11:51:47,11:47:57,6.56,-0.12,5.37,11.,241.90,244.40,59.00
2026-08-08 11:53:07,11:48:57,6.59,-0.10,5.52,11.,239.30,244.50,58.00
2026-08-08 11:53:48,11:49:57,6.59,-0.08,5.44,11.,240.20,244.60,58.00
2026-08-08 11:55:08,11:50:57,6.59,-0.01,5.56,11.,240.00,244.80,58.00
2026-08-08 11:55:48,11:51:57,6.66,-0.05,5.51,11.,239.10,244.90,58.00
2026-08-08 11:57:08,11:52:57,6.68,-0.07,5.51,11.,241.50,245.10,58.00
2026-08-08 11:57:49,11:53:57,6.64,-0.04,5.58,11.,242.70,245.20,58.00
2026-08-08 11:59:09,11:54:57,6.61,0.95,6.54,12.,242.50,245.10,58.00
2026-08-08 11:59:49,11:55:57,6.65,-0.06,5.42,12.,243.80,245.50,58.00
2026-08-08 12:01:10,11:56:57,6.63,-0.07,5.46,12.,239.30,245.50,58.00
2026-08-08 12:01:50,11:57:57,6.60,-0.06,5.61,12.,238.20,245.40,58.00
2026-08-08 12:03:10,11:58:57,6.61,-0.08,5.65,12.,235.20,245.50,58.00
2026-08-08 12:03:50,11:59:57,6.76,-0.09,5.82,12.,237.00,245.50,58.00
2026-08-08 12:05:11,12:00:58,6.75,-0.05,5.67,12.,239.10,245.50,58.00
2026-08-08 12:05:51,12:01:58,6.65,0.06,6.88,12.,240.40,244.50,58.00
2026-08-08 12:07:11,12:02:58,6.77,-0.05,6.81,12.,238.20,244.40,59.00
2026-08-08 12:07:52,12:03:58,6.84,-0.06,8.04,12.,237.00,243.30,60.00
2026-08-08 12:09:12,12:04:58,6.77,-0.17,8.22,12.,237.40,242.50,61.00
2026-08-08 12:09:52,12:05:58,6.79,-0.19,8.31,12.,237.00,241.80,62.00
2026-08-08 12:11:13,12:06:58,6.75,-0.35,7.87,12.,240.20,241.80,63.00
2026-08-08 12:11:53,12:07:58,6.79,-0.17,8.38,12.,242.90,241.20,63.00
2026-08-08 12:13:13,12:08:58,6.79,-0.17,8.04,12.,242.50,241.00,64.00
2026-08-08 12:13:54,12:09:58,6.75,8.10,8.35,12.,232.00,247.50,59.00
2026-08-08 12:15:14,12:10:58,6.73,8.11,8.34,13.,232.70,249.40,54.00
2026-08-08 12:15:54,12:11:58,6.66,7.47,7.72,14.,236.70,250.30,52.00
2026-08-08 12:17:15,12:12:58,6.74,6.81,6.99,15.,236.70,250.40,50.00
2026-08-08 12:17:55,12:13:58,6.79,6.54,6.77,17.,235.50,250.60,49.00
2026-08-08 12:19:15,12:14:59,6.70,5.79,6.51,18.,234.60,250.30,48.00
2026-08-08 12:19:55,12:15:59,6.71,4.20,6.83,18.,237.80,249.10,48.00
2026-08-08 12:21:16,12:16:59,6.81,2.37,6.70,19.,238.50,248.00,50.00
2026-08-08 12:21:56,12:17:59,6.81,0.51,6.49,19.,241.00,246.80,52.00
2026-08-08 12:23:16,12:18:59,6.72,-0.15,7.11,19.,238.90,245.70,55.00
2026-08-08 12:23:57,12:19:59,6.86,-0.21,7.33,19.,238.00,245.40,57.00
2026-08-08 12:25:17,12:20:59,6.86,-0.24,7.28,19.,237.60,245.10,58.00
2026-08-08 12:25:57,12:21:59,6.86,-0.10,7.34,19.,239.50,245.10,58.00
2026-08-08 12:27:18,12:22:59,6.89,-0.09,7.46,19.,239.30,244.90,59.00
2026-08-08 12:27:58,12:23:59,6.72,-0.01,7.17,18.,244.00,244.90,59.00
2026-08-08 12:29:18,12:24:59,6.83,0.00,7.22,18.,241.50,244.90,60.00
2026-08-08 12:29:59,12:25:59,6.89,-0.36,6.87,18.,242.90,244.90,60.00
2026-08-08 12:31:19,12:26:59,6.95,-0.22,6.82,18.,244.40,244.90,60.00
2026-08-08 12:31:59,12:27:59,6.79,6.74,6.94,19.,236.10,250.90,54.00
2026-08-08 12:33:19,12:28:59,6.77,6.39,6.56,20.,237.80,251.30,51.00
2026-08-08 12:34:00,12:30:00,6.82,5.49,5.70,21.,229.00,251.40,50.00
2026-08-08 12:35:20,12:31:00,6.83,5.68,5.90,22.,237.60,251.60,48.00
2026-08-08 12:36:00,12:32:00,6.82,5.92,6.13,23.,234.20,251.70,47.00
2026-08-08 12:37:21,12:33:00,6.93,4.79,6.20,23.,236.30,251.00,47.00
2026-08-08 12:38:01,12:34:00,7.00,2.99,6.13,25.,239.10,249.70,48.00
2026-08-08 12:39:21,12:35:00,6.92,1.55,6.26,25.,242.90,248.50,50.00
2026-08-08 12:40:02,12:36:00,7.01,0.19,6.71,26.,245.50,247.10,52.00
2026-08-08 12:41:22,12:37:00,6.95,0.02,6.80,26.,245.10,246.70,54.00
2026-08-08 12:42:02,12:38:00,6.78,-0.05,6.66,26.,245.50,246.50,55.00
2026-08-08 12:43:22,12:39:00,6.93,-0.09,7.13,26.,244.70,246.40,56.00
2026-08-08 12:44:03,12:40:00,6.93,-0.05,6.81,26.,247.70,246.40,57.00
2026-08-08 12:45:23,12:41:00,7.05,0.00,7.01,26.,247.40,246.40,58.00
2026-08-08 12:46:03,12:42:00,6.79,6.63,6.82,26.,237.80,251.30,53.00
2026-08-08 12:48:04,12:44:01,6.87,5.63,5.91,28.,239.70,251.90,49.00
2026-08-08 12:50:04,12:45:01,6.85,5.70,5.93,29.,239.70,251.90,47.00
2026-08-08 12:53:25,12:46:01,6.81,5.81,6.00,30.,236.70,251.90,46.00
2026-08-08 12:55:26,12:47:01,6.83,5.79,6.00,30.,240.20,251.90,46.00
2026-08-08 12:56:06,12:48:01,6.87,5.78,6.03,31.,239.30,251.90,45.00
2026-08-08 12:57:26,12:49:01,7.00,4.02,6.01,32.,238.70,250.60,45.00
2026-08-08 12:58:06,12:50:01,7.04,2.47,6.17,34.,240.60,249.40,47.00
2026-08-08 12:59:27,12:51:01,7.00,0.26,5.78,34.,247.90,248.00,49.00
2026-08-08 13:00:07,12:52:01,6.98,0.03,5.80,34.,249.80,247.70,51.00
2026-08-08 13:00:47,12:54:01,7.05,0.03,5.75,34.,246.80,247.70,53.00
2026-08-08 13:01:27,12:55:01,7.03,0.83,7.07,35.,252.40,247.00,54.00
2026-08-08 13:02:08,12:57:01,6.81,-0.02,7.40,34.,244.90,246.20,57.00
2026-08-08 13:02:48,12:58:02,6.79,6.61,6.79,35.,238.00,251.40,52.00
2026-08-08 13:04:08,12:59:02,6.49,6.52,6.70,36.,238.00,251.40,50.00
2026-08-08 13:04:48,13:00:02,6.87,6.53,6.81,37.,238.90,251.90,48.00
2026-08-08 13:06:09,13:01:02,6.46,7.76,8.04,37.,236.30,251.60,47.00
2026-08-08 13:06:49,13:02:02,6.84,7.77,7.99,38.,240.60,251.90,46.00
2026-08-08 13:08:09,13:03:02,6.87,7.40,7.68,39.,241.50,251.90,45.00
2026-08-08 13:08:50,13:04:02,6.84,7.35,7.57,40.,241.90,251.90,45.00
2026-08-08 13:10:10,13:05:02,6.83,7.44,7.65,42.,242.90,251.90,44.00
2026-08-08 13:10:50,13:06:02,6.83,7.44,7.65,43.,243.60,251.90,44.00
2026-08-08 13:12:11,13:07:02,6.82,7.52,7.72,44.,242.50,251.90,43.00
2026-08-08 13:12:51,13:08:02,6.88,6.14,6.40,45.,238.90,251.90,43.00
2026-08-08 13:14:12,13:09:02,6.88,6.10,6.35,45.,238.90,251.90,43.00
2026-08-08 13:14:52,13:10:02,5.96,6.10,6.37,46.,237.40,251.00,43.00
2026-08-08 13:16:12,13:11:02,7.10,3.80,6.40,47.,240.60,250.40,44.00
2026-08-08 13:16:52,13:12:03,7.14,1.55,5.81,47.,241.90,249.10,46.00
2026-08-08 13:18:13,13:13:03,7.10,0.01,5.88,48.,241.90,247.80,49.00
2026-08-08 13:18:53,13:14:03,7.11,-0.08,5.77,48.,242.10,247.70,50.00
2026-08-08 13:20:13,13:15:03,7.18,-0.08,5.74,48.,241.90,247.80,51.00
2026-08-08 13:20:54,13:16:03,7.12,-0.04,5.82,48.,243.80,247.70,52.00
2026-08-08 13:22:14,13:17:03,7.21,-0.07,5.76,48.,242.70,247.80,53.00
2026-08-08 13:22:54,13:18:03,7.16,-0.09,5.86,48.,241.00,247.70,54.00
2026-08-08 13:24:15,13:19:03,7.14,0.00,7.28,48.,242.90,250.30,55.00
2026-08-08 13:24:55,13:20:03,6.82,7.15,7.38,50.,238.70,252.00,49.00
2026-08-08 13:26:15,13:21:03,6.87,7.36,7.63,51.,240.60,252.20,48.00
2026-08-08 13:26:55,13:22:03,6.82,7.32,7.54,52.,239.70,252.20,47.00
2026-08-08 13:28:16,13:23:03,6.83,7.14,7.36,53.,240.40,252.30,46.00
2026-08-08 13:28:56,13:24:03,6.87,7.21,7.47,54.,238.70,252.30,45.00
2026-08-08 13:30:16,13:25:03,6.87,6.75,6.99,55.,241.90,252.30,44.00
2026-08-08 13:30:57,13:26:04,6.89,6.80,7.06,56.,241.50,252.30,44.00
2026-08-08 13:32:17,13:27:04,6.89,6.66,6.94,56.,242.10,252.40,44.00
2026-08-08 13:32:57,13:28:04,6.89,5.06,5.32,57.,241.00,252.40,43.00
2026-08-08 13:34:18,13:29:04,6.90,5.10,5.36,59.,238.90,252.60,43.00
2026-08-08 13:34:58,13:30:04,6.87,5.66,5.89,60.,240.60,252.60,43.00
2026-08-08 13:36:18,13:31:04,6.87,5.66,5.89,61.,239.30,252.70,42.00
2026-08-08 13:36:58,13:32:04,6.84,5.58,5.77,62.,239.70,252.90,42.00
2026-08-08 13:38:19,13:33:04,6.87,7.19,7.44,63.,239.70,253.00,42.00
2026-08-08 13:38:59,13:34:04,5.94,6.45,7.22,63.,240.20,252.40,42.00
2026-08-08 13:40:19,13:35:04,7.13,3.77,6.37,64.,236.50,251.70,43.00
2026-08-08 13:41:00,13:36:04,7.02,2.44,6.73,65.,239.70,250.60,46.00
2026-08-08 13:42:20,13:37:04,7.08,0.65,6.66,65.,242.30,249.10,48.00
2026-08-08 13:43:00,13:38:04,7.04,-0.08,6.42,65.,241.20,248.40,51.00
2026-08-08 13:44:21,13:39:04,7.04,-0.08,6.57,65.,242.30,248.30,52.00
2026-08-08 13:45:01,13:40:04,7.01,-0.16,6.38,65.,241.90,248.40,53.00
2026-08-08 13:46:21,13:41:05,7.06,-0.20,5.84,65.,239.70,248.80,54.00
2026-08-08 13:47:01,13:42:05,6.96,-0.04,5.80,65.,241.50,249.00,54.00
2026-08-08 13:48:22,13:43:05,6.87,5.52,5.75,67.,233.70,253.50,50.00
2026-08-08 13:49:02,13:44:05,6.92,5.57,5.77,68.,233.10,253.90,48.00
2026-08-08 13:50:22,13:45:05,6.67,5.49,5.75,69.,234.80,253.90,47.00
2026-08-08 13:51:03,13:46:05,6.87,5.69,5.90,69.,234.00,254.20,46.00
2026-08-08 13:52:23,13:47:05,6.25,5.58,5.93,70.,235.50,253.60,45.00
2026-08-08 13:53:03,13:48:05,6.94,5.55,5.82,71.,235.50,254.20,45.00
2026-08-08 13:54:24,13:49:05,6.91,5.51,5.76,72.,234.40,254.20,44.00
2026-08-08 13:55:04,13:50:05,6.90,5.57,5.81,73.,234.80,254.20,44.00
2026-08-08 13:56:24,13:51:05,6.90,5.51,5.75,75.,233.50,254.20,43.00
2026-08-08 13:57:04,13:52:05,6.93,5.70,5.97,76.,235.50,254.30,43.00
2026-08-08 13:58:25,13:53:05,6.89,5.65,5.88,77.,234.00,254.30,43.00
2026-08-08 13:59:05,13:54:05,6.90,5.11,5.35,77.,235.90,254.30,43.00
2026-08-08 14:00:25,13:55:06,6.90,4.93,5.17,78.,235.70,254.30,43.00
2026-08-08 14:01:06,13:56:06,6.91,4.91,5.16,79.,236.30,254.30,42.00
2026-08-08 14:02:26,13:57:06,6.93,4.95,5.22,80.,236.30,254.30,42.00
2026-08-08 14:03:06,13:58:06,6.92,6.62,6.90,81.,228.80,254.50,42.00
2026-08-08 14:04:27,13:59:06,6.90,7.14,7.38,82.,228.20,254.50,42.00
2026-08-08 14:05:07,14:00:06,6.92,7.32,7.58,84.,227.50,254.60,42.00
2026-08-08 14:06:27,14:01:06,6.90,7.31,7.54,84.,228.20,254.80,42.00
2026-08-08 14:07:08,14:02:06,6.93,7.11,7.37,85.,227.80,254.80,42.00
2026-08-08 14:07:48,14:03:06,6.91,7.15,7.39,86.,228.00,254.80,42.00
2026-08-08 14:09:08,14:04:06,6.93,7.65,7.90,87.,226.70,254.90,42.00
2026-08-08 14:09:48,14:05:06,6.91,7.64,7.87,88.,225.00,255.30,42.00
2026-08-08 14:11:09,14:06:06,6.93,7.57,7.81,89.,226.00,255.50,42.00
2026-08-08 14:11:49,14:07:06,3.07,7.47,7.67,90.,224.30,252.40,41.00
2026-08-09 11:45:03,11:40:56,6.80,-0.29,3.65,96.,244.00,253.60,50.00
2026-08-09 11:46:23,11:41:56,6.80,-0.49,3.45,96.,244.20,253.90,51.00
2026-08-09 11:47:03,11:42:56,6.73,-0.69,3.17,97.,242.90,254.50,51.00
2026-08-09 11:48:24,11:43:56,6.82,-0.87,3.07,98.,242.70,255.00,51.00
2026-08-09 11:49:04,11:44:57,6.85,-0.72,3.24,98.,243.80,256.10,51.00
2026-08-09 11:50:24,11:45:57,6.80,-3.61,3.17,100,246.60,251.90,54.00
2026-08-09 11:51:04,11:46:57,6.79,-3.68,3.09,100,248.50,251.00,55.00
2026-08-09 11:52:25,11:47:57,6.88,-3.68,3.18,100,246.80,250.40,56.00
2026-08-09 11:53:05,11:48:57,6.92,-3.57,3.33,100,247.40,250.00,56.00
2026-08-09 11:54:25,11:49:57,6.75,-3.41,3.32,100,243.20,249.80,57.00
2026-08-09 11:55:05,11:50:57,6.82,-3.50,3.30,100,244.70,249.70,57.00
2026-08-09 11:56:26,11:51:57,6.84,-3.57,3.25,100,246.20,249.60,58.00
2026-08-09 11:57:06,11:52:57,6.84,-3.66,3.18,100,244.00,249.60,58.00
2026-08-09 11:58:26,11:53:57,6.80,-3.70,3.10,100,240.20,249.40,59.00
2026-08-09 11:59:07,11:54:57,6.71,-3.53,3.16,100,247.40,249.30,59.00
2026-08-09 12:00:27,11:55:57,6.87,-3.68,3.19,100,245.70,249.10,59.00
2026-08-09 12:01:07,11:56:57,6.93,-3.68,3.25,100,245.50,249.10,59.00
2026-08-09 12:02:28,11:57:57,6.94,-4.13,2.81,100,244.70,249.10,60.00
2026-08-09 12:03:08,11:58:57,6.94,-4.23,2.71,100,245.70,249.00,60.00
2026-08-09 12:04:28,11:59:58,6.63,-4.02,2.61,100,240.40,249.00,60.00
2026-08-09 12:05:08,12:00:58,6.93,-3.78,3.15,100,243.60,249.00,60.00
2026-08-09 12:06:29,12:01:58,6.95,-3.91,3.04,100,239.70,249.00,60.00
2026-08-09 12:07:09,12:02:58,6.94,-3.93,3.01,100,245.70,249.00,60.00
2026-08-09 12:08:29,12:03:58,6.92,-3.72,3.20,100,238.90,249.00,61.00
2026-08-09 12:09:09,12:04:58,6.91,-3.74,3.15,100,244.90,248.80,61.00
2026-08-09 12:10:30,12:05:58,6.96,-3.71,3.23,100,242.30,248.80,61.00
2026-08-09 12:11:10,12:06:58,7.03,-3.70,3.23,100,243.20,248.80,61.00
2026-08-09 12:11:50,12:07:58,6.85,-3.19,3.64,100,244.00,248.80,61.00
2026-08-09 12:13:11,12:08:58,6.96,-3.06,3.88,100,241.90,248.80,61.00
2026-08-09 12:13:51,12:09:58,7.02,-3.15,3.85,100,246.40,248.80,61.00
2026-08-09 12:15:11,12:10:58,7.05,-3.38,3.65,100,242.70,248.80,61.00
2026-08-09 12:15:51,12:11:58,7.03,-3.86,3.15,100,243.40,248.80,61.00
2026-08-09 12:17:12,12:12:58,6.94,-3.70,3.22,100,242.10,248.80,61.00
2026-08-09 12:17:52,12:13:59,7.04,-3.82,3.20,100,247.40,248.70,61.00
2026-08-09 12:19:12,12:14:59,7.01,-3.73,3.26,100,245.30,248.80,61.00
2026-08-09 12:19:53,12:15:59,6.99,-3.81,3.16,100,246.80,248.80,61.00
2026-08-09 12:21:13,12:16:59,7.00,-3.23,3.75,100,248.10,248.70,61.00
2026-08-09 12:21:53,12:17:59,7.02,-3.13,3.87,100,240.60,248.70,61.00
2026-08-09 12:23:13,12:18:59,6.81,-2.82,3.97,100,239.30,248.70,61.00
2026-08-09 12:23:54,12:19:59,7.10,-3.04,4.04,100,247.40,248.80,62.00
2026-08-09 12:25:14,12:20:59,7.02,-2.89,4.11,100,244.90,248.80,62.00
2026-08-09 12:25:54,12:21:59,7.11,-3.00,4.09,100,247.40,248.70,62.00
2026-08-09 12:27:15,12:22:59,7.03,-3.06,3.95,100,247.40,248.70,62.00
2026-08-09 12:27:55,12:23:59,6.96,-3.04,3.90,100,248.30,248.70,62.00
2026-08-09 12:29:15,12:24:59,7.09,-3.10,3.97,100,241.90,248.70,62.00
2026-08-09 12:29:55,12:25:59,6.84,-3.29,3.53,100,245.30,248.70,62.00
2026-08-09 12:31:16,12:26:59,7.18,-4.33,2.83,100,247.00,248.70,62.00
2026-08-09 12:31:56,12:28:00,7.16,-4.31,2.83,100,244.70,248.50,62.00
2026-08-09 12:33:16,12:29:00,0.05,2.56,2.59,100,238.50,248.70,55.00
2026-08-09 12:33:57,12:30:00,0.05,3.11,3.14,100,242.70,248.70,52.00
2026-08-09 12:35:17,12:31:00,0.05,3.04,3.07,100,236.50,248.70,50.00
2026-08-09 12:35:57,12:32:00,0.05,3.10,3.13,100,238.20,248.70,49.00
2026-08-09 12:37:18,12:33:00,0.05,3.13,3.16,100,237.60,248.70,48.00
2026-08-09 12:37:58,12:34:00,2.05,1.38,3.25,100,244.00,248.70,48.00
2026-08-09 12:39:18,12:35:00,3.81,-0.42,3.37,100,247.70,248.70,49.00
2026-08-09 12:39:58,12:36:00,5.60,-2.03,3.55,100,251.10,248.70,51.00
2026-08-09 12:41:59,12:37:00,7.10,-2.93,4.15,100,242.50,248.70,54.00
2026-08-09 12:43:19,12:38:00,7.13,-3.07,4.02,100,238.70,248.50,55.00
2026-08-09 12:44:00,12:39:00,7.08,-3.25,3.81,100,240.60,248.70,56.00
2026-08-09 12:45:20,12:40:00,7.15,-3.36,3.77,100,247.70,248.70,57.00
2026-08-09 12:46:00,12:41:00,7.17,-3.70,3.45,100,250.40,248.70,57.00
2026-08-09 12:47:21,12:42:01,7.13,-3.74,3.39,100,242.90,248.70,58.00
2026-08-09 12:48:01,12:43:01,7.19,-3.81,3.36,100,243.40,248.70,58.00
2026-08-09 12:49:21,12:44:01,0.05,3.13,3.16,100,235.70,248.70,52.00
2026-08-09 12:50:01,12:45:01,0.05,3.27,3.30,100,240.60,248.70,50.00
2026-08-09 12:51:22,12:46:01,0.05,3.44,3.47,100,240.20,248.70,48.00
2026-08-09 12:52:02,12:47:01,0.05,3.55,3.58,100,240.40,248.70,47.00
2026-08-09 12:53:22,12:48:01,0.05,3.51,3.54,100,234.40,248.70,46.00
2026-08-09 12:54:03,12:49:01,1.61,2.08,3.67,100,238.90,248.70,45.00
2026-08-09 12:55:23,12:50:01,3.33,0.42,3.73,100,239.50,248.70,47.00
2026-08-09 12:56:03,12:51:01,5.10,-1.50,3.58,100,245.70,248.70,49.00
2026-08-09 12:57:24,12:52:01,6.83,-3.38,3.43,100,246.80,248.70,52.00
2026-08-09 12:58:04,12:53:01,7.09,-3.57,3.50,100,248.30,248.70,53.00
2026-08-09 12:59:24,12:54:01,6.89,-3.34,3.53,100,245.90,248.70,54.00
2026-08-09 13:00:04,12:55:01,7.22,-3.57,3.58,100,244.70,248.70,55.00
2026-08-09 13:01:25,12:56:01,7.15,-3.57,3.56,100,246.20,248.70,56.00
2026-08-09 13:02:05,12:57:02,7.15,-4.18,2.95,100,248.10,248.70,57.00
2026-08-09 13:03:25,12:58:02,7.06,-4.21,2.83,100,250.00,248.70,57.00
2026-08-09 13:04:06,12:59:02,0.05,3.06,3.09,100,241.70,248.70,52.00
2026-08-09 13:05:26,13:00:02,0.05,3.29,3.32,100,240.00,248.70,49.00
2026-08-09 13:06:06,13:01:02,0.05,3.29,3.32,100,242.30,248.70,48.00
2026-08-09 13:07:26,13:02:02,0.05,3.30,3.33,100,242.50,248.70,47.00
2026-08-09 13:08:07,13:03:02,0.05,3.09,3.12,100,244.00,248.70,46.00
2026-08-09 13:09:27,13:04:02,0.80,2.27,3.11,100,245.10,248.70,45.00
2026-08-09 13:10:07,13:05:02,2.72,0.39,3.09,100,247.70,248.70,46.00
2026-08-09 13:11:28,13:06:02,4.44,0.37,4.79,100,250.00,248.70,48.00
2026-08-09 13:12:08,13:07:02,6.23,-0.69,5.52,100,248.70,248.70,50.00
2026-08-09 13:13:28,13:08:02,7.21,-3.11,4.08,100,246.60,248.70,52.00
2026-08-09 13:14:08,13:09:02,7.20,-3.20,3.98,100,247.40,248.70,54.00
2026-08-09 13:15:29,13:10:02,7.22,-3.39,3.81,100,247.20,248.70,55.00
2026-08-09 13:16:09,13:11:03,7.24,-3.79,3.43,100,250.90,248.70,56.00
2026-08-09 13:17:29,13:12:03,6.18,-2.85,3.31,100,250.40,248.70,56.00
2026-08-09 13:18:10,13:13:03,7.21,-3.66,3.53,100,251.50,248.50,57.00
2026-08-09 13:19:30,13:14:03,0.05,3.45,3.48,100,242.10,248.70,54.00
2026-08-09 13:20:10,13:15:03,0.05,3.51,3.54,100,243.60,248.70,50.00
2026-08-09 13:20:51,13:16:03,0.05,3.61,3.64,100,242.90,248.70,48.00
2026-08-09 13:22:11,13:17:03,0.05,3.65,3.68,100,243.60,248.70,47.00
2026-08-09 13:22:51,13:18:03,0.05,3.15,3.18,100,242.90,248.70,46.00
2026-08-09 13:24:12,13:19:03,0.05,2.93,2.96,100,242.70,248.70,45.00
2026-08-09 13:24:52,13:20:03,2.05,1.06,3.09,100,240.40,248.70,45.00
2026-08-09 13:26:12,13:21:03,3.86,-0.61,3.23,100,247.70,248.50,47.00
2026-08-09 13:26:52,13:22:03,5.71,-2.45,3.26,100,244.70,248.50,49.00
2026-08-09 13:28:13,13:23:03,7.09,-3.87,3.20,100,249.40,248.70,52.00
2026-08-09 13:28:53,13:24:03,7.08,-3.94,3.12,100,249.80,248.50,53.00
2026-08-09 13:30:13,13:25:04,7.13,-3.90,3.23,100,250.20,248.50,54.00
2026-08-09 13:30:53,13:26:04,7.11,-3.93,3.16,100,249.20,248.70,55.00
2026-08-09 13:32:14,13:27:04,7.13,-3.88,3.23,100,247.20,248.50,56.00
2026-08-09 13:32:54,13:28:04,7.17,-3.13,4.02,100,247.00,248.50,56.00
2026-08-09 13:34:14,13:29:04,0.05,3.92,3.95,100,238.90,248.70,55.00
2026-08-09 13:34:54,13:30:04,0.05,5.18,5.21,100,240.00,248.70,50.00
2026-08-09 13:36:15,13:31:04,0.05,4.14,4.17,100,235.90,248.70,48.00
2026-08-09 13:36:55,13:32:04,0.05,3.94,3.97,100,237.60,248.70,47.00
2026-08-09 13:38:15,13:33:04,0.05,3.80,3.83,100,238.90,248.70,46.00
2026-08-09 13:38:55,13:34:04,0.05,3.78,3.81,100,237.60,248.70,45.00
2026-08-09 13:40:16,13:35:04,0.05,3.83,3.86,100,239.50,248.70,44.00
2026-08-09 13:40:56,13:36:04,1.65,2.31,3.96,100,238.70,248.50,44.00
2026-08-09 13:42:16,13:37:04,3.34,0.69,4.01,100,242.30,248.50,45.00
2026-08-09 13:42:58,13:38:04,5.07,-1.13,3.92,100,244.70,248.50,48.00
2026-08-09 13:44:18,13:39:05,6.84,-2.91,3.93,100,246.60,248.70,50.00
2026-08-09 13:44:58,13:40:05,7.09,-3.08,3.99,100,250.00,248.50,52.00
2026-08-09 13:46:19,13:41:05,6.40,-3.14,3.24,100,251.30,248.70,53.00
2026-08-09 13:48:19,13:43:05,5.33,-2.22,3.09,100,251.70,248.50,53.00
2026-08-09 13:48:59,13:44:05,5.53,-2.49,3.02,100,251.50,248.50,54.00
2026-08-09 13:50:20,13:45:05,6.50,-3.22,3.28,100,251.30,248.50,54.00
2026-08-09 13:51:00,13:46:05,0.05,2.91,2.96,100,244.20,248.50,49.00
2026-08-09 13:52:20,13:47:05,0.05,2.89,2.92,100,242.10,248.70,47.00
2026-08-09 13:53:01,13:48:05,0.05,2.70,2.73,100,242.30,248.70,46.00
2026-08-09 13:54:21,13:49:05,0.05,2.60,2.65,100,242.90,248.50,45.00
2026-08-09 13:55:01,13:50:05,0.05,2.47,2.52,100,243.60,248.70,44.00
2026-08-09 13:56:22,13:51:05,0.96,2.30,3.24,100,241.90,248.50,44.00
2026-08-09 13:58:22,13:53:06,4.59,-1.09,3.48,100,245.10,248.50,47.00
2026-08-09 13:59:02,13:54:06,6.36,-3.13,3.21,100,248.90,248.50,50.00
2026-08-09 14:00:23,13:55:06,6.90,-3.86,3.02,100,250.90,248.50,52.00
2026-08-09 14:01:03,13:56:06,6.99,-3.85,3.14,100,248.10,248.50,53.00
2026-08-09 14:03:04,13:58:06,7.09,-3.75,3.32,100,247.70,248.50,55.00
2026-08-09 14:04:24,13:59:06,7.07,-3.71,3.34,100,250.60,248.50,55.00
2026-08-09 14:05:04,14:00:06,7.06,-3.16,3.88,100,250.00,248.50,56.00
2026-08-09 14:06:25,14:01:06,0.05,3.54,3.57,100,241.50,248.50,53.00
2026-08-09 14:07:05,14:02:06,0.05,3.33,3.36,100,242.50,248.50,49.00
2026-08-09 14:08:25,14:03:06,0.05,2.89,2.92,100,244.00,248.50,48.00
2026-08-09 14:09:05,14:04:06,0.05,2.90,2.93,100,244.40,248.50,46.00
2026-08-09 14:10:26,14:05:06,0.05,2.86,2.89,100,244.20,248.50,45.00
2026-08-09 14:11:06,14:06:06,0.05,2.82,2.85,100,243.40,248.50,45.00
2026-08-10 11:45:03,11:40:56,6.44,0.14,3.87,36.,244.00,249.40,51.00
2026-08-10 11:46:24,11:41:56,6.52,0.06,3.87,36.,246.20,249.40,51.00
2026-08-10 11:47:04,11:42:56,6.49,0.12,4.00,37.,245.90,249.40,51.00
2026-08-10 11:48:24,11:43:56,6.54,0.11,3.91,37.,245.30,249.40,51.00
2026-08-10 11:49:04,11:44:56,6.52,0.17,3.85,37.,244.20,249.60,51.00
2026-08-10 11:50:25,11:45:56,6.57,0.13,4.06,38.,245.50,249.40,51.00
2026-08-10 11:51:05,11:46:56,6.55,0.01,4.05,38.,244.20,249.30,51.00
2026-08-10 11:52:25,11:47:56,6.55,0.00,3.68,38.,244.90,249.60,51.00
2026-08-10 11:53:06,11:48:56,6.63,0.05,4.57,39.,239.10,248.80,51.00
2026-08-10 11:54:26,11:49:56,6.59,0.00,4.65,39.,242.70,248.80,51.00
2026-08-10 11:55:06,11:50:56,6.59,-0.03,4.65,39.,240.00,248.80,52.00
2026-08-10 11:57:21,11:52:56,6.62,-0.01,4.37,40.,242.50,249.00,52.00
2026-08-10 11:58:01,11:53:56,6.33,0.03,4.20,40.,239.30,249.00,52.00
2026-08-10 11:59:21,11:54:57,6.71,0.00,4.35,40.,242.50,249.10,52.00
2026-08-10 12:00:02,11:55:57,6.71,0.01,4.53,42.,240.40,249.00,52.00
2026-08-10 12:01:22,11:56:57,6.71,0.04,4.54,42.,241.90,249.10,52.00
2026-08-10 12:02:02,11:57:57,6.75,0.02,4.48,42.,243.80,249.00,52.00
2026-08-10 12:03:22,11:58:57,6.64,0.03,4.18,43.,239.10,249.40,52.00
2026-08-10 12:04:03,11:59:57,6.62,0.00,4.13,43.,241.20,249.60,52.00
2026-08-10 12:05:23,12:00:57,6.78,0.00,4.14,43.,243.80,249.40,52.00
2026-08-10 12:06:03,12:01:57,6.68,-0.01,3.98,44.,241.90,249.30,52.00
2026-08-10 12:07:24,12:02:57,6.77,-0.21,3.77,44.,241.20,249.70,52.00
2026-08-10 12:08:04,12:03:57,6.62,-0.05,3.65,44.,241.90,249.80,52.00
2026-08-10 12:09:24,12:04:57,6.60,0.04,3.85,45.,241.00,249.80,52.00
2026-08-10 12:10:04,12:05:57,6.84,0.01,3.73,45.,242.90,249.80,52.00
2026-08-10 12:11:25,12:06:57,6.72,-0.03,3.09,46.,242.70,250.30,52.00
2026-08-10 12:12:05,12:07:57,6.90,0.07,3.29,46.,243.40,250.40,51.00
2026-08-10 12:13:26,12:08:58,6.85,0.04,3.29,47.,242.10,250.60,51.00
2026-08-10 12:14:06,12:09:58,6.79,0.10,3.36,47.,244.70,250.40,51.00
2026-08-10 12:15:26,12:10:58,6.87,0.14,3.36,48.,246.60,250.40,51.00
2026-08-10 12:16:06,12:11:58,6.81,0.07,3.34,48.,244.90,250.30,51.00
2026-08-10 12:17:27,12:12:58,6.84,0.08,3.34,48.,242.50,250.40,51.00
2026-08-10 12:18:07,12:13:58,6.81,0.08,3.29,50.,242.30,250.40,51.00
2026-08-10 12:19:27,12:14:58,6.71,0.10,3.26,50.,241.70,250.60,51.00
2026-08-10 12:20:07,12:15:58,6.83,-0.02,3.13,51.,244.00,250.60,51.00
2026-08-10 12:21:28,12:16:58,6.60,0.43,4.03,51.,242.50,250.30,51.00
2026-08-10 12:22:08,12:17:58,6.73,0.00,4.44,52.,242.30,249.40,51.00
2026-08-10 12:23:28,12:18:58,6.60,-0.05,4.41,52.,241.20,249.40,51.00
2026-08-10 12:24:08,12:19:58,6.79,-0.07,4.41,52.,238.50,249.60,51.00
2026-08-10 12:25:29,12:20:58,6.85,0.02,4.43,53.,239.70,249.60,52.00
2026-08-10 12:26:09,12:21:58,6.72,-0.07,4.31,53.,235.50,249.60,52.00
2026-08-10 12:27:29,12:22:59,6.85,0.01,4.27,53.,241.00,249.70,52.00
2026-08-10 12:28:09,12:23:59,6.78,0.02,4.13,54.,241.90,249.70,52.00
2026-08-10 12:29:30,12:24:59,6.83,0.01,4.25,54.,242.10,249.80,52.00
2026-08-10 12:30:10,12:25:59,6.86,0.00,4.44,54.,243.20,249.70,52.00
2026-08-10 12:31:30,12:26:59,6.90,0.05,4.58,55.,241.70,249.70,52.00
2026-08-10 12:32:11,12:27:59,6.87,0.30,6.13,55.,244.00,248.80,53.00
2026-08-10 12:33:31,12:28:59,6.66,0.11,5.61,55.,240.00,248.70,54.00
2026-08-10 12:34:11,12:29:59,6.92,-0.11,4.22,55.,237.40,249.70,54.00
2026-08-10 12:35:32,12:30:59,6.85,-0.03,4.35,56.,237.20,250.00,54.00
2026-08-10 12:36:12,12:31:59,6.88,-0.06,4.22,56.,236.10,250.00,54.00
2026-08-10 12:37:32,12:32:59,6.88,0.00,4.41,56.,239.30,250.00,54.00
2026-08-10 12:38:12,12:33:59,6.86,-0.03,4.41,57.,237.00,250.00,54.00
2026-08-10 12:39:33,12:34:59,6.85,-0.02,4.71,57.,238.70,249.80,54.00
2026-08-10 12:40:13,12:35:59,6.87,-0.02,4.33,57.,247.70,250.30,54.00
2026-08-10 12:41:33,12:37:00,6.84,0.12,4.29,57.,248.90,250.60,54.00
2026-08-10 12:42:13,12:38:00,6.90,0.11,4.26,59.,245.30,250.40,54.00
2026-08-10 12:43:34,12:39:00,6.94,0.14,4.30,59.,245.50,250.70,54.00
2026-08-10 12:44:14,12:40:00,6.82,0.16,4.45,60.,246.60,250.60,54.00
2026-08-10 12:45:35,12:41:00,6.92,0.16,4.55,60.,245.10,250.60,54.00
2026-08-10 12:46:15,12:42:00,6.95,0.11,4.43,60.,247.40,250.90,54.00
2026-08-10 12:46:55,12:43:00,6.75,0.03,4.33,61.,249.80,251.00,54.00
2026-08-10 12:48:15,12:44:00,6.92,0.13,4.19,61.,245.50,251.10,54.00
2026-08-10 12:50:16,12:45:00,6.84,0.09,3.97,61.,246.60,251.30,54.00
2026-08-10 12:54:17,12:46:00,6.90,0.25,4.19,62.,243.80,251.40,53.00
2026-08-10 12:54:57,12:47:00,6.93,0.02,5.35,62.,245.50,250.60,53.00
2026-08-10 12:56:17,12:48:00,6.79,0.04,5.51,62.,246.20,250.40,54.00
2026-08-10 12:56:58,12:49:00,6.91,4.82,5.06,63.,243.20,254.60,50.00
2026-08-10 12:58:18,12:50:00,6.84,4.76,4.93,64.,241.00,254.60,48.00
2026-08-10 12:58:58,12:51:01,6.89,4.69,4.94,65.,241.90,254.60,47.00
2026-08-10 13:00:19,12:52:01,6.88,4.42,4.61,67.,239.50,254.60,46.00
2026-08-10 13:02:19,12:53:01,6.89,4.45,4.68,67.,241.20,254.50,46.00
2026-08-10 13:02:59,12:54:01,6.97,3.21,4.81,68.,241.50,253.50,45.00
2026-08-10 13:04:20,12:56:01,6.98,1.23,6.18,69.,248.30,251.00,49.00
2026-08-10 13:05:00,12:57:01,6.99,0.14,6.26,69.,249.60,250.00,51.00
2026-08-10 13:06:20,12:59:01,7.07,0.12,5.72,70.,247.40,250.40,53.00
2026-08-10 13:07:01,13:00:01,6.97,0.13,5.80,70.,246.20,250.10,53.00
2026-08-10 13:08:21,13:02:01,7.12,0.14,5.84,70.,249.40,250.40,54.00
2026-08-10 13:09:01,13:03:01,6.85,5.53,5.74,70.,241.50,253.70,53.00
2026-08-10 13:10:22,13:05:02,6.92,5.65,5.90,72.,245.30,254.80,48.00
2026-08-10 13:11:02,13:06:02,6.93,5.56,5.82,73.,244.90,254.90,47.00
2026-08-10 13:12:22,13:07:02,6.91,5.60,5.81,75.,244.20,254.90,46.00
2026-08-10 13:13:03,13:08:02,6.92,3.71,3.96,76.,245.90,254.80,45.00
2026-08-10 13:14:23,13:09:02,4.88,3.13,4.14,77.,249.80,253.20,45.00
2026-08-10 13:15:03,13:10:02,6.97,1.37,4.12,78.,247.90,253.00,46.00
2026-08-10 13:16:24,13:11:02,7.13,0.20,3.96,78.,250.60,252.20,47.00
2026-08-10 13:17:04,13:12:02,7.00,0.14,3.94,78.,249.40,252.20,48.00
2026-08-10 13:18:24,13:13:02,7.18,0.06,3.87,79.,248.50,252.20,49.00
2026-08-10 13:19:05,13:14:02,7.26,0.07,3.65,79.,248.50,252.40,49.00
2026-08-10 13:20:25,13:15:02,7.19,0.04,3.37,81.,245.90,252.60,49.00
2026-08-10 13:21:05,13:16:02,7.20,0.05,3.34,81.,245.50,252.90,49.00
2026-08-10 13:22:25,13:17:02,7.07,0.11,3.78,82.,245.50,252.40,49.00
2026-08-10 13:23:06,13:18:02,7.27,0.26,3.95,85.,247.90,252.60,50.00
2026-08-10 13:24:26,13:19:02,7.22,0.29,6.18,85.,249.40,251.00,51.00
2026-08-10 13:25:06,13:20:03,7.09,-0.02,6.00,86.,244.70,250.40,53.00
2026-08-10 13:26:27,13:21:03,7.21,-0.02,5.79,86.,245.50,250.60,54.00
2026-08-10 13:27:07,13:22:03,6.89,5.34,5.54,87.,244.20,255.60,50.00
2026-08-10 13:28:27,13:23:03,6.95,5.47,5.72,88.,244.20,256.10,48.00
2026-08-10 13:29:08,13:24:03,3.03,5.65,5.80,90.,245.70,253.30,47.00
2026-08-10 13:30:28,13:25:03,3.02,5.68,5.83,90.,246.20,252.60,46.00
2026-08-10 13:31:08,13:26:03,3.01,5.65,5.78,90.,245.10,252.70,45.00
2026-08-10 13:32:28,13:27:03,3.10,5.56,5.78,92.,244.90,252.90,44.00
2026-08-10 13:33:09,13:28:03,3.10,3.58,3.80,94.,242.30,253.20,44.00
2026-08-10 13:34:29,13:29:03,4.12,2.49,3.73,95.,246.60,253.50,44.00
2026-08-10 13:35:09,13:30:03,5.86,0.84,3.85,96.,246.80,253.70,45.00
2026-08-10 13:36:30,13:31:03,7.10,-0.44,3.79,97.,245.90,254.20,47.00
2026-08-10 13:37:10,13:32:03,7.09,-0.29,3.93,98.,248.10,254.80,48.00
2026-08-10 13:38:30,13:33:03,7.14,-0.34,3.92,98.,247.70,255.60,48.00
2026-08-10 13:39:10,13:34:04,5.93,-2.50,3.41,100,251.30,252.00,51.00
2026-08-10 13:40:31,13:35:04,5.77,-2.36,3.39,100,251.70,251.00,52.00
2026-08-10 13:41:11,13:36:04,7.14,-3.69,3.43,100,253.20,250.40,54.00
2026-08-10 13:42:31,13:37:04,5.87,-2.27,3.58,100,252.40,250.10,54.00
2026-08-10 13:43:12,13:38:04,5.76,-2.39,3.35,100,249.20,250.00,54.00
2026-08-10 13:44:32,13:39:04,0.05,3.27,3.30,100,244.40,249.60,52.00
2026-08-10 13:45:12,13:40:04,0.05,3.37,3.40,100,244.20,249.40,49.00
2026-08-10 13:46:33,13:41:04,0.05,3.37,3.42,100,244.40,249.40,47.00
2026-08-10 13:47:13,13:42:04,0.05,3.28,3.33,100,245.50,249.30,46.00
2026-08-10 13:48:33,13:43:04,0.05,3.32,3.37,100,244.70,249.30,45.00
2026-08-10 13:49:13,13:44:04,0.05,3.96,3.99,100,243.20,249.10,44.00
2026-08-10 13:50:34,13:45:04,2.44,1.78,4.20,100,244.90,249.10,45.00
2026-08-10 13:51:14,13:46:04,4.25,0.01,4.26,100,247.00,249.10,47.00
2026-08-10 13:53:15,13:48:05,7.06,-2.74,4.32,100,247.90,249.00,52.00
2026-08-10 13:54:35,13:49:05,6.97,-2.70,4.25,100,248.10,249.00,53.00
2026-08-10 13:55:15,13:50:05,7.06,-2.64,4.40,100,249.60,249.00,54.00
2026-08-10 13:55:55,13:51:05,7.07,-2.64,4.41,100,248.50,249.00,55.00
2026-08-10 13:57:16,13:52:05,7.09,-2.69,4.38,100,249.20,249.00,56.00
2026-08-10 13:57:56,13:53:05,7.09,-2.61,4.46,100,249.40,248.80,56.00
2026-08-10 13:59:16,13:54:05,0.05,4.29,4.32,100,242.10,249.00,50.00
2026-08-10 13:59:56,13:55:05,0.05,3.81,3.84,100,244.70,249.00,48.00
2026-08-10 14:01:17,13:56:05,0.05,3.62,3.65,100,244.00,248.80,47.00
2026-08-10 14:01:57,13:57:05,0.05,3.46,3.51,100,243.40,248.80,45.00
2026-08-10 14:03:17,13:58:05,0.05,3.15,3.18,100,243.60,248.80,45.00
2026-08-10 14:03:57,13:59:05,0.05,3.10,3.13,100,243.40,248.80,44.00
2026-08-10 14:05:18,14:00:05,1.57,2.09,3.64,100,244.90,248.80,43.00
2026-08-10 14:05:58,14:01:05,3.44,-0.22,3.20,100,247.40,248.80,45.00
2026-08-10 14:07:18,14:02:06,5.23,-1.93,3.28,100,250.00,248.80,47.00
2026-08-10 14:07:59,14:03:06,6.95,-3.63,3.30,100,249.80,248.80,50.00
2026-08-10 14:09:19,14:04:06,6.92,-3.71,3.19,100,250.90,248.80,52.00
2026-08-10 14:09:59,14:05:06,7.02,-3.60,3.40,100,250.90,248.80,53.00
2026-08-10 14:11:19,14:06:06,7.03,-2.99,4.02,100,245.70,248.70,54.00
2026-08-11 11:45:01,11:40:56,6.39,0.01,6.23,10.,244.90,244.80,61.00
2026-08-11 11:46:21,11:41:56,6.42,0.08,5.74,10.,244.90,245.50,61.00
2026-08-11 11:47:01,11:42:56,6.43,0.04,5.52,11.,244.20,245.80,61.00
2026-08-11 11:48:22,11:43:56,6.37,-0.03,5.36,11.,244.90,245.90,61.00
2026-08-11 11:49:02,11:44:56,6.41,0.20,6.35,11.,247.00,245.40,61.00
2026-08-11 11:50:23,11:45:56,6.45,-0.08,6.18,11.,247.40,245.20,61.00
2026-08-11 11:51:03,11:46:56,6.39,0.13,6.28,11.,247.40,245.10,61.00
2026-08-11 11:52:24,11:47:57,6.42,0.06,5.75,11.,248.50,245.80,61.00
2026-08-11 11:53:04,11:48:57,6.44,0.00,5.63,11.,243.40,245.90,61.00
2026-08-11 11:54:24,11:49:57,6.48,0.10,5.23,11.,246.20,246.40,61.00
2026-08-11 11:55:05,11:50:57,6.46,-0.19,4.89,11.,244.70,246.50,61.00
2026-08-11 11:56:25,11:51:57,6.53,0.25,5.85,11.,240.40,246.40,60.00
2026-08-11 11:57:05,11:52:57,6.43,-0.08,5.69,12.,241.50,246.10,60.00
2026-08-11 11:58:26,11:53:57,6.49,-0.06,5.60,12.,241.90,246.20,60.00
2026-08-11 11:59:06,11:54:57,6.43,0.00,5.47,12.,241.90,246.20,60.00
2026-08-11 12:00:26,11:55:57,6.60,0.08,5.55,12.,243.40,246.50,60.00
2026-08-11 12:01:06,11:56:57,6.58,0.01,5.39,12.,246.20,246.50,60.00
2026-08-11 12:02:27,11:57:57,6.62,-0.03,5.26,12.,243.80,246.80,60.00
2026-08-11 12:03:07,11:58:57,6.60,0.04,5.16,12.,244.40,247.10,60.00
2026-08-11 12:04:27,11:59:57,6.42,0.02,5.24,13.,239.50,246.80,60.00
2026-08-11 12:05:07,12:00:57,6.60,-0.14,5.25,13.,239.10,246.80,60.00
2026-08-11 12:06:28,12:01:58,6.51,-0.01,5.22,13.,241.20,247.10,60.00
2026-08-11 12:07:08,12:02:58,6.64,0.01,5.35,13.,243.60,247.10,60.00
2026-08-11 12:08:28,12:03:58,6.63,-0.04,5.26,13.,243.40,247.10,60.00
2026-08-11 12:09:09,12:04:58,6.58,-0.12,5.08,13.,244.20,247.40,60.00
2026-08-11 12:10:29,12:05:58,6.61,0.16,6.21,14.,245.70,246.70,60.00
2026-08-11 12:11:09,12:06:58,6.56,0.09,5.56,14.,244.20,247.00,60.00
2026-08-11 12:12:30,12:07:58,6.67,0.31,6.07,14.,238.70,246.80,60.00
2026-08-11 12:13:10,12:08:58,6.64,-0.06,6.77,14.,244.20,245.80,61.00
2026-08-11 12:14:30,12:09:58,6.67,-0.25,6.35,14.,243.20,245.80,61.00
2026-08-11 12:15:10,12:10:58,6.64,-0.02,6.30,14.,245.10,245.90,61.00
2026-08-11 12:16:31,12:11:58,6.71,-0.06,6.14,14.,244.00,246.20,61.00
2026-08-11 12:17:11,12:12:58,6.65,6.07,6.30,14.,236.70,251.30,56.00
2026-08-11 12:18:31,12:13:58,6.70,6.09,6.30,15.,237.20,251.60,53.00
2026-08-11 12:19:11,12:14:58,6.67,7.88,8.06,17.,239.50,251.90,52.00
2026-08-11 12:20:32,12:15:59,6.56,7.59,7.73,18.,238.70,251.70,51.00
2026-08-11 12:21:12,12:16:59,6.62,5.96,6.24,19.,241.00,251.70,50.00
2026-08-11 12:22:32,12:17:59,6.70,4.02,5.83,20.,241.90,250.90,49.00
2026-08-11 12:23:12,12:18:59,6.70,2.17,5.75,20.,242.90,249.60,51.00
2026-08-11 12:24:33,12:19:59,6.68,0.06,4.93,21.,244.90,248.30,53.00
2026-08-11 12:25:13,12:20:59,6.61,0.11,4.89,21.,248.10,248.30,54.00
2026-08-11 12:26:34,12:21:59,6.55,0.13,5.05,21.,247.00,248.30,54.00
2026-08-11 12:27:14,12:22:59,6.75,0.14,4.83,21.,247.90,248.40,55.00
2026-08-11 12:28:34,12:23:59,6.75,0.10,4.82,22.,245.30,248.40,55.00
2026-08-11 12:29:15,12:24:59,6.73,0.05,4.80,22.,247.90,248.40,55.00
2026-08-11 12:30:35,12:25:59,6.57,0.14,4.83,22.,245.50,248.30,56.00
2026-08-11 12:31:15,12:26:59,6.69,-0.08,4.48,22.,252.10,248.40,56.00
2026-08-11 12:32:36,12:27:59,6.83,0.12,4.77,23.,251.10,248.50,56.00
2026-08-11 12:33:16,12:28:59,6.83,0.09,4.91,23.,247.40,248.50,56.00
2026-08-11 12:34:36,12:30:00,6.84,0.05,5.73,23.,244.00,247.80,57.00
2026-08-11 12:35:16,12:31:00,6.82,0.06,5.57,23.,244.20,248.00,57.00
2026-08-11 12:36:37,12:32:00,6.86,0.00,5.38,23.,245.50,248.00,58.00
2026-08-11 12:37:17,12:33:00,6.84,0.00,8.62,23.,236.50,245.70,60.00
2026-08-11 12:38:37,12:34:00,6.72,8.34,8.53,25.,231.40,251.60,56.00
2026-08-11 12:39:18,12:35:00,6.81,8.43,8.64,26.,229.50,252.00,53.00
2026-08-11 12:39:58,12:36:00,6.82,8.97,9.19,27.,229.70,252.00,51.00
2026-08-11 12:41:19,12:37:00,6.61,6.06,6.10,27.,238.50,251.90,50.00
2026-08-11 12:41:59,12:38:00,6.70,6.67,6.91,28.,237.40,251.70,49.00
2026-08-11 12:43:19,12:39:00,6.76,6.68,6.87,29.,234.40,251.90,49.00
2026-08-11 12:45:20,12:40:00,6.70,7.97,8.11,30.,230.30,251.70,48.00
2026-08-11 12:46:00,12:42:00,6.69,4.43,7.45,31.,234.20,249.60,49.00
2026-08-11 12:48:00,12:43:00,6.73,2.92,8.02,32.,236.70,248.10,51.00
2026-08-11 12:52:01,12:44:00,6.78,0.28,7.06,32.,238.50,246.80,54.00
2026-08-11 12:53:22,12:45:01,6.82,-0.04,7.46,32.,237.20,246.10,57.00
2026-08-11 12:56:03,12:46:01,6.79,-0.09,6.43,32.,240.80,246.50,58.00
2026-08-11 12:57:23,12:47:01,6.79,0.01,6.66,32.,240.00,246.70,58.00
2026-08-11 12:58:03,12:48:01,6.83,0.02,6.21,32.,241.70,247.00,59.00
2026-08-11 12:59:23,12:49:01,6.83,-0.41,5.66,32.,245.10,247.20,59.00
2026-08-11 13:00:04,12:50:01,6.83,5.51,5.73,34.,237.80,251.70,53.00
2026-08-11 13:01:24,12:51:01,6.84,5.63,5.87,35.,237.80,252.00,52.00
2026-08-11 13:02:04,12:52:01,6.71,5.59,5.76,36.,238.90,251.90,50.00
2026-08-11 13:03:25,12:53:01,6.84,5.68,5.90,36.,239.70,252.00,49.00
2026-08-11 13:04:05,12:55:01,6.81,5.66,5.88,38.,241.90,251.90,48.00
2026-08-11 13:05:25,12:56:01,6.71,5.62,5.74,39.,243.40,251.40,48.00
2026-08-11 13:06:05,12:57:01,6.73,3.31,5.97,40.,244.70,250.10,48.00
2026-08-11 13:07:26,12:59:02,6.76,0.02,5.26,40.,248.90,247.80,53.00
2026-08-11 13:08:06,13:01:02,6.94,0.03,6.21,42.,242.10,247.20,56.00
2026-08-11 13:09:26,13:04:02,6.88,-0.02,5.58,42.,240.20,247.70,58.00
2026-08-11 13:10:07,13:05:02,6.85,0.76,7.42,42.,238.70,247.00,58.00
2026-08-11 13:11:27,13:06:02,6.82,5.86,6.10,42.,237.20,251.40,56.00
2026-08-11 13:12:07,13:07:02,6.89,6.19,6.48,43.,234.40,252.00,53.00
2026-08-11 13:13:28,13:08:02,6.84,5.99,6.20,44.,238.90,252.20,51.00
2026-08-11 13:14:08,13:09:02,6.85,7.08,7.33,45.,235.90,252.20,50.00
2026-08-11 13:15:28,13:10:02,6.89,7.05,7.31,46.,239.50,252.30,49.00
2026-08-11 13:16:08,13:11:02,6.85,5.88,6.12,47.,239.30,252.20,49.00
2026-08-11 13:17:29,13:12:02,6.87,5.97,6.21,48.,240.60,252.30,48.00
2026-08-11 13:18:09,13:13:03,6.80,5.28,6.30,48.,240.80,251.70,48.00
2026-08-11 13:19:29,13:14:03,6.79,3.65,6.31,50.,243.60,250.60,49.00
2026-08-11 13:20:10,13:15:03,6.78,2.00,6.37,51.,244.20,249.00,51.00
2026-08-11 13:21:30,13:16:03,6.85,0.10,6.16,51.,245.90,247.70,53.00
2026-08-11 13:22:10,13:17:03,6.82,-0.20,5.49,51.,244.00,247.70,55.00
2026-08-11 13:23:30,13:18:03,6.67,-0.16,5.15,51.,244.70,248.00,55.00
2026-08-11 13:24:11,13:19:03,6.78,0.08,5.43,51.,244.70,248.00,56.00
2026-08-11 13:25:31,13:20:03,6.65,0.02,5.63,51.,235.90,248.00,56.00
2026-08-11 13:26:11,13:21:03,6.74,-0.07,5.43,52.,238.70,248.00,57.00
2026-08-11 13:27:32,13:22:03,6.68,5.27,5.41,52.,229.90,251.70,54.00
2026-08-11 13:28:12,13:23:03,6.61,4.93,5.21,53.,232.50,252.40,52.00
2026-08-11 13:29:33,13:24:03,6.69,5.00,5.10,54.,231.80,252.60,50.00
2026-08-11 13:30:13,13:25:03,6.76,4.89,5.06,55.,230.50,252.60,50.00
2026-08-11 13:31:33,13:26:03,6.61,5.04,5.19,55.,231.20,252.70,49.00
2026-08-11 13:32:14,13:27:04,6.80,5.05,5.25,56.,231.20,253.20,48.00
2026-08-11 13:33:34,13:28:04,6.86,6.06,6.26,57.,227.30,253.20,48.00
2026-08-11 13:34:14,13:29:04,6.80,5.95,6.14,59.,225.80,253.30,47.00
2026-08-11 13:35:35,13:30:04,6.74,5.80,5.95,60.,227.30,253.50,47.00
2026-08-11 13:36:15,13:31:04,6.74,6.87,7.07,61.,223.90,253.50,47.00
2026-08-11 13:37:35,13:32:04,6.77,7.00,7.21,62.,226.30,253.50,46.00
2026-08-11 13:38:15,13:33:04,6.75,6.37,6.56,62.,225.40,253.60,46.00
2026-08-11 13:39:36,13:34:04,6.74,6.92,7.12,63.,226.30,253.60,46.00
2026-08-11 13:40:16,13:35:04,6.79,6.57,6.77,64.,234.80,253.70,46.00
2026-08-11 13:41:36,13:36:04,6.76,6.61,6.75,65.,228.00,253.70,45.00
2026-08-11 13:42:17,13:37:04,6.79,6.58,6.78,67.,224.60,253.70,45.00
2026-08-11 13:43:37,13:38:04,6.79,6.32,6.51,68.,234.20,253.90,45.00
2026-08-11 13:44:17,13:39:04,6.73,6.70,6.97,69.,225.40,253.90,45.00
2026-08-11 13:45:38,13:40:04,6.81,6.50,6.71,69.,225.80,253.90,45.00
2026-08-11 13:46:18,13:41:05,6.78,7.43,7.69,70.,227.30,254.00,45.00
2026-08-11 13:46:58,13:42:05,6.85,6.35,6.60,71.,232.50,253.90,45.00
2026-08-11 13:48:19,13:43:05,6.79,6.19,6.38,72.,233.50,254.00,45.00
2026-08-11 13:48:59,13:44:05,6.83,6.24,6.52,73.,232.50,254.00,44.00
2026-08-11 13:50:19,13:45:05,6.78,6.02,6.23,75.,230.50,254.00,44.00
2026-08-11 13:51:00,13:46:05,6.64,5.17,5.34,76.,233.30,254.20,44.00
2026-08-11 13:52:20,13:47:05,6.56,5.27,5.43,76.,234.00,254.20,44.00
2026-08-11 13:53:00,13:48:05,6.72,5.17,5.46,77.,232.30,254.20,44.00
2026-08-11 13:55:01,13:50:05,6.67,4.83,4.94,79.,232.50,254.50,44.00
2026-08-11 13:56:21,13:51:05,6.76,4.10,6.29,80.,233.10,252.90,45.00
2026-08-11 13:57:01,13:52:05,6.67,2.15,6.03,81.,233.70,251.60,47.00
2026-08-11 13:58:22,13:53:05,6.73,0.17,5.83,81.,237.40,250.30,50.00
2026-08-11 13:59:02,13:54:05,6.80,-0.06,5.67,81.,237.40,249.80,52.00
2026-08-11 14:00:22,13:55:06,6.72,-0.29,5.26,81.,237.40,249.80,53.00
2026-08-11 14:01:02,13:56:06,6.80,0.00,5.45,81.,237.00,250.10,54.00
2026-08-11 14:02:23,13:57:06,6.64,-0.18,5.99,82.,235.00,249.60,56.00
2026-08-11 14:03:03,13:58:06,6.67,-0.04,5.89,82.,238.20,249.40,56.00
2026-08-11 14:04:23,13:59:06,6.77,5.47,5.89,82.,232.30,254.30,54.00
2026-08-11 14:05:04,14:00:06,6.70,6.98,7.22,85.,223.90,255.80,51.00
2026-08-11 14:06:24,14:01:06,6.70,7.24,7.42,87.,223.90,255.90,50.00
2026-08-11 14:07:04,14:02:06,6.73,7.24,7.43,88.,225.00,256.50,49.00
2026-08-11 14:08:25,14:03:06,3.04,7.47,7.61,90.,225.40,254.80,48.00
2026-08-11 14:09:05,14:04:06,3.04,7.90,8.05,92.,223.90,254.20,48.00
2026-08-11 14:10:25,14:05:06,3.04,7.76,7.90,94.,223.50,255.00,47.00
2026-08-11 14:11:05,14:06:06,3.09,7.72,7.89,95.,223.70,256.60,47.00
2026-08-12 11:45:02,11:40:56,6.49,-0.15,5.33,32.,244.00,246.50,54.00
2026-08-12 11:46:23,11:41:56,6.44,0.54,6.02,32.,240.80,246.50,54.00
2026-08-12 11:47:03,11:42:56,6.44,0.02,6.22,32.,240.40,245.90,56.00
2026-08-12 11:48:23,11:43:56,6.49,-0.14,7.64,32.,239.30,244.80,57.00
2026-08-12 11:49:03,11:44:56,6.43,-0.19,7.64,32.,237.40,244.40,59.00
2026-08-12 11:50:24,11:45:56,6.49,-0.22,7.85,32.,236.50,243.90,60.00
2026-08-12 11:51:04,11:46:56,6.51,-0.11,8.03,31.,235.50,243.80,61.00
2026-08-12 11:52:25,11:47:56,6.53,-0.16,8.05,31.,238.20,243.50,62.00
2026-08-12 11:53:05,11:48:56,6.53,8.22,8.40,31.,226.00,249.00,57.00
2026-08-12 11:54:25,11:49:57,6.54,8.86,9.04,32.,220.30,250.60,53.00
2026-08-12 11:55:46,11:50:57,6.53,9.36,9.54,34.,218.10,251.00,51.00
2026-08-12 11:56:26,11:51:57,6.58,7.99,8.19,35.,222.80,251.00,50.00
2026-08-12 11:57:06,11:52:57,6.56,6.04,6.22,36.,231.60,251.30,49.00
2026-08-12 11:58:26,11:53:57,6.46,6.72,6.85,36.,228.60,251.30,48.00
2026-08-12 11:59:07,11:54:57,6.70,6.38,6.62,37.,231.40,251.40,47.00
2026-08-12 12:00:27,11:55:57,6.71,6.48,6.73,38.,229.90,251.40,46.00
2026-08-12 12:01:07,11:56:57,6.53,5.89,8.15,39.,229.90,250.10,47.00
2026-08-12 12:02:27,11:57:57,6.62,4.00,8.01,39.,235.90,248.70,48.00
2026-08-12 12:03:08,11:58:57,6.60,0.61,6.30,39.,234.60,247.40,51.00
2026-08-12 12:04:28,11:59:57,6.60,-0.09,6.29,40.,235.90,246.80,53.00
2026-08-12 12:05:08,12:00:57,6.72,-0.21,6.27,39.,235.50,246.70,55.00
2026-08-12 12:06:28,12:01:57,6.60,-0.08,6.45,39.,240.60,246.40,56.00
2026-08-12 12:07:09,12:02:57,6.63,-0.10,6.53,39.,240.00,246.40,56.00
2026-08-12 12:08:29,12:03:57,6.69,0.06,6.77,39.,238.90,246.40,57.00
2026-08-12 12:09:10,12:04:58,6.63,-0.11,6.66,39.,238.70,246.40,58.00
2026-08-12 12:10:30,12:05:58,6.72,6.12,6.35,40.,231.60,250.70,55.00
2026-08-12 12:11:10,12:06:58,6.78,5.85,6.10,40.,232.30,251.40,51.00
2026-08-12 12:12:30,12:07:58,6.77,5.36,5.59,42.,231.80,251.40,50.00
2026-08-12 12:13:11,12:08:58,6.73,5.77,6.19,43.,230.50,251.60,48.00
2026-08-12 12:14:31,12:09:58,6.75,5.11,5.37,44.,233.10,251.60,47.00
2026-08-12 12:15:11,12:10:58,6.75,4.89,5.09,45.,233.10,251.60,47.00
2026-08-12 12:16:31,12:11:58,6.75,3.44,5.36,46.,233.70,250.40,46.00
2026-08-12 12:17:12,12:12:58,6.76,1.43,4.98,46.,237.60,249.30,48.00
2026-08-12 12:18:32,12:13:58,6.77,0.09,5.05,46.,238.20,248.10,50.00
2026-08-12 12:19:12,12:14:58,6.75,0.07,5.10,47.,239.50,247.80,51.00
2026-08-12 12:20:33,12:15:58,6.81,-0.21,4.92,47.,238.90,248.00,52.00
2026-08-12 12:21:13,12:16:58,6.78,0.07,5.49,47.,237.40,247.80,53.00
2026-08-12 12:22:33,12:17:59,6.87,0.00,5.34,47.,238.90,247.70,53.00
2026-08-12 12:23:13,12:18:59,6.82,-0.01,5.20,48.,240.60,248.00,54.00
2026-08-12 12:24:33,12:19:59,6.66,0.11,6.01,48.,236.30,247.40,55.00
2026-08-12 12:25:14,12:20:59,6.85,-0.07,6.22,48.,237.40,247.10,56.00
2026-08-12 12:26:34,12:21:59,6.80,5.77,5.96,50.,229.70,251.40,51.00
2026-08-12 12:27:14,12:22:59,6.79,5.95,6.15,50.,233.30,251.60,49.00
2026-08-12 12:28:35,12:23:59,6.71,5.99,6.14,51.,232.00,251.70,48.00
2026-08-12 12:29:15,12:24:59,6.84,5.76,5.98,52.,231.40,251.90,47.00
2026-08-12 12:30:35,12:25:59,6.83,5.93,6.14,53.,232.70,251.90,46.00
2026-08-12 12:31:16,12:26:59,6.84,6.00,6.22,54.,232.30,251.90,45.00
2026-08-12 12:32:36,12:27:59,6.95,3.92,6.14,55.,233.70,250.40,46.00
2026-08-12 12:33:16,12:28:59,6.95,2.58,6.60,55.,235.50,249.10,48.00
2026-08-12 12:34:37,12:29:59,7.04,0.79,6.50,55.,237.00,247.80,50.00
2026-08-12 12:35:17,12:30:59,6.96,-0.04,6.65,55.,241.50,246.80,53.00
2026-08-12 12:36:37,12:31:59,6.94,0.05,6.62,55.,238.20,246.80,54.00
2026-08-12 12:37:17,12:33:00,6.99,-0.10,7.13,55.,241.00,246.40,56.00
2026-08-12 12:38:38,12:34:00,6.99,-0.06,7.05,55.,237.40,246.20,57.00
2026-08-12 12:39:18,12:35:00,6.90,-0.19,6.98,55.,239.70,246.20,58.00
2026-08-12 12:40:39,12:36:00,6.83,6.72,6.96,56.,229.70,250.90,56.00
2026-08-12 12:41:19,12:37:00,6.80,6.83,7.08,56.,232.00,251.70,51.00
2026-08-12 12:42:39,12:38:00,6.85,6.68,6.93,57.,230.80,252.00,49.00
2026-08-12 12:43:20,12:39:00,6.83,6.78,7.01,59.,230.30,252.00,48.00
2026-08-12 12:44:40,12:40:00,6.84,6.66,6.88,60.,234.60,252.00,47.00
2026-08-12 12:45:20,12:41:00,6.86,6.77,7.03,61.,235.20,252.00,46.00
2026-08-12 12:46:41,12:42:00,6.87,6.76,7.03,62.,234.60,252.20,46.00
2026-08-12 12:47:21,12:43:00,6.83,8.00,8.20,63.,236.70,252.20,45.00
2026-08-12 12:48:41,12:44:00,6.83,8.18,8.41,63.,236.10,252.20,45.00
2026-08-12 12:49:22,12:45:00,6.84,7.79,8.03,64.,237.20,252.20,44.00
2026-08-12 12:50:42,12:46:00,6.88,7.89,8.14,65.,235.00,252.20,44.00
2026-08-12 12:51:22,12:47:01,6.83,7.94,8.14,67.,235.90,252.30,44.00
2026-08-12 12:52:02,12:48:01,6.25,6.63,8.24,68.,236.50,250.90,44.00
2026-08-12 12:53:23,12:49:01,6.91,4.42,7.53,68.,244.40,250.30,45.00
2026-08-12 12:55:23,12:50:01,6.92,2.62,7.46,69.,244.40,248.80,48.00
2026-08-12 12:58:04,12:52:01,7.00,0.18,7.50,69.,244.00,246.70,53.00
2026-08-12 12:59:25,12:54:01,6.98,0.13,7.63,69.,242.10,246.20,56.00
2026-08-12 13:00:05,12:55:01,7.00,0.67,7.45,69.,232.00,246.50,58.00
2026-08-12 13:01:25,12:56:01,6.99,-0.21,7.61,69.,232.50,245.80,59.00
2026-08-12 13:02:05,12:57:01,6.84,7.25,7.49,69.,225.60,252.20,52.00
2026-08-12 13:03:26,12:58:01,6.83,7.14,7.33,70.,226.00,252.60,50.00
2026-08-12 13:04:06,12:59:01,6.83,7.47,7.65,71.,226.90,252.90,48.00
2026-08-12 13:05:27,13:00:01,6.87,7.97,8.21,72.,220.30,253.20,47.00
2026-08-12 13:06:07,13:01:02,6.88,8.51,8.76,73.,218.10,253.30,47.00
2026-08-12 13:07:27,13:02:02,6.90,8.45,8.71,75.,219.80,253.50,46.00
2026-08-12 13:08:07,13:03:02,6.88,8.29,8.53,76.,221.10,253.60,45.00
2026-08-12 13:09:28,13:04:02,6.91,8.21,8.48,76.,221.30,253.60,45.00
2026-08-12 13:10:08,13:05:02,5.46,8.15,8.16,77.,220.70,252.90,45.00
2026-08-12 13:11:28,13:06:02,6.89,9.70,9.92,78.,224.10,253.70,44.00
2026-08-12 13:12:09,13:07:02,6.89,9.84,10.09,79.,223.70,253.70,44.00
2026-08-12 13:13:29,13:08:02,6.87,9.83,10.03,80.,222.40,253.70,44.00
2026-08-12 13:14:09,13:09:02,6.89,9.73,9.97,81.,224.80,253.90,43.00
2026-08-12 13:16:10,13:11:02,6.90,9.90,10.13,82.,223.70,254.00,43.00
2026-08-12 13:17:30,13:12:02,6.89,11.41,11.62,84.,217.90,254.00,43.00
2026-08-12 13:18:10,13:13:02,6.91,9.52,9.75,85.,225.80,254.20,43.00
2026-08-12 13:19:31,13:14:02,6.87,7.78,8.00,86.,234.40,254.20,43.00
2026-08-12 13:20:11,13:15:02,6.91,6.28,6.53,87.,232.00,254.20,43.00
2026-08-12 13:21:31,13:16:03,6.93,6.22,6.49,88.,229.50,254.20,43.00
2026-08-12 13:22:12,13:17:03,5.79,6.11,6.18,89.,230.30,253.50,42.00
2026-08-12 13:23:32,13:18:03,6.93,6.21,6.48,89.,230.30,254.30,42.00
2026-08-12 13:24:12,13:19:03,6.88,6.16,6.38,89.,235.20,254.50,42.00
2026-08-12 13:25:33,13:20:03,6.91,6.04,6.29,89.,237.20,254.50,42.00
2026-08-12 13:26:13,13:21:03,6.91,6.22,6.46,89.,235.20,254.60,42.00
2026-08-12 13:27:33,13:22:03,6.89,6.33,6.55,89.,237.00,254.60,42.00
2026-08-12 13:28:13,13:23:03,6.09,7.35,7.57,89.,230.30,254.20,42.00
2026-08-12 13:29:34,13:24:03,3.02,6.32,6.47,90.,235.90,251.90,42.00
2026-08-12 13:30:14,13:25:03,4.33,4.81,6.27,90.,237.60,251.70,42.00
2026-08-12 13:31:34,13:26:03,6.08,3.29,6.50,90.,240.20,251.90,44.00
2026-08-12 13:32:15,13:27:03,7.01,1.20,6.03,90.,243.60,251.10,47.00
2026-08-12 13:33:35,13:28:03,6.99,0.17,6.19,90.,244.00,250.40,49.00
2026-08-12 13:34:15,13:29:04,7.05,0.22,6.45,90.,247.20,250.00,51.00
2026-08-12 13:35:35,13:30:04,6.97,0.15,6.55,90.,245.70,249.60,53.00
2026-08-12 13:36:16,13:31:04,7.03,0.11,6.47,90.,244.40,249.60,54.00
2026-08-12 13:37:36,13:32:04,6.89,-0.07,6.48,90.,245.70,249.60,55.00
2026-08-12 13:38:16,13:33:04,7.05,0.08,6.36,90.,244.40,249.70,55.00
2026-08-12 13:39:36,13:34:04,3.02,6.04,6.19,90.,238.90,252.20,51.00
2026-08-12 13:40:17,13:35:04,3.02,5.85,5.99,95.,239.10,252.70,49.00
2026-08-12 13:41:37,13:36:04,3.01,6.04,6.17,96.,238.50,253.20,47.00
2026-08-12 13:42:17,13:37:04,3.01,6.66,6.79,97.,236.30,253.30,47.00
2026-08-12 13:43:38,13:38:04,3.07,6.69,6.88,97.,237.20,253.50,46.00
2026-08-12 13:44:18,13:39:04,3.07,6.38,6.56,97.,237.40,253.70,45.00
2026-08-12 13:45:38,13:40:04,3.11,6.28,6.50,98.,237.80,254.30,45.00
2026-08-12 13:46:18,13:41:04,3.11,6.10,6.31,98.,232.90,254.90,44.00
2026-08-12 13:47:39,13:42:04,0.05,5.78,5.81,100,231.40,251.40,44.00
2026-08-12 13:48:19,13:43:04,0.05,5.73,5.76,100,236.70,250.70,43.00
2026-08-12 13:49:39,13:44:05,0.05,5.60,5.63,100,237.60,250.00,43.00
2026-08-12 13:50:20,13:45:05,0.65,4.86,5.49,100,236.70,249.80,43.00
2026-08-12 13:51:40,13:46:05,2.54,3.11,5.63,100,238.00,249.70,44.00
2026-08-12 13:52:20,13:47:05,4.28,1.24,5.50,100,241.00,249.60,46.00
2026-08-12 13:53:41,13:48:05,6.00,-0.25,5.75,100,241.50,249.40,49.00
2026-08-12 13:54:21,13:49:05,6.83,-0.67,6.16,100,242.70,249.10,51.00
2026-08-12 13:55:41,13:50:05,6.82,-1.38,5.44,100,240.60,249.10,53.00
2026-08-12 13:56:22,13:51:05,6.78,-0.92,5.79,100,241.50,249.10,54.00
2026-08-12 13:57:42,13:52:05,6.94,-1.11,5.83,100,242.90,249.00,55.00
2026-08-12 13:58:22,13:53:05,6.90,-0.79,6.09,100,242.30,249.00,55.00
2026-08-12 13:59:03,13:54:05,0.05,5.90,5.93,100,234.60,249.10,53.00
2026-08-12 14:00:23,13:55:05,0.05,6.08,6.11,100,235.70,249.00,49.00
2026-08-12 14:01:44,13:56:05,0.05,5.91,5.94,100,234.80,249.00,48.00
2026-08-12 14:02:24,13:57:05,0.05,6.38,6.41,100,235.90,249.00,46.00
2026-08-12 14:03:44,13:58:06,0.05,5.96,5.99,100,237.60,249.00,45.00
2026-08-12 14:04:24,13:59:06,0.05,5.61,5.64,100,237.20,249.00,45.00
2026-08-12 14:05:05,14:00:06,0.05,5.68,5.73,100,237.00,249.00,44.00
2026-08-12 14:06:25,14:01:06,0.05,5.84,5.87,100,238.00,249.00,43.00
2026-08-12 14:07:05,14:02:06,0.05,5.70,5.73,100,236.50,249.00,43.00
2026-08-12 14:08:26,14:03:06,0.05,5.77,5.80,100,238.20,249.00,42.00
2026-08-12 14:09:06,14:04:06,0.05,5.52,5.55,100,236.70,249.00,42.00
2026-08-12 14:10:26,14:05:06,1.51,4.27,5.78,100,237.80,249.00,42.00
2026-08-12 14:11:07,14:06:06,3.22,2.58,5.78,100,242.30,248.80,44.00
2026-08-13 11:45:06,11:41:56,6.42,0.00,5.64,13.,239.50,246.40,55.00
2026-08-13 11:46:26,11:42:56,6.43,-0.18,5.29,13.,238.70,246.50,56.00
2026-08-13 11:47:06,11:43:56,6.44,0.01,5.22,14.,241.50,246.70,56.00
2026-08-13 11:48:27,11:44:56,6.39,0.03,5.29,14.,238.90,246.80,56.00
2026-08-13 11:49:07,11:45:57,6.46,-0.04,5.09,14.,241.00,246.80,56.00
2026-08-13 11:50:27,11:46:57,6.41,-0.03,4.88,14.,240.60,247.10,56.00
2026-08-13 11:51:07,11:47:57,6.43,-0.12,4.51,14.,240.20,247.40,56.00
2026-08-13 11:52:28,11:48:57,6.47,0.08,4.70,15.,240.20,247.50,56.00
2026-08-13 11:53:08,11:49:57,6.49,-0.11,4.60,15.,242.70,247.50,56.00
2026-08-13 11:54:28,11:50:57,6.39,-0.03,7.02,15.,232.70,245.80,57.00
2026-08-13 11:55:08,11:51:57,6.51,0.14,8.14,15.,229.90,244.60,59.00
2026-08-13 11:56:29,11:52:57,6.46,-0.29,7.17,15.,230.30,244.60,59.00
2026-08-13 11:57:09,11:53:57,6.53,-0.13,7.40,14.,228.20,244.40,60.00
2026-08-13 11:58:29,11:54:57,6.58,-0.13,6.86,14.,232.90,244.80,60.00
2026-08-13 11:59:09,11:55:57,6.63,6.66,6.88,15.,223.90,250.60,55.00
2026-08-13 12:00:30,11:56:57,6.68,5.56,5.79,17.,226.00,251.30,52.00
2026-08-13 12:01:10,11:57:57,6.65,4.65,4.84,17.,231.00,251.40,50.00
2026-08-13 12:02:31,11:58:58,6.61,5.71,5.86,18.,226.50,251.60,49.00
2026-08-13 12:03:11,11:59:58,6.67,5.54,5.70,19.,227.10,251.60,48.00
2026-08-13 12:04:31,12:00:58,6.69,4.14,5.52,20.,231.40,251.00,47.00
2026-08-13 12:05:11,12:01:58,6.69,2.03,5.10,21.,233.30,249.80,48.00
2026-08-13 12:06:32,12:02:58,6.42,0.12,4.78,21.,238.20,248.40,50.00
2026-08-13 12:07:12,12:03:58,6.52,-0.02,5.02,21.,234.60,248.10,52.00
2026-08-13 12:08:32,12:04:58,6.58,0.02,5.70,21.,236.50,247.80,53.00
2026-08-13 12:09:12,12:05:58,6.73,-0.16,5.73,21.,238.20,247.70,54.00
2026-08-13 12:10:33,12:06:58,6.75,-0.02,5.15,22.,237.40,248.00,54.00
2026-08-13 12:11:13,12:07:58,6.76,-0.16,5.01,22.,236.50,248.10,54.00
2026-08-13 12:12:33,12:08:58,6.73,0.04,5.06,22.,237.20,248.10,55.00
2026-08-13 12:13:13,12:09:58,6.79,-0.24,4.87,22.,237.80,248.30,55.00
2026-08-13 12:14:34,12:10:58,6.77,-0.08,5.11,22.,238.00,248.10,55.00
2026-08-13 12:15:14,12:11:58,6.67,4.77,4.88,23.,231.20,251.60,52.00
2026-08-13 12:16:35,12:12:58,6.61,4.71,4.75,25.,231.40,251.90,50.00
2026-08-13 12:17:15,12:13:59,6.80,4.79,4.97,26.,231.80,252.20,48.00
2026-08-13 12:18:35,12:14:59,6.74,4.80,4.96,26.,230.30,252.20,47.00
2026-08-13 12:19:15,12:15:59,6.87,4.53,4.77,27.,231.40,252.20,46.00
2026-08-13 12:20:37,12:16:59,6.87,4.48,5.72,28.,230.80,251.40,46.00
2026-08-13 12:21:17,12:17:59,6.88,2.49,5.38,29.,235.00,250.10,47.00
2026-08-13 12:22:37,12:18:59,6.87,0.78,5.24,29.,237.40,248.80,49.00
2026-08-13 12:23:17,12:19:59,6.74,-0.04,5.09,30.,237.20,248.30,51.00
2026-08-13 12:24:38,12:20:59,6.86,-0.15,4.93,30.,238.20,248.30,52.00
2026-08-13 12:25:18,12:21:59,6.86,-0.04,5.01,30.,237.60,248.30,52.00
2026-08-13 12:26:39,12:22:59,6.86,-0.06,5.04,30.,237.20,248.30,53.00
2026-08-13 12:27:19,12:23:59,6.89,-0.01,5.02,30.,236.30,248.30,53.00
2026-08-13 12:28:39,12:24:59,6.73,-0.21,4.96,31.,240.80,248.40,54.00
2026-08-13 12:29:19,12:25:59,6.95,0.02,5.21,31.,241.90,248.30,54.00
2026-08-13 12:30:40,12:26:59,6.93,0.00,5.05,31.,239.10,248.30,54.00
2026-08-13 12:31:20,12:28:00,6.84,-0.01,5.12,31.,242.10,248.30,55.00
2026-08-13 12:32:40,12:29:00,7.04,0.06,5.19,32.,239.30,248.40,55.00
2026-08-13 12:33:21,12:30:00,6.76,-0.22,4.91,32.,239.10,248.30,55.00
2026-08-13 12:34:41,12:31:00,6.98,-0.09,5.06,32.,240.60,248.50,55.00
2026-08-13 12:35:21,12:32:00,6.99,0.02,5.18,32.,238.90,248.50,55.00
2026-08-13 12:36:02,12:33:00,6.89,-0.28,4.85,34.,242.10,248.30,55.00
2026-08-13 12:37:22,12:34:00,6.99,0.05,5.66,34.,243.20,248.10,56.00
2026-08-13 12:38:02,12:35:00,6.92,0.01,5.37,34.,240.40,248.30,56.00
2026-08-13 12:39:23,12:36:00,6.90,-0.01,5.48,34.,242.30,248.10,56.00
2026-08-13 12:40:03,12:37:00,6.86,5.34,5.59,35.,235.90,251.60,55.00
2026-08-13 12:41:23,12:38:00,6.80,5.78,5.98,35.,237.00,252.30,51.00
2026-08-13 12:42:03,12:39:00,6.86,5.56,5.81,36.,237.40,252.30,49.00
2026-08-13 12:43:24,12:40:00,6.82,5.47,5.68,37.,234.60,252.30,48.00
2026-08-13 12:44:04,12:41:00,6.86,5.50,5.73,38.,236.70,252.20,47.00
2026-08-13 12:45:24,12:42:01,6.86,5.49,5.72,39.,237.00,252.30,47.00
2026-08-13 12:47:25,12:43:01,6.98,3.77,5.91,40.,240.00,251.00,47.00
2026-08-13 12:53:27,12:45:01,6.95,-0.06,5.26,40.,242.70,248.40,51.00
2026-08-13 12:54:07,12:48:01,7.10,-0.11,5.03,42.,240.00,248.50,53.00
2026-08-13 12:55:28,12:50:01,7.09,-0.09,5.02,43.,241.00,248.40,54.00
2026-08-13 12:56:08,12:52:01,6.85,-0.02,4.95,43.,239.30,248.50,54.00
2026-08-13 12:57:28,12:53:01,6.95,0.08,5.20,43.,241.70,248.40,55.00
2026-08-13 12:58:08,12:54:01,6.90,-0.01,5.03,44.,241.90,248.50,55.00
2026-08-13 12:59:29,12:55:01,7.01,-0.02,4.83,44.,243.40,248.80,55.00
2026-08-13 13:00:09,12:56:02,6.94,0.09,4.80,44.,245.30,248.70,55.00
2026-08-13 13:01:29,12:57:02,6.95,0.08,4.99,44.,241.70,248.80,55.00
2026-08-13 13:02:10,12:58:02,6.98,0.01,5.78,45.,241.00,248.10,56.00
2026-08-13 13:03:30,12:59:02,7.04,-0.05,5.51,45.,241.70,248.30,56.00
2026-08-13 13:04:10,13:00:02,7.20,-0.04,5.28,45.,242.50,248.50,56.00
2026-08-13 13:05:31,13:01:02,7.06,0.03,5.23,45.,239.10,248.70,56.00
2026-08-13 13:06:11,13:02:02,7.22,0.04,5.35,46.,240.20,248.70,56.00
2026-08-13 13:07:31,13:03:02,7.13,0.02,5.74,46.,240.40,248.30,57.00
2026-08-13 13:08:11,13:04:02,6.85,5.53,5.77,46.,237.00,252.30,53.00
2026-08-13 13:09:33,13:05:02,6.87,5.53,5.79,47.,236.50,252.40,50.00
2026-08-13 13:10:13,13:06:02,6.86,5.19,5.41,48.,237.60,252.60,49.00
2026-08-13 13:11:33,13:07:02,6.85,5.22,5.46,50.,238.70,252.60,48.00
2026-08-13 13:12:13,13:08:02,6.91,5.41,5.68,51.,235.70,252.60,47.00
2026-08-13 13:13:34,13:09:02,7.10,5.34,6.73,52.,239.10,252.00,46.00
2026-08-13 13:14:14,13:10:03,6.99,2.62,5.63,52.,242.30,250.90,48.00
2026-08-13 13:15:34,13:11:03,7.12,0.91,5.64,53.,241.50,249.40,50.00
2026-08-13 13:16:15,13:12:03,7.19,-0.15,5.48,53.,242.90,248.50,52.00
2026-08-13 13:17:35,13:13:03,7.11,-0.03,5.64,53.,242.50,248.30,53.00
2026-08-13 13:18:15,13:14:03,7.15,-0.07,5.17,53.,241.20,248.80,53.00
2026-08-13 13:19:36,13:15:03,7.09,-0.21,5.04,54.,243.20,248.70,54.00
2026-08-13 13:20:16,13:16:03,7.20,-0.21,5.08,54.,243.60,248.80,54.00
2026-08-13 13:21:36,13:17:03,7.10,-0.12,4.92,54.,247.20,249.00,54.00
2026-08-13 13:22:16,13:18:03,7.08,0.12,5.06,54.,247.40,249.10,54.00
2026-08-13 13:23:37,13:19:03,6.90,6.31,6.59,55.,244.00,252.70,50.00
2026-08-13 13:24:17,13:20:03,6.89,6.06,6.30,56.,242.50,252.70,49.00
2026-08-13 13:25:37,13:21:03,6.87,4.63,4.87,57.,239.50,253.00,48.00
2026-08-13 13:26:18,13:22:03,6.91,4.63,4.89,59.,242.70,253.20,47.00
2026-08-13 13:27:38,13:23:03,6.86,4.60,4.83,60.,240.80,253.30,46.00
2026-08-13 13:28:18,13:24:04,6.88,4.47,4.71,61.,243.40,253.50,46.00
2026-08-13 13:29:39,13:25:04,7.00,2.58,4.89,61.,245.50,252.20,46.00
2026-08-13 13:30:19,13:26:04,7.05,0.92,4.89,62.,245.10,250.90,48.00
2026-08-13 13:31:39,13:27:04,7.04,0.00,5.40,62.,242.90,249.80,50.00
2026-08-13 13:32:19,13:28:04,7.01,0.04,5.50,62.,242.70,249.60,52.00
2026-08-13 13:33:40,13:29:04,7.02,-0.16,5.32,62.,242.10,249.60,52.00
2026-08-13 13:34:20,13:30:04,7.04,0.02,5.34,63.,242.10,249.70,53.00
2026-08-13 13:35:41,13:31:04,7.04,0.27,5.82,63.,244.70,249.70,53.00
2026-08-13 13:36:21,13:32:04,7.02,0.03,5.71,63.,245.90,249.40,54.00
2026-08-13 13:37:41,13:33:04,6.98,0.09,5.68,63.,243.80,249.60,55.00
2026-08-13 13:38:21,13:34:04,6.91,5.34,5.61,64.,242.30,253.70,51.00
2026-08-13 13:39:02,13:35:04,6.91,5.39,5.64,65.,240.80,254.50,49.00
2026-08-13 13:40:22,13:36:04,6.89,5.49,5.67,65.,241.00,254.50,48.00
2026-08-13 13:41:02,13:37:04,6.91,5.29,5.54,67.,239.10,254.50,47.00
2026-08-13 13:42:22,13:38:04,6.94,5.18,5.46,68.,240.80,254.50,46.00
2026-08-13 13:43:03,13:39:05,6.95,4.95,5.24,69.,239.10,254.50,45.00
2026-08-13 13:44:23,13:40:05,6.90,5.22,5.46,70.,240.60,254.50,45.00
2026-08-13 13:45:03,13:41:05,7.01,4.63,6.68,71.,236.30,253.20,45.00
2026-08-13 13:46:24,13:42:05,7.00,2.37,6.00,71.,239.30,251.90,47.00
2026-08-13 13:47:04,13:43:05,7.04,0.25,5.77,72.,242.50,250.70,50.00
2026-08-13 13:48:25,13:44:05,7.01,0.00,5.56,72.,242.70,250.30,51.00
2026-08-13 13:49:05,13:45:05,6.70,0.07,5.47,72.,244.00,250.10,52.00
2026-08-13 13:50:25,13:46:05,6.96,-0.12,5.39,72.,244.90,250.30,53.00
2026-08-13 13:51:46,13:47:05,6.94,0.01,5.18,72.,244.20,250.70,53.00
2026-08-13 13:52:26,13:48:05,6.97,-0.12,5.02,73.,245.10,250.70,54.00
2026-08-13 13:53:06,13:49:05,6.94,-0.06,4.80,73.,241.20,251.00,54.00
2026-08-13 13:54:27,13:50:05,6.91,4.70,4.94,75.,239.70,254.60,51.00
2026-08-13 13:55:07,13:51:05,6.94,4.38,4.65,76.,240.20,254.90,49.00
2026-08-13 13:56:27,13:52:05,6.88,4.33,4.54,77.,241.50,254.90,48.00
2026-08-13 13:57:07,13:53:06,6.83,4.37,4.58,78.,240.80,254.80,47.00
2026-08-13 13:58:28,13:54:06,6.91,4.24,4.48,78.,240.40,254.90,46.00
2026-08-13 13:59:08,13:55:06,6.91,4.38,4.62,79.,239.50,254.80,46.00
2026-08-13 14:00:29,13:56:06,6.93,3.14,4.64,80.,238.70,253.70,45.00
2026-08-13 14:01:09,13:57:06,6.91,2.19,5.42,81.,237.80,252.40,47.00
2026-08-13 14:02:29,13:58:06,6.70,0.64,5.54,81.,242.70,251.00,49.00
2026-08-13 14:03:09,13:59:06,6.59,-0.05,5.37,81.,242.90,250.30,51.00
2026-08-13 14:04:30,14:00:06,6.91,-0.10,6.79,81.,242.70,249.30,54.00
2026-08-13 14:05:10,14:01:06,6.80,-0.36,6.17,81.,244.40,249.30,55.00
2026-08-13 14:06:31,14:02:06,6.87,-0.05,6.00,81.,244.90,249.70,55.00
2026-08-13 14:07:11,14:03:06,6.82,0.00,5.94,82.,245.10,249.80,56.00
2026-08-13 14:08:31,14:04:06,6.85,-0.21,5.32,82.,244.40,250.10,56.00
2026-08-13 14:09:11,14:05:06,6.83,4.67,4.85,82.,238.50,254.80,53.00
2026-08-13 14:10:32,14:06:06,6.87,4.53,4.79,85.,235.50,255.30,50.00
2026-08-13 14:11:12,14:07:07,6.73,4.68,4.77,86.,237.60,255.50,49.00
2026-08-14 11:45:02,03:45:22,0.00,1.90,1.90,0.0,228.60,0.40,36.00
2026-08-15 11:45:05,11:40:56,6.76,0.07,3.76,45.,245.10,250.00,49.00
2026-08-15 11:45:45,11:41:56,6.63,0.06,3.62,46.,241.70,250.00,49.00
2026-08-15 11:46:25,11:42:56,6.78,-0.19,3.14,46.,241.50,250.30,49.00
2026-08-15 11:47:45,11:43:56,6.80,0.05,3.20,47.,241.90,250.60,49.00
2026-08-15 11:48:26,11:44:56,6.73,0.04,3.12,47.,241.90,250.60,49.00
2026-08-15 11:49:46,11:45:56,6.73,0.13,3.18,48.,247.40,250.60,49.00
2026-08-15 11:50:26,11:46:56,6.77,-0.09,3.05,48.,243.40,250.60,49.00
2026-08-15 11:51:47,11:47:56,6.76,0.12,3.22,50.,244.70,250.70,49.00
2026-08-15 11:52:27,11:48:56,6.81,0.16,3.24,50.,247.00,250.70,49.00
2026-08-15 11:53:47,11:49:56,6.82,0.00,3.11,51.,246.60,250.70,49.00
2026-08-15 11:54:28,11:50:56,6.81,0.09,2.71,51.,244.20,251.10,49.00
2026-08-15 11:55:48,11:51:56,6.82,0.00,2.68,52.,248.10,251.10,49.00
2026-08-15 11:56:28,11:52:56,6.58,0.33,3.12,52.,248.70,251.10,49.00
2026-08-15 11:57:49,11:53:56,6.77,0.05,3.44,53.,243.60,250.70,49.00
2026-08-15 11:58:29,11:54:57,6.93,-0.08,3.34,53.,240.40,250.90,49.00
2026-08-15 11:59:09,11:55:57,6.95,0.00,3.29,54.,241.50,251.00,49.00
2026-08-15 12:00:29,11:56:57,6.92,-0.07,3.06,54.,239.30,251.10,49.00
2026-08-15 12:01:09,11:57:57,6.91,0.06,3.26,55.,239.10,251.10,49.00
2026-08-15 12:02:30,11:58:57,6.98,0.04,3.15,55.,238.90,251.30,49.00
2026-08-15 12:03:10,11:59:57,7.03,-0.06,2.99,56.,239.10,251.40,49.00
2026-08-15 12:04:30,12:00:57,6.90,0.08,3.06,56.,238.70,251.40,49.00
2026-08-15 12:05:11,12:01:57,7.02,-0.03,3.15,57.,240.80,251.60,49.00
2026-08-15 12:06:31,12:02:57,6.94,0.02,3.14,57.,237.20,251.60,49.00
2026-08-15 12:07:12,12:03:57,7.05,0.11,3.24,59.,244.70,251.70,49.00
2026-08-15 12:08:32,12:04:57,7.03,0.06,3.06,59.,235.00,252.00,49.00
2026-08-15 12:09:12,12:05:57,6.85,0.03,3.13,60.,239.10,252.30,49.00
2026-08-15 12:10:33,12:06:57,7.01,0.00,3.41,60.,245.50,252.20,49.00
2026-08-15 12:11:13,12:07:57,6.79,0.05,3.32,61.,241.90,252.00,49.00
2026-08-15 12:12:33,12:08:58,7.04,0.07,3.94,61.,244.70,251.70,50.00
2026-08-15 12:13:13,12:09:58,7.07,-0.16,3.62,62.,246.80,251.90,50.00
2026-08-15 12:14:34,12:10:58,7.02,0.19,4.52,62.,247.40,251.60,50.00
2026-08-15 12:15:14,12:11:58,7.09,0.04,4.42,62.,239.10,251.60,51.00
2026-08-15 12:16:35,12:12:58,6.96,-0.11,4.32,63.,248.10,251.40,51.00
2026-08-15 12:17:15,12:13:58,6.98,0.03,3.84,63.,243.20,251.70,51.00
2026-08-15 12:18:35,12:14:58,7.05,0.12,3.82,63.,248.70,252.20,51.00
2026-08-15 12:19:56,12:15:58,7.02,0.23,4.00,64.,241.90,252.30,51.00
2026-08-15 12:20:36,12:16:58,7.05,0.21,3.86,64.,247.90,252.30,51.00
2026-08-15 12:21:16,12:17:58,7.04,0.15,3.69,65.,244.40,252.40,51.00
2026-08-15 12:22:36,12:18:58,7.09,0.02,3.43,65.,246.40,252.40,51.00
2026-08-15 12:23:16,12:19:58,7.16,-0.20,2.94,67.,246.60,252.90,51.00
2026-08-15 12:24:37,12:20:58,7.14,0.58,3.35,68.,249.60,253.20,51.00
2026-08-15 12:25:17,12:21:58,6.95,0.53,3.30,68.,251.50,253.20,50.00
2026-08-15 12:26:37,12:22:59,7.08,1.45,3.60,69.,253.60,253.20,51.00
2026-08-15 12:27:18,12:23:59,7.06,-1.02,4.18,69.,250.00,251.40,51.00
2026-08-15 12:28:38,12:24:59,7.17,-0.15,3.93,69.,247.00,252.00,51.00
2026-08-15 12:29:18,12:25:59,7.18,0.02,4.07,70.,248.50,252.20,51.00
2026-08-15 12:30:38,12:26:59,7.16,0.10,3.88,70.,249.60,252.20,51.00
2026-08-15 12:31:19,12:27:59,7.17,0.02,3.86,71.,250.00,252.30,51.00
2026-08-15 12:32:39,12:28:59,7.20,0.18,4.03,71.,251.70,252.40,51.00
2026-08-15 12:33:19,12:29:59,7.17,-0.04,4.21,72.,251.50,252.00,51.00
2026-08-15 12:34:40,12:30:59,7.16,0.13,4.27,72.,254.90,252.00,52.00
2026-08-15 12:35:20,12:31:59,7.18,0.54,4.37,73.,251.30,252.30,52.00
2026-08-15 12:36:40,12:32:59,7.23,0.06,4.62,75.,253.00,251.70,52.00
2026-08-15 12:37:20,12:33:59,7.17,-2.52,4.25,75.,250.60,250.70,54.00
2026-08-15 12:38:41,12:34:59,7.04,-0.43,4.29,75.,250.00,251.70,53.00
2026-08-15 12:39:21,12:35:59,7.13,0.11,4.37,76.,251.30,252.30,53.00
2026-08-15 12:40:41,12:36:59,7.25,0.59,4.38,76.,250.60,252.90,53.00
2026-08-15 12:41:22,12:38:00,7.12,1.56,4.24,77.,252.10,253.50,51.00
2026-08-15 12:42:42,12:39:00,7.22,4.11,5.97,78.,251.50,254.50,50.00
2026-08-15 12:43:22,12:40:00,7.23,3.91,5.63,79.,252.60,254.30,50.00
2026-08-15 12:44:43,12:41:00,7.20,1.36,4.31,80.,250.90,253.30,50.00
2026-08-15 12:45:23,12:42:00,7.21,-1.97,4.31,80.,250.60,252.40,51.00
2026-08-15 12:46:43,12:43:00,7.04,1.26,4.46,81.,250.20,253.30,50.00
2026-08-15 12:47:23,12:44:00,7.28,1.22,4.37,81.,251.30,253.50,50.00
2026-08-15 12:48:44,12:45:00,7.22,0.94,4.19,82.,251.50,253.20,50.00
2026-08-15 12:49:24,12:46:00,7.23,1.43,4.25,84.,250.90,253.60,50.00
2026-08-15 12:50:44,12:47:00,7.19,-1.08,4.23,84.,247.90,251.40,52.00
2026-08-15 12:51:25,12:48:00,7.27,-0.15,3.52,85.,244.90,252.70,52.00
2026-08-15 12:52:45,12:49:00,7.26,0.01,3.32,86.,250.20,253.50,52.00
2026-08-15 12:53:25,12:50:00,7.31,-0.08,3.07,87.,251.30,253.70,52.00
2026-08-15 12:54:46,12:51:00,7.27,0.10,3.21,87.,249.40,254.00,51.00
2026-08-15 12:55:26,12:52:01,7.28,0.07,3.34,88.,250.60,254.00,51.00
2026-08-15 12:56:47,12:53:01,6.27,1.41,4.80,90.,250.90,253.50,51.00
2026-08-15 12:58:47,12:54:01,6.19,1.49,4.80,92.,250.60,253.50,51.00
2026-08-15 12:59:27,12:55:01,6.27,1.60,4.98,94.,251.90,253.60,51.00
2026-08-15 13:00:48,12:56:01,6.01,2.14,5.26,95.,247.00,252.30,51.00
2026-08-15 13:01:28,12:57:01,5.80,2.29,5.20,97.,251.50,254.50,52.00
2026-08-15 13:02:48,12:58:01,5.93,1.97,5.00,98.,248.90,255.20,51.00
2026-08-15 13:03:29,12:59:01,7.30,-0.45,5.17,98.,252.40,255.00,51.00
2026-08-15 13:04:09,13:00:01,0.55,3.74,4.27,100,252.80,253.30,50.00
2026-08-15 13:05:29,13:01:01,0.38,3.72,4.14,100,251.70,251.70,49.00
2026-08-15 13:06:09,13:02:01,0.86,3.04,3.88,100,253.60,251.10,49.00
2026-08-15 13:07:30,13:03:01,1.71,2.61,4.30,100,251.30,250.90,49.00
2026-08-15 13:08:10,13:04:01,1.82,2.46,4.26,100,253.00,250.60,48.00
2026-08-15 13:09:30,13:05:01,3.58,-1.30,2.54,100,250.20,250.30,49.00
2026-08-15 13:10:10,13:06:02,4.37,-0.80,3.55,100,251.30,250.10,49.00
2026-08-15 13:11:31,13:07:02,4.36,-1.30,3.04,100,250.90,250.00,50.00
2026-08-15 13:12:11,13:08:02,4.46,-1.19,3.25,100,247.70,249.80,51.00
2026-08-15 13:13:31,13:09:02,4.19,-0.94,3.23,100,253.90,249.80,52.00
2026-08-15 13:14:11,13:10:02,6.64,-2.82,3.80,100,250.60,249.70,53.00
2026-08-15 13:15:32,13:11:02,7.16,-3.17,3.99,100,254.10,249.70,55.00
2026-08-15 13:16:12,13:12:02,7.22,-3.43,3.79,100,250.60,249.60,56.00
2026-08-15 13:17:33,13:13:02,6.26,-2.36,3.90,100,256.00,249.60,56.00
2026-08-15 13:18:13,13:14:02,0.05,3.36,3.41,100,244.70,249.60,56.00
2026-08-15 13:19:33,13:15:02,0.05,3.32,3.37,100,244.40,249.60,50.00
2026-08-15 13:20:13,13:16:02,0.05,3.53,3.58,100,245.90,249.40,48.00
2026-08-15 13:21:34,13:17:02,0.05,4.80,4.85,100,245.50,249.40,47.00
2026-08-15 13:22:14,13:18:02,0.05,4.48,4.53,100,246.80,249.40,46.00
2026-08-15 13:23:34,13:19:02,0.05,4.61,4.66,100,247.00,249.40,45.00
2026-08-15 13:24:14,13:20:03,1.02,3.55,4.57,100,249.60,249.30,45.00
2026-08-15 13:25:35,13:21:03,2.91,2.00,4.91,100,251.90,249.30,46.00
2026-08-15 13:26:15,13:22:03,3.26,1.61,4.87,100,252.40,249.30,47.00
2026-08-15 13:27:35,13:23:03,3.36,1.48,4.84,100,252.80,249.30,48.00
2026-08-15 13:28:16,13:24:03,3.70,1.39,5.09,100,250.60,249.30,48.00
2026-08-15 13:29:36,13:25:03,5.66,-0.91,4.75,100,252.10,249.10,50.00
2026-08-15 13:30:16,13:26:03,5.61,-2.05,3.56,100,251.30,249.10,51.00
2026-08-15 13:31:37,13:27:03,5.71,-2.09,3.45,100,251.30,249.10,52.00
2026-08-15 13:32:17,13:28:03,3.81,-1.34,2.47,100,253.20,249.10,51.00
2026-08-15 13:33:37,13:29:03,4.63,-1.90,2.73,100,251.90,249.10,52.00
2026-08-15 13:34:17,13:30:03,0.05,2.39,2.44,100,248.30,249.10,49.00
2026-08-15 13:35:38,13:31:03,0.05,2.55,2.60,100,247.40,249.10,47.00
2026-08-15 13:36:18,13:32:03,0.05,3.52,3.57,100,247.20,249.10,45.00
2026-08-15 13:37:38,13:33:03,0.05,2.42,2.47,100,244.00,249.10,45.00
2026-08-15 13:38:18,13:34:04,0.05,2.65,2.70,100,244.70,249.10,44.00
2026-08-15 13:39:39,13:35:04,0.05,2.53,2.58,100,244.70,249.10,43.00
2026-08-15 13:40:19,13:36:04,2.26,0.71,2.97,100,248.50,249.10,44.00
2026-08-15 13:41:39,13:37:04,4.06,-0.42,3.64,100,250.00,249.10,46.00
2026-08-15 13:43:40,13:39:04,7.07,-2.83,4.24,100,248.50,249.10,50.00
2026-08-15 13:44:20,13:40:04,7.07,-3.11,3.96,100,246.80,249.00,52.00
2026-08-15 13:45:41,13:41:04,7.06,-3.03,4.03,100,249.80,249.00,53.00
2026-08-15 13:46:21,13:42:04,7.08,-3.38,3.70,100,250.40,249.00,54.00
2026-08-15 13:47:41,13:43:04,7.02,-3.21,3.79,100,251.50,249.00,55.00
2026-08-15 13:48:21,13:44:04,6.13,-2.42,3.69,100,253.00,249.00,55.00
2026-08-15 13:49:42,13:45:04,0.05,3.42,3.45,100,241.20,249.00,49.00
2026-08-15 13:50:22,13:46:04,0.05,3.62,3.65,100,243.20,249.00,47.00
2026-08-15 13:51:42,13:47:04,0.05,3.43,3.46,100,244.90,249.00,46.00
2026-08-15 13:52:23,13:48:04,0.05,3.26,3.29,100,241.70,249.00,45.00
2026-08-15 13:53:43,13:49:05,0.05,3.29,3.32,100,242.10,249.00,44.00
2026-08-15 13:54:23,13:50:05,0.05,3.24,3.27,100,241.20,249.00,44.00
2026-08-15 13:55:44,13:51:05,0.05,3.41,3.44,100,242.50,249.00,43.00
2026-08-15 13:56:24,13:52:05,1.91,1.52,3.43,100,247.90,249.00,43.00
2026-08-15 13:57:44,13:53:05,3.89,-0.74,3.13,100,245.50,249.00,45.00
2026-08-15 13:58:24,13:54:05,5.67,-2.65,3.00,100,247.20,249.00,47.00
2026-08-15 13:59:45,13:55:05,6.97,-4.02,2.93,100,253.40,249.00,50.00
2026-08-15 14:00:25,13:56:05,6.92,-3.92,2.98,100,250.20,249.00,52.00
2026-08-15 14:01:45,13:57:05,6.97,-4.02,2.93,100,246.80,248.80,53.00
2026-08-15 14:02:25,13:58:05,5.92,-2.88,3.02,100,251.90,248.80,53.00
2026-08-15 14:03:46,13:59:05,4.74,-1.58,3.14,100,251.30,248.80,53.00
2026-08-15 14:04:26,14:00:05,3.68,-0.67,3.01,100,250.90,248.80,52.00
2026-08-15 14:05:46,14:01:05,4.37,-1.20,3.17,100,250.00,248.80,51.00
2026-08-15 14:06:26,14:02:05,0.05,2.85,2.88,100,247.40,249.00,47.00
2026-08-15 14:07:47,14:03:06,0.05,3.44,3.47,100,242.50,249.00,46.00
2026-08-15 14:08:27,14:04:06,0.05,3.49,3.54,100,245.50,249.00,45.00
2026-08-15 14:09:47,14:05:06,0.05,3.04,3.09,100,243.60,249.00,44.00
2026-08-15 14:10:28,14:06:06,0.05,3.51,3.56,100,244.70,249.00,43.00
2026-08-15 14:11:48,14:07:06,1.34,2.17,3.51,100,245.90,249.00,43.00
2026-08-16 11:45:02,11:40:56,6.58,-0.09,3.60,38.,236.10,249.70,50.00
2026-08-16 11:45:42,11:41:56,6.63,0.03,3.64,39.,234.40,249.80,50.00
2026-08-16 11:46:22,11:42:56,6.65,0.02,3.78,39.,233.70,249.80,50.00
2026-08-16 11:47:43,11:43:56,6.68,-0.01,3.75,40.,232.90,249.80,50.00
2026-08-16 11:48:23,11:44:56,6.69,-0.05,3.77,40.,234.20,249.70,50.00
2026-08-16 11:49:43,11:45:57,6.70,0.00,3.96,40.,232.50,249.60,50.00
2026-08-16 11:51:44,11:47:57,6.67,-0.05,4.08,42.,241.20,249.40,50.00
2026-08-16 11:52:24,11:48:57,6.72,0.00,3.70,42.,234.60,249.80,50.00
2026-08-16 11:53:44,11:49:57,6.70,-0.03,3.57,43.,234.40,250.00,50.00
2026-08-16 11:54:25,11:50:57,6.69,0.05,3.80,43.,241.70,249.80,50.00
2026-08-16 11:55:45,11:51:57,6.57,-0.12,3.43,44.,241.20,250.00,50.00
2026-08-16 11:56:25,11:52:57,6.74,0.00,3.85,44.,238.70,249.80,50.00
2026-08-16 11:57:46,11:53:57,6.78,0.04,4.18,44.,241.20,249.70,50.00
2026-08-16 11:58:26,11:54:57,6.82,-0.01,3.94,45.,241.50,249.80,50.00
2026-08-16 11:59:46,11:55:57,6.87,-0.01,4.12,45.,236.10,249.80,50.00
2026-08-16 12:00:26,11:56:57,6.87,-0.09,3.51,45.,241.20,250.10,50.00
2026-08-16 12:01:47,11:57:57,6.83,0.10,3.71,46.,242.30,250.10,50.00
2026-08-16 12:02:27,11:58:57,6.84,0.05,4.45,46.,238.20,249.70,50.00
2026-08-16 12:03:47,11:59:58,6.90,-0.12,4.39,47.,239.10,249.40,51.00
2026-08-16 12:04:27,12:00:58,6.77,-0.03,4.30,47.,238.90,249.60,51.00
2026-08-16 12:05:48,12:01:58,6.87,0.27,4.57,47.,237.60,249.70,51.00
2026-08-16 12:06:28,12:02:58,6.78,0.02,5.06,47.,241.70,249.10,52.00
2026-08-16 12:07:48,12:03:58,6.91,0.02,4.89,48.,240.80,249.10,52.00
2026-08-16 12:08:28,12:04:58,6.92,-0.17,4.89,48.,239.30,249.30,52.00
2026-08-16 12:09:49,12:05:58,6.77,0.02,4.73,48.,241.00,249.30,52.00
2026-08-16 12:10:29,12:06:58,6.88,-0.09,4.58,50.,240.60,249.40,52.00
2026-08-16 12:11:49,12:07:58,6.89,-0.39,3.91,50.,239.10,249.70,52.00
2026-08-16 12:12:29,12:08:58,6.93,-0.04,3.87,50.,240.40,250.10,52.00
2026-08-16 12:13:50,12:09:58,6.84,-0.11,3.53,51.,241.70,250.30,52.00
2026-08-16 12:14:30,12:10:58,6.93,0.06,3.87,51.,242.30,250.30,52.00
2026-08-16 12:15:51,12:11:58,6.95,0.00,3.85,51.,242.90,250.30,52.00
2026-08-16 12:16:31,12:12:58,6.95,0.07,3.84,52.,239.70,250.30,52.00
2026-08-16 12:17:51,12:13:59,6.97,0.28,3.82,52.,240.80,250.70,51.00
2026-08-16 12:18:32,12:14:59,6.99,0.00,4.02,53.,238.70,250.40,51.00
2026-08-16 12:19:52,12:15:59,7.02,0.06,4.26,53.,240.00,250.40,51.00
2026-08-16 12:20:32,12:16:59,6.96,0.06,4.17,54.,242.30,250.40,51.00
2026-08-16 12:21:13,12:17:59,6.92,0.08,4.20,54.,240.40,250.40,51.00
2026-08-16 12:22:33,12:18:59,6.99,0.02,5.04,54.,237.60,249.70,52.00
2026-08-16 12:23:13,12:19:59,6.93,-0.20,4.86,54.,238.50,249.60,52.00
2026-08-16 12:24:34,12:20:59,6.85,0.42,8.18,55.,229.50,247.70,54.00
2026-08-16 12:25:14,12:21:59,6.81,-0.21,7.71,54.,230.30,246.50,56.00
2026-08-16 12:26:34,12:22:59,6.95,-0.05,8.10,54.,227.30,246.20,58.00
2026-08-16 12:27:14,12:23:59,6.79,-0.37,6.69,54.,236.50,246.70,58.00
2026-08-16 12:28:35,12:24:59,7.08,-0.41,6.40,54.,237.40,247.20,58.00
2026-08-16 12:29:15,12:25:59,6.99,-0.18,6.20,54.,237.40,247.50,58.00
2026-08-16 12:30:35,12:26:59,6.88,6.15,6.41,55.,231.80,253.20,53.00
2026-08-16 12:31:16,12:27:59,6.89,6.09,6.33,56.,231.60,253.90,50.00
2026-08-16 12:32:36,12:29:00,6.88,6.08,6.31,57.,231.80,254.00,48.00
2026-08-16 12:33:16,12:30:00,6.92,5.32,5.58,57.,235.00,254.20,47.00
2026-08-16 12:34:36,12:31:00,6.91,6.30,6.55,59.,235.70,254.30,46.00
2026-08-16 12:35:17,12:32:00,7.09,4.19,5.60,60.,237.60,253.50,46.00
2026-08-16 12:36:37,12:33:00,7.12,2.17,5.33,61.,241.70,252.30,47.00
2026-08-16 12:37:17,12:34:00,7.03,0.21,5.09,61.,240.60,251.10,49.00
2026-08-16 12:38:38,12:35:00,7.16,-0.27,4.94,61.,243.20,250.90,50.00
2026-08-16 12:39:18,12:36:00,7.14,-0.05,4.48,62.,243.40,251.30,50.00
2026-08-16 12:40:38,12:37:00,7.11,0.01,4.46,62.,244.40,251.30,51.00
2026-08-16 12:41:18,12:38:00,7.06,1.37,6.02,62.,246.20,251.10,51.00
2026-08-16 12:42:39,12:39:00,7.06,0.54,7.39,63.,245.70,249.70,53.00
2026-08-16 12:43:19,12:40:00,7.15,-0.21,6.62,63.,245.50,249.40,54.00
2026-08-16 12:44:40,12:41:00,7.19,0.08,6.33,63.,246.60,249.80,55.00
2026-08-16 12:45:20,12:42:00,7.17,-0.15,5.82,63.,247.20,250.00,55.00
2026-08-16 12:46:40,12:43:01,7.09,0.03,5.65,63.,248.50,250.60,55.00
2026-08-16 12:47:20,12:44:01,7.10,0.17,5.90,63.,244.70,250.40,55.00
2026-08-16 12:48:41,12:45:01,7.22,-0.09,5.68,63.,247.20,250.40,55.00
2026-08-16 12:49:21,12:46:01,6.94,6.28,6.55,64.,240.80,254.80,51.00
2026-08-16 12:51:21,12:47:01,6.94,6.34,6.61,65.,239.50,254.90,49.00
2026-08-16 12:52:42,12:48:01,6.92,6.23,6.48,67.,240.40,254.90,47.00
2026-08-16 12:53:22,12:49:01,6.91,4.48,4.72,68.,233.70,254.90,46.00
2026-08-16 12:54:42,12:50:01,6.89,4.41,4.63,69.,231.60,254.80,45.00
2026-08-16 12:55:22,12:51:01,6.64,3.12,4.75,70.,234.00,253.50,45.00
2026-08-16 12:56:43,12:52:01,7.21,1.52,4.74,70.,234.00,252.60,46.00
2026-08-16 12:57:23,12:53:01,7.13,0.00,4.54,71.,235.20,251.60,48.00
2026-08-16 12:58:43,12:54:01,7.24,-0.04,4.46,71.,237.60,251.60,49.00
2026-08-16 12:59:24,12:55:01,7.03,-0.03,4.41,71.,244.40,251.40,49.00
2026-08-16 13:00:44,12:56:01,7.15,-0.37,4.05,72.,236.10,251.70,50.00
2026-08-16 13:01:24,12:57:02,7.21,-0.20,3.66,72.,236.50,252.20,50.00
2026-08-16 13:02:45,12:58:02,7.20,0.11,3.88,72.,242.50,252.30,50.00
2026-08-16 13:03:25,12:59:02,7.28,0.06,3.96,73.,240.60,252.30,50.00
2026-08-16 13:04:45,13:00:02,7.30,-0.03,3.84,73.,244.00,252.40,50.00
2026-08-16 13:05:25,13:01:02,7.32,0.11,4.08,75.,244.40,252.40,50.00
2026-08-16 13:06:46,13:02:02,7.22,0.27,6.14,75.,242.30,251.00,51.00
2026-08-16 13:07:26,13:03:02,7.31,0.10,5.88,75.,241.50,250.70,53.00
2026-08-16 13:08:46,13:04:02,7.30,0.15,6.38,76.,248.70,250.60,53.00
2026-08-16 13:09:26,13:05:02,7.19,-0.05,6.17,76.,244.40,250.30,54.00
2026-08-16 13:10:47,13:06:02,7.32,0.16,6.36,76.,245.90,250.30,55.00
2026-08-16 13:11:27,13:07:02,6.91,6.75,6.98,77.,237.80,255.30,51.00
2026-08-16 13:12:47,13:08:02,6.91,6.49,6.71,78.,238.70,255.60,48.00
2026-08-16 13:13:28,13:09:02,6.98,6.61,6.89,79.,238.90,255.80,47.00
2026-08-16 13:14:48,13:10:02,6.97,6.39,6.66,80.,239.30,255.80,46.00
2026-08-16 13:15:28,13:11:03,6.97,4.92,5.19,81.,238.50,255.90,45.00
2026-08-16 13:16:49,13:12:03,7.22,4.33,5.24,81.,240.80,255.50,44.00
2026-08-16 13:17:29,13:13:03,7.28,2.42,5.10,84.,241.50,254.30,45.00
2026-08-16 13:18:49,13:14:03,7.29,0.46,4.77,84.,242.50,252.70,47.00
2026-08-16 13:19:29,13:15:03,7.34,-0.18,4.87,86.,242.10,252.20,49.00
2026-08-16 13:20:50,13:16:03,7.32,0.01,4.81,87.,241.00,252.30,50.00
2026-08-16 13:21:30,13:17:03,7.16,-0.14,4.63,89.,242.70,252.40,50.00
2026-08-16 13:22:50,13:18:03,7.19,-0.23,4.34,90.,239.30,252.70,50.00
2026-08-16 13:23:31,13:19:03,7.29,0.43,5.25,93.,238.70,252.90,51.00
2026-08-16 13:24:51,13:20:03,7.33,0.15,5.03,93.,240.80,252.90,51.00
2026-08-16 13:25:31,13:21:03,7.38,-0.27,4.25,96.,244.90,253.90,52.00
2026-08-16 13:26:52,13:22:03,7.34,-0.46,4.01,97.,243.40,254.50,52.00
2026-08-16 13:27:32,13:23:03,7.25,-0.26,4.11,98.,243.80,255.00,52.00
2026-08-16 13:28:52,13:24:03,7.23,-0.20,4.14,98.,239.70,256.20,52.00
2026-08-16 13:29:32,13:25:04,7.26,-3.34,3.90,100,240.40,252.90,54.00
2026-08-16 13:30:13,13:26:04,7.27,-2.97,4.28,100,240.60,251.40,56.00
2026-08-16 13:31:33,13:27:04,7.25,-3.17,4.06,100,243.20,250.90,57.00
2026-08-16 13:32:13,13:28:04,0.05,3.91,3.94,100,234.00,250.40,51.00
2026-08-16 13:33:34,13:29:04,0.05,6.21,6.24,100,225.60,250.10,49.00
2026-08-16 13:34:14,13:30:04,0.05,5.97,6.00,100,226.70,250.00,47.00
2026-08-16 13:35:34,13:31:04,0.05,6.79,6.82,100,222.80,249.70,46.00
2026-08-16 13:36:14,13:32:04,0.05,6.97,7.00,100,224.10,249.70,45.00
2026-08-16 13:37:35,13:33:04,0.05,6.70,6.75,100,224.60,249.60,45.00
2026-08-16 13:38:15,13:34:04,0.05,6.72,6.77,100,223.10,249.60,44.00
2026-08-16 13:39:35,13:35:04,0.05,6.49,6.54,100,225.40,249.40,43.00
2026-08-16 13:40:15,13:36:04,0.05,6.56,6.61,100,221.80,249.40,43.00
2026-08-16 13:41:36,13:37:04,0.05,6.37,6.42,100,223.70,249.40,42.00
2026-08-16 13:42:16,13:38:04,0.05,6.37,6.42,100,228.20,249.40,42.00
2026-08-16 13:43:36,13:39:05,2.12,4.57,6.69,100,228.60,249.30,42.00
2026-08-16 13:45:37,13:41:05,5.66,0.63,6.29,100,234.40,249.30,47.00
2026-08-16 13:46:17,13:42:05,7.22,-0.87,6.37,100,234.80,249.10,49.00
2026-08-16 13:47:37,13:43:05,7.14,-0.16,6.98,100,238.20,249.10,51.00
2026-08-16 13:48:18,13:44:05,7.07,0.48,7.55,100,238.50,249.10,52.00
2026-08-16 13:49:38,13:45:05,7.19,-0.23,7.18,100,238.00,249.00,53.00
2026-08-16 13:50:18,13:46:05,7.23,-0.24,7.38,100,239.30,248.80,54.00
2026-08-16 13:51:39,13:47:05,0.05,3.74,3.77,100,235.70,249.00,52.00
2026-08-16 13:52:19,13:48:05,0.05,3.54,3.57,100,235.90,249.00,48.00
2026-08-16 13:53:39,13:49:05,0.05,4.39,4.42,100,231.40,249.00,46.00
2026-08-16 13:54:19,13:50:05,0.05,4.01,4.06,100,231.80,249.00,45.00
2026-08-16 13:55:40,13:51:05,0.05,3.63,3.66,100,232.90,249.00,44.00
2026-08-16 13:56:20,13:52:05,0.05,5.61,5.66,100,231.20,249.00,43.00
2026-08-16 13:57:40,13:53:06,0.05,5.29,5.32,100,230.50,249.00,42.00
2026-08-16 13:58:20,13:54:06,0.05,5.59,5.62,100,231.40,249.00,42.00
2026-08-16 13:59:41,13:55:06,0.93,4.51,5.42,100,232.00,249.00,42.00
2026-08-16 14:00:21,13:56:06,2.98,1.24,4.20,100,231.60,248.80,43.00
2026-08-16 14:01:42,13:57:06,4.72,-0.35,4.35,100,234.80,248.80,45.00
2026-08-16 14:02:22,13:58:06,6.53,-2.44,4.07,100,241.00,249.00,48.00
2026-08-16 14:03:42,13:59:06,6.99,-2.84,4.15,100,239.50,248.80,50.00
2026-08-16 14:04:23,14:00:06,7.02,-3.04,3.98,100,240.40,248.80,51.00
2026-08-16 14:05:43,14:01:06,7.08,-2.90,4.18,100,242.90,248.80,52.00
2026-08-16 14:06:23,14:02:06,6.99,-2.63,4.36,100,245.10,248.80,53.00
2026-08-16 14:07:44,14:03:06,7.06,-2.70,4.34,100,243.80,248.80,54.00
2026-08-16 14:08:24,14:04:06,7.04,-3.17,3.87,100,247.40,248.80,54.00
2026-08-16 14:09:44,14:05:06,0.05,5.02,5.05,100,240.60,248.80,49.00
2026-08-16 14:10:24,14:06:06,0.05,5.12,5.17,100,242.50,248.80,47.00
2026-08-16 14:11:45,14:07:06,0.05,4.97,5.02,100,243.20,248.80,45.00
2026-08-17 11:45:00,11:40:56,6.46,0.02,3.92,42.,243.20,249.60,50.00
2026-08-17 11:45:41,11:41:56,6.48,0.04,3.77,43.,242.10,249.60,50.00
2026-08-17 11:47:41,11:43:56,6.51,0.03,3.52,43.,242.30,250.00,50.00
2026-08-17 11:48:21,11:44:56,6.48,0.09,3.90,44.,245.10,249.70,50.00
2026-08-17 11:49:42,11:45:56,6.58,0.06,3.90,44.,245.90,249.70,50.00
2026-08-17 11:50:22,11:46:56,6.60,0.06,3.84,44.,244.70,249.80,50.00
2026-08-17 11:51:42,11:47:56,6.46,0.07,3.91,45.,244.90,249.60,50.00
2026-08-17 11:52:22,11:48:57,6.58,0.21,4.68,45.,243.20,249.10,51.00
2026-08-17 11:53:43,11:49:57,6.59,-0.05,4.83,45.,243.80,248.80,52.00
2026-08-17 11:54:23,11:50:57,6.63,-0.23,4.69,46.,243.60,248.80,52.00
2026-08-17 11:55:43,11:51:57,6.63,0.00,4.79,46.,244.70,249.00,52.00
2026-08-17 11:56:24,11:52:57,6.51,-0.17,4.68,46.,245.30,248.80,52.00
2026-08-17 11:57:44,11:53:57,6.72,0.17,5.03,46.,242.90,249.00,52.00
2026-08-17 11:58:24,11:54:57,6.69,0.17,5.36,47.,243.40,248.70,53.00
2026-08-17 11:59:44,11:55:57,6.74,0.03,5.41,47.,245.50,248.50,53.00
2026-08-17 12:00:25,11:56:57,6.76,0.05,4.87,47.,243.20,249.10,54.00
2026-08-17 12:01:45,11:57:57,6.74,0.13,5.28,47.,242.30,248.80,54.00
2026-08-17 12:02:25,11:58:57,6.75,-0.07,5.37,47.,245.70,248.50,54.00
2026-08-17 12:03:46,11:59:57,6.78,-0.27,4.80,48.,243.20,249.00,54.00
2026-08-17 12:04:26,12:00:57,6.73,-0.14,5.13,48.,241.90,248.80,54.00
2026-08-17 12:05:46,12:01:57,6.81,-0.01,6.16,48.,241.90,248.10,55.00
2026-08-17 12:06:26,12:02:58,6.69,-0.41,5.59,48.,238.50,248.00,56.00
2026-08-17 12:07:47,12:03:58,6.77,-0.33,6.00,48.,237.40,247.70,56.00
2026-08-17 12:08:27,12:04:58,6.73,0.23,6.12,48.,240.40,248.10,56.00
2026-08-17 12:09:47,12:05:58,6.66,0.21,5.83,48.,241.20,248.10,56.00
2026-08-17 12:10:28,12:06:58,6.80,0.15,5.79,48.,241.50,248.40,56.00
2026-08-17 12:11:48,12:07:58,6.79,-0.16,5.59,50.,242.30,248.40,56.00
2026-08-17 12:12:28,12:08:58,6.82,-0.02,5.51,50.,240.00,248.50,56.00
2026-08-17 12:13:49,12:09:58,6.93,-0.10,5.44,50.,240.60,248.70,56.00
2026-08-17 12:14:29,12:10:58,6.80,-0.05,5.34,50.,242.10,248.70,56.00
2026-08-17 12:15:49,12:11:58,6.84,-0.05,5.45,50.,234.80,248.70,56.00
2026-08-17 12:16:29,12:12:58,6.81,-0.16,5.29,50.,239.70,248.80,56.00
2026-08-17 12:17:50,12:13:58,6.83,-0.02,5.45,51.,241.90,248.80,56.00
2026-08-17 12:18:30,12:14:58,6.84,-0.18,4.82,51.,244.70,249.10,56.00
2026-08-17 12:19:50,12:15:58,6.81,0.00,4.90,51.,243.60,249.30,56.00
2026-08-17 12:20:30,12:16:59,6.95,0.14,5.40,51.,242.70,249.00,56.00
2026-08-17 12:21:51,12:17:59,6.87,-0.21,5.20,51.,243.80,249.00,56.00
2026-08-17 12:22:31,12:18:59,6.88,-0.08,5.09,52.,245.50,249.10,56.00
2026-08-17 12:23:51,12:19:59,6.92,-0.24,4.91,52.,244.90,249.30,56.00
2026-08-17 12:24:32,12:20:59,6.94,-0.04,5.06,52.,243.20,249.30,56.00
2026-08-17 12:25:52,12:21:59,6.88,0.00,5.51,52.,246.60,249.10,56.00
2026-08-17 12:26:33,12:22:59,6.95,-0.19,5.10,53.,242.50,249.30,56.00
2026-08-17 12:27:53,12:23:59,6.95,0.03,5.74,53.,245.90,249.00,56.00
2026-08-17 12:28:33,12:24:59,6.98,0.07,5.94,53.,242.30,248.80,56.00
2026-08-17 12:29:54,12:25:59,6.90,-0.08,6.55,53.,242.50,248.00,57.00
2026-08-17 12:30:34,12:26:59,7.04,-0.46,6.29,53.,237.60,248.00,58.00
2026-08-17 12:31:54,12:27:59,3.07,-0.20,6.32,53.,236.10,244.90,58.00
2026-08-17 12:32:34,12:28:59,7.47,0.01,6.19,53.,244.90,248.40,58.00
2026-08-17 12:33:55,12:29:59,7.42,-0.16,5.92,53.,241.90,248.70,58.00
2026-08-17 12:34:35,12:31:00,6.90,5.87,6.14,54.,238.20,253.30,53.00
2026-08-17 12:35:55,12:32:00,6.90,5.85,6.11,55.,238.00,253.70,51.00
2026-08-17 12:36:35,12:33:00,6.60,5.85,5.91,55.,236.50,253.60,49.00
2026-08-17 12:37:56,12:34:00,6.89,5.80,6.04,56.,237.80,253.90,48.00
2026-08-17 12:38:36,12:35:00,6.88,5.81,6.04,57.,237.40,254.00,47.00
2026-08-17 12:39:16,12:36:00,7.11,4.48,5.84,59.,240.60,253.50,46.00
2026-08-17 12:41:17,12:37:00,7.05,2.09,5.01,60.,244.20,252.40,47.00
2026-08-17 12:47:19,12:38:00,7.19,0.44,5.12,60.,247.40,251.10,49.00
2026-08-17 12:49:19,12:39:00,7.07,0.03,5.31,60.,246.60,250.70,51.00
2026-08-17 12:50:40,12:40:00,6.87,0.00,5.00,60.,247.20,250.60,52.00
2026-08-17 12:51:20,12:41:00,7.18,0.88,6.59,61.,250.40,250.10,53.00
2026-08-17 12:52:41,12:42:00,7.25,0.01,6.54,61.,249.80,249.80,54.00
2026-08-17 12:53:21,12:43:00,7.27,0.66,6.53,61.,250.20,250.00,55.00
2026-08-17 12:54:41,12:44:00,7.16,0.53,6.62,61.,252.40,250.00,55.00
2026-08-17 12:55:21,12:45:00,7.25,1.05,6.53,61.,251.30,250.60,55.00
2026-08-17 12:56:42,12:46:01,7.20,1.88,6.98,62.,250.60,250.90,56.00
2026-08-17 12:57:22,12:48:01,6.91,7.24,8.13,63.,237.20,254.30,50.00
2026-08-17 12:58:42,12:49:01,6.91,7.27,7.51,64.,234.60,254.80,48.00
2026-08-17 12:59:22,12:51:01,6.95,6.98,7.26,67.,231.80,254.80,47.00
2026-08-17 13:00:43,12:52:01,6.36,5.69,6.06,67.,228.20,254.30,46.00
2026-08-17 13:01:23,12:54:01,6.26,3.68,6.03,69.,233.30,252.40,46.00
2026-08-17 13:02:43,12:56:01,7.47,0.09,5.71,69.,245.50,250.90,50.00
2026-08-17 13:03:24,12:57:01,2.42,-0.07,5.85,69.,231.60,246.80,52.00
2026-08-17 13:04:44,12:59:01,7.39,-0.02,5.14,69.,240.60,250.60,53.00
2026-08-17 13:05:24,13:01:02,7.32,0.05,5.49,70.,242.70,250.90,53.00
2026-08-17 13:06:45,13:02:02,7.28,-0.06,5.49,70.,240.60,251.00,54.00
2026-08-17 13:07:25,13:03:02,6.93,4.94,5.20,71.,243.60,254.90,50.00
2026-08-17 13:08:45,13:04:02,6.93,6.35,6.60,72.,243.60,255.00,48.00
2026-08-17 13:09:25,13:05:02,6.93,5.62,5.87,73.,244.00,255.00,47.00
2026-08-17 13:10:46,13:06:02,6.92,6.01,6.25,75.,245.70,255.20,46.00
2026-08-17 13:11:26,13:07:02,6.93,5.79,6.04,76.,246.20,255.00,45.00
2026-08-17 13:12:47,13:08:02,6.93,6.14,6.39,76.,245.10,255.00,45.00
2026-08-17 13:13:27,13:09:02,7.20,5.38,7.02,77.,241.90,254.20,45.00
2026-08-17 13:14:47,13:10:02,7.24,3.44,6.77,78.,244.00,252.70,46.00
2026-08-17 13:15:27,13:11:02,7.23,1.52,6.69,78.,245.10,251.30,49.00
2026-08-17 13:16:48,13:12:02,7.38,1.50,8.31,78.,240.00,249.80,52.00
2026-08-17 13:17:28,13:13:02,6.21,-0.26,7.24,78.,237.20,248.10,54.00
2026-08-17 13:18:48,13:14:03,5.08,-0.20,7.15,78.,236.70,247.50,55.00
2026-08-17 13:19:28,13:15:03,7.44,-0.11,7.16,78.,243.60,248.40,56.00
2026-08-17 13:20:49,13:16:03,7.30,0.00,7.16,78.,245.50,248.80,57.00
2026-08-17 13:21:29,13:17:03,7.10,-0.32,6.61,78.,242.70,248.80,58.00
2026-08-17 13:22:49,13:18:03,6.90,6.86,7.15,78.,234.00,254.30,54.00
2026-08-17 13:23:29,13:19:03,6.95,6.77,7.02,80.,237.40,255.80,51.00
2026-08-17 13:24:50,13:20:03,6.96,7.54,7.80,80.,234.20,255.90,49.00
2026-08-17 13:25:30,13:21:03,6.95,6.43,6.68,81.,234.80,256.10,48.00
2026-08-17 13:26:50,13:22:03,6.97,6.22,6.48,82.,234.40,256.20,47.00
2026-08-17 13:27:31,13:23:03,6.93,6.44,6.66,85.,235.50,256.50,46.00
2026-08-17 13:28:51,13:24:03,6.98,6.61,6.86,87.,233.10,257.10,45.00
2026-08-17 13:29:31,13:25:03,7.03,4.74,5.01,88.,242.30,258.20,45.00
2026-08-17 13:30:52,13:26:03,4.58,3.21,4.88,90.,243.40,255.90,45.00
2026-08-17 13:31:32,13:27:03,6.43,1.21,4.73,93.,248.50,256.10,47.00
2026-08-17 13:32:52,13:28:04,6.97,0.19,5.04,94.,247.00,256.30,49.00
2026-08-17 13:33:32,13:29:04,6.96,-0.08,4.91,96.,245.50,257.10,50.00
2026-08-17 13:34:53,13:30:04,6.95,0.09,5.76,97.,242.10,257.80,51.00
2026-08-17 13:35:33,13:31:04,7.01,-0.04,5.99,100,239.50,257.50,53.00
2026-08-17 13:36:53,13:32:04,6.92,-1.22,5.68,100,245.70,255.20,55.00
2026-08-17 13:37:33,13:33:04,7.00,-1.23,5.75,100,243.60,254.30,56.00
2026-08-17 13:38:54,13:34:04,6.89,-1.23,5.64,100,241.90,253.60,57.00
2026-08-17 13:39:35,13:35:04,0.05,5.01,5.04,100,240.00,253.20,54.00
2026-08-17 13:40:55,13:36:04,0.05,4.67,4.70,100,240.80,252.70,50.00
2026-08-17 13:41:35,13:37:04,0.05,4.68,4.71,100,242.30,252.60,49.00
2026-08-17 13:42:56,13:38:04,0.05,4.74,4.77,100,241.20,252.30,48.00
2026-08-17 13:43:36,13:39:04,0.05,4.46,4.49,100,239.50,252.20,47.00
2026-08-17 13:44:56,13:40:04,0.05,4.63,4.66,100,241.50,252.00,46.00
2026-08-17 13:45:36,13:41:04,0.75,3.93,4.66,100,242.70,251.70,45.00
2026-08-17 13:46:57,13:42:05,2.65,1.71,4.34,100,246.20,251.60,46.00
2026-08-17 13:47:37,13:43:05,4.40,-0.17,4.21,100,247.40,251.40,48.00
2026-08-17 13:48:17,13:44:05,6.14,-2.19,3.93,100,248.90,251.40,51.00
2026-08-17 13:49:38,13:45:05,6.75,-2.71,4.02,100,241.00,251.30,53.00
2026-08-17 13:50:18,13:46:05,6.72,-2.65,4.05,100,244.90,251.10,54.00
2026-08-17 13:51:38,13:47:05,6.86,-2.26,4.58,100,248.30,251.10,55.00
2026-08-17 13:52:18,13:48:05,6.78,-1.80,4.96,100,248.10,251.00,55.00
2026-08-17 13:53:39,13:49:05,6.89,-2.85,4.02,100,251.90,251.00,56.00
2026-08-17 13:54:19,13:50:05,6.52,-2.11,4.39,100,251.30,251.00,56.00
2026-08-17 13:55:39,13:51:05,0.05,3.61,3.64,100,243.80,251.00,55.00
2026-08-17 13:56:20,13:52:05,0.05,3.96,3.99,100,242.70,250.90,50.00
2026-08-17 13:57:40,13:53:05,0.05,4.25,4.28,100,242.10,250.90,48.00
2026-08-17 13:58:20,13:54:05,0.05,4.64,4.69,100,242.90,250.90,47.00
2026-08-17 13:59:41,13:55:05,0.05,4.60,4.65,100,242.50,250.70,46.00
2026-08-17 14:00:21,13:56:06,0.05,4.58,4.63,100,242.90,250.70,45.00
2026-08-17 14:01:41,13:57:06,1.99,2.72,4.71,100,245.50,250.70,45.00
2026-08-17 14:02:21,13:58:06,3.76,1.10,4.86,100,246.40,250.60,47.00
2026-08-17 14:03:42,13:59:06,5.52,-0.93,4.59,100,247.00,250.60,49.00
2026-08-17 14:04:22,14:00:06,7.02,-1.93,5.09,100,251.90,250.30,52.00
2026-08-17 14:05:42,14:01:06,7.02,-2.14,4.88,100,250.90,250.30,53.00
2026-08-17 14:06:23,14:02:06,7.11,-2.03,5.08,100,249.20,250.30,54.00
2026-08-17 14:07:43,14:03:06,7.06,-2.20,4.84,100,248.70,250.30,55.00
2026-08-17 14:08:23,14:04:06,6.84,-0.26,6.58,100,250.20,250.30,55.00
2026-08-17 14:09:44,14:05:06,6.83,-0.57,6.26,100,251.30,250.10,56.00
2026-08-17 14:10:24,14:06:06,6.33,-2.04,4.27,100,246.80,250.10,56.00
2026-08-17 14:11:44,14:07:06,6.48,-2.29,4.14,100,248.30,250.10,56.00
2026-08-18 11:45:03,11:40:56,4.73,-0.10,3.45,19.,234.60,246.40,47.00
2026-08-18 11:45:43,11:41:56,2.87,0.00,3.31,19.,231.40,245.70,47.00
2026-08-18 11:46:23,11:42:56,6.59,0.01,3.21,19.,235.50,248.10,47.00
2026-08-18 11:48:24,11:44:56,7.52,0.01,3.46,20.,233.70,249.80,47.00
2026-08-18 11:49:44,11:45:56,7.54,0.05,3.49,21.,242.70,250.30,47.00
2026-08-18 11:50:25,11:46:57,7.47,0.01,2.97,21.,242.90,251.00,47.00
2026-08-18 11:51:45,11:47:57,7.64,0.06,3.11,22.,245.10,251.00,47.00
2026-08-18 11:52:25,11:48:57,7.45,0.05,3.09,22.,243.60,250.90,47.00
2026-08-18 11:53:45,11:49:57,7.40,0.09,3.18,23.,241.20,250.90,47.00
2026-08-18 11:54:25,11:50:57,7.34,-0.07,3.09,25.,238.20,250.70,47.00
2026-08-18 11:55:46,11:51:57,7.34,0.07,2.87,25.,241.50,251.00,47.00
2026-08-18 11:56:26,11:52:57,7.28,0.04,2.78,26.,244.90,250.90,47.00
2026-08-18 11:57:47,11:53:57,7.31,0.01,2.76,26.,243.40,251.00,47.00
2026-08-18 11:58:27,11:54:57,7.31,0.03,2.83,27.,242.50,251.00,47.00
2026-08-18 11:59:47,11:55:57,7.10,-0.08,2.66,28.,240.20,250.90,47.00
2026-08-18 12:00:27,11:56:57,1.80,0.13,3.38,28.,237.40,246.50,47.00
2026-08-18 12:01:48,11:57:57,7.31,-0.02,3.13,28.,232.90,249.60,47.00
2026-08-18 12:02:28,11:58:57,7.39,-0.04,3.12,28.,245.90,250.60,47.00
2026-08-18 12:03:48,11:59:57,7.11,0.08,3.06,29.,246.40,250.70,47.00
2026-08-18 12:04:29,12:00:57,7.28,-0.04,3.06,29.,246.60,250.70,47.00
2026-08-18 12:05:49,12:01:58,7.39,0.04,3.12,30.,247.90,250.90,47.00
2026-08-18 12:06:29,12:02:58,7.17,-0.34,4.62,30.,250.60,249.10,49.00
2026-08-18 12:07:49,12:03:58,7.46,-0.85,2.81,30.,245.70,250.00,50.00
2026-08-18 12:08:30,12:04:58,7.49,0.29,4.86,31.,247.20,249.60,50.00
2026-08-18 12:09:50,12:05:58,7.50,0.10,4.00,31.,249.60,250.00,50.00
2026-08-18 12:10:30,12:06:58,7.67,-0.79,2.47,32.,248.70,250.90,50.00
2026-08-18 12:11:51,12:07:58,7.85,1.06,3.92,32.,252.80,251.10,49.00
2026-08-18 12:12:31,12:08:58,7.98,0.87,4.01,34.,252.10,250.10,49.00
2026-08-18 12:13:51,12:09:58,7.87,0.81,4.47,35.,250.90,250.10,49.00
2026-08-18 12:14:31,12:10:58,8.18,0.47,4.32,35.,253.00,250.90,49.00
2026-08-18 12:15:52,12:11:58,8.19,-0.24,4.40,36.,250.60,250.10,49.00
2026-08-18 12:16:32,12:12:58,8.20,-2.39,2.79,36.,253.20,249.60,50.00
2026-08-18 12:17:52,12:13:58,8.11,-0.08,2.73,37.,245.90,251.40,50.00
2026-08-18 12:18:32,12:14:58,7.88,0.11,2.77,37.,245.50,251.30,49.00
2026-08-18 12:19:53,12:15:59,8.24,0.15,3.50,38.,245.70,251.10,49.00
2026-08-18 12:20:33,12:16:59,8.12,0.99,5.46,39.,248.90,250.60,49.00
2026-08-18 12:21:54,12:17:59,7.10,-0.01,4.83,39.,243.40,249.10,50.00
2026-08-18 12:22:34,12:18:59,4.70,-0.06,3.55,39.,241.20,247.80,51.00
2026-08-18 12:23:54,12:19:59,2.32,-0.23,3.02,39.,238.00,246.40,51.00
2026-08-18 12:24:34,12:20:59,2.72,-0.04,2.92,39.,238.20,246.50,50.00
2026-08-18 12:25:54,12:21:59,2.50,0.03,2.89,39.,238.70,246.50,50.00
2026-08-18 12:26:35,12:22:59,3.11,-0.36,4.39,39.,250.00,246.20,50.00
2026-08-18 12:27:55,12:23:59,8.28,-0.19,2.98,39.,245.70,250.40,50.00
2026-08-18 12:28:35,12:24:59,2.77,0.13,2.90,39.,240.60,247.20,50.00
2026-08-18 12:29:56,12:25:59,2.89,-0.08,2.44,39.,238.00,247.40,49.00
2026-08-18 12:30:36,12:26:59,3.58,0.11,2.48,40.,242.10,248.50,49.00
2026-08-18 12:31:56,12:27:59,2.50,0.04,2.42,40.,239.50,247.40,48.00
2026-08-18 12:32:36,12:28:59,3.65,0.02,2.63,40.,245.70,247.80,48.00
2026-08-18 12:33:57,12:30:00,3.48,0.06,2.85,42.,243.40,248.40,48.00
2026-08-18 12:34:37,12:31:00,7.70,0.06,2.80,42.,245.90,251.10,48.00
2026-08-18 12:35:58,12:32:00,8.16,0.00,2.81,43.,250.40,251.90,48.00
2026-08-18 12:36:38,12:33:00,8.27,0.14,2.44,43.,248.70,251.70,47.00
2026-08-18 12:37:58,12:34:00,3.03,-0.06,2.25,44.,247.90,248.50,47.00
2026-08-18 12:38:39,12:35:00,2.65,0.08,2.36,44.,238.00,247.70,47.00
2026-08-18 12:39:59,12:36:00,2.60,0.24,2.65,44.,238.20,247.40,47.00
2026-08-18 12:40:39,12:37:00,3.63,-0.04,2.85,44.,239.70,247.80,47.00
2026-08-18 12:42:40,12:38:00,8.24,0.14,3.57,44.,249.60,250.90,47.00
2026-08-18 12:44:00,12:40:00,7.77,0.05,3.33,46.,248.50,251.30,47.00
2026-08-18 12:45:20,12:41:00,7.58,0.20,3.69,46.,252.60,251.10,47.00
2026-08-18 12:46:41,12:43:00,7.65,0.11,3.75,47.,249.60,250.90,47.00
2026-08-18 12:48:41,12:44:01,7.49,0.01,3.44,48.,248.50,251.00,47.00
2026-08-18 12:49:21,12:45:01,7.41,0.14,3.67,48.,249.80,250.70,47.00
2026-08-18 12:50:42,12:46:01,7.36,-0.06,3.62,50.,250.40,250.90,48.00
2026-08-18 12:51:22,12:47:01,7.51,-0.11,3.45,50.,250.20,250.90,48.00
2026-08-18 12:52:42,12:48:01,7.48,0.33,3.88,51.,251.10,250.90,48.00
2026-08-18 12:53:22,12:49:01,7.41,-0.12,2.54,51.,248.90,251.30,48.00
2026-08-18 12:54:43,12:50:01,7.40,0.08,2.50,52.,248.30,251.70,48.00
2026-08-18 12:55:23,12:51:01,7.43,0.02,2.68,53.,249.20,251.70,48.00
2026-08-18 12:56:43,12:52:01,7.52,0.24,2.83,53.,250.40,251.70,47.00
2026-08-18 12:57:24,12:53:01,7.44,0.19,2.83,54.,246.60,251.90,47.00
2026-08-18 12:58:44,12:54:01,7.30,-0.08,2.64,55.,248.30,251.90,47.00
2026-08-18 12:59:24,12:55:01,7.40,-0.06,2.48,55.,249.40,251.90,47.00
2026-08-18 13:00:45,12:56:01,7.42,0.10,2.69,56.,247.70,252.20,47.00
2026-08-18 13:01:25,12:57:01,7.26,0.15,2.72,57.,250.00,252.20,47.00
2026-08-18 13:02:45,12:58:02,7.41,0.08,2.83,57.,247.20,252.20,47.00
2026-08-18 13:03:25,12:59:02,7.45,0.11,3.28,59.,237.60,252.20,47.00
2026-08-18 13:04:46,13:00:02,7.53,-0.03,3.57,59.,242.70,251.90,47.00
2026-08-18 13:05:26,13:01:02,7.44,0.00,3.52,60.,244.20,252.00,47.00
2026-08-18 13:06:46,13:02:02,7.25,-0.10,2.94,60.,241.20,252.20,47.00
2026-08-18 13:07:26,13:03:02,7.47,0.05,3.08,61.,241.50,252.40,47.00
2026-08-18 13:08:46,13:04:02,7.42,0.03,3.00,61.,242.50,252.60,47.00
2026-08-18 13:09:27,13:05:02,7.38,0.04,3.03,62.,244.20,252.70,47.00
2026-08-18 13:10:47,13:06:02,7.38,0.08,3.09,63.,242.70,252.70,47.00
2026-08-18 13:11:27,13:07:02,7.41,-0.07,3.48,63.,242.70,252.40,47.00
2026-08-18 13:12:48,13:08:02,7.10,0.04,3.51,64.,242.70,252.40,48.00
2026-08-18 13:13:28,13:09:02,7.18,0.18,3.46,64.,247.00,252.40,48.00
2026-08-18 13:14:48,13:10:02,7.12,-0.08,4.00,65.,250.20,251.90,48.00
2026-08-18 13:15:28,13:11:02,7.23,0.30,4.18,65.,252.80,252.00,49.00
2026-08-18 13:16:48,13:12:02,7.11,1.24,3.93,67.,251.50,252.90,49.00
2026-08-18 13:17:29,13:13:03,7.06,0.89,4.10,67.,251.50,252.60,49.00
2026-08-18 13:18:49,13:14:03,7.00,0.82,4.17,68.,252.10,252.40,49.00
2026-08-18 13:19:29,13:15:03,7.16,-0.42,3.92,68.,251.90,251.90,49.00
2026-08-18 13:20:50,13:16:03,7.18,0.84,4.08,69.,252.10,252.60,49.00
2026-08-18 13:21:30,13:17:03,7.37,0.34,4.10,69.,250.60,252.40,49.00
2026-08-18 13:22:50,13:18:03,7.44,0.00,4.42,69.,245.70,251.70,51.00
2026-08-18 13:23:30,13:19:03,7.50,0.11,4.01,70.,246.40,252.40,51.00
2026-08-18 13:24:51,13:20:03,7.36,0.12,3.90,70.,245.50,252.70,50.00
2026-08-18 13:25:31,13:21:03,7.47,0.10,3.89,71.,242.70,252.60,50.00
2026-08-18 13:26:51,13:22:03,7.37,-0.06,4.34,72.,245.10,252.20,50.00
2026-08-18 13:27:31,13:23:03,7.41,-0.08,4.36,72.,244.40,252.20,50.00
2026-08-18 13:28:52,13:24:03,7.33,0.10,4.43,72.,245.10,252.20,50.00
2026-08-18 13:29:32,13:25:03,7.36,0.08,4.44,73.,248.10,252.30,50.00
2026-08-18 13:30:52,13:26:03,7.24,0.03,4.02,73.,244.90,252.40,50.00
2026-08-18 13:31:33,13:27:04,7.36,-0.08,4.08,75.,245.70,252.40,50.00
2026-08-18 13:32:53,13:28:04,7.30,0.06,3.83,75.,248.50,252.60,50.00
2026-08-18 13:33:33,13:29:04,7.25,0.09,3.76,76.,246.80,252.70,50.00
2026-08-18 13:34:54,13:30:04,7.33,-0.27,3.17,77.,246.60,253.00,50.00
2026-08-18 13:35:34,13:31:04,7.44,0.15,3.57,78.,248.50,253.20,50.00
2026-08-18 13:36:54,13:32:04,7.31,0.06,3.53,79.,249.20,253.00,50.00
2026-08-18 13:37:34,13:33:04,7.29,0.18,3.55,79.,249.60,253.00,50.00
2026-08-18 13:38:55,13:34:04,3.58,0.15,3.43,80.,242.50,250.60,50.00
2026-08-18 13:39:35,13:35:04,4.13,-0.08,3.13,80.,240.60,250.90,50.00
2026-08-18 13:40:55,13:36:04,7.46,0.11,3.55,80.,244.20,252.90,50.00
2026-08-18 13:41:35,13:37:04,3.02,1.05,4.32,81.,251.90,250.30,50.00
2026-08-18 13:42:56,13:38:04,6.04,0.13,4.16,82.,244.70,251.40,50.00
2026-08-18 13:43:36,13:39:04,2.48,0.09,4.00,81.,241.20,248.30,50.00
2026-08-18 13:44:57,13:40:04,2.51,0.29,4.36,81.,243.20,247.80,50.00
2026-08-18 13:45:37,13:41:05,7.29,0.01,4.43,81.,246.20,250.70,50.00
2026-08-18 13:46:57,13:42:05,7.58,0.64,4.69,82.,251.30,252.40,50.00
2026-08-18 13:47:38,13:43:05,7.47,-0.18,4.64,82.,251.30,253.20,50.00
2026-08-18 13:48:58,13:44:05,7.61,0.53,4.57,85.,252.40,253.00,50.00
2026-08-18 13:49:38,13:45:05,7.59,-0.08,4.15,86.,252.60,253.00,51.00
2026-08-18 13:50:59,13:46:05,7.29,0.12,4.46,88.,248.10,252.90,51.00
2026-08-18 13:51:39,13:47:05,7.57,0.13,4.64,89.,247.40,253.00,51.00
2026-08-18 13:52:59,13:48:05,7.52,-0.47,4.20,90.,244.20,252.90,51.00
2026-08-18 13:53:39,13:49:05,7.55,-0.54,4.16,90.,245.30,252.90,51.00
2026-08-18 13:55:00,13:50:05,7.38,-0.41,4.12,90.,247.20,252.90,51.00
2026-08-18 13:55:40,13:51:05,7.50,-0.38,4.27,90.,249.20,252.90,51.00
2026-08-18 13:56:20,13:52:05,7.52,-0.87,3.82,90.,248.10,253.00,51.00
2026-08-18 13:57:40,13:53:05,7.45,-1.09,3.51,92.,248.30,253.00,51.00
2026-08-18 13:58:21,13:54:05,7.27,-0.80,3.61,93.,246.20,253.20,51.00
2026-08-18 13:59:41,13:55:06,7.26,-0.81,3.59,94.,249.40,253.30,51.00
2026-08-18 14:00:21,13:56:06,7.27,-0.93,3.48,94.,247.00,253.50,51.00
2026-08-18 14:01:42,13:57:06,7.20,-0.95,3.46,95.,248.90,253.60,51.00
2026-08-18 14:02:22,13:58:06,7.17,-1.20,3.11,96.,251.90,253.70,51.00
2026-08-18 14:03:42,13:59:06,7.28,-1.27,3.14,96.,246.60,254.00,51.00
2026-08-18 14:04:22,14:00:06,7.36,-1.29,3.20,97.,249.40,254.50,51.00
2026-08-18 14:05:43,14:01:06,7.41,-1.27,3.21,98.,247.90,255.00,51.00
2026-08-18 14:06:23,14:02:06,7.20,-0.77,3.54,98.,248.30,256.10,51.00
2026-08-18 14:07:43,14:03:06,7.22,-3.48,3.72,100,249.60,252.30,54.00
2026-08-18 14:08:23,14:04:06,7.15,-3.60,3.53,100,250.20,251.10,55.00
2026-08-18 14:09:44,14:05:06,7.19,-3.34,3.83,100,251.10,250.70,56.00
2026-08-18 14:10:24,14:06:06,7.10,-1.53,5.55,100,242.90,250.40,56.00
2026-08-18 14:11:44,14:07:06,0.05,5.92,5.95,100,235.90,250.10,51.00
2026-08-19 11:45:01,11:40:55,6.50,0.00,3.68,51.,242.10,250.00,47.00
2026-08-19 11:45:41,11:41:55,6.60,0.05,4.13,51.,240.40,249.70,48.00
2026-08-19 11:47:02,11:42:56,6.57,0.00,3.83,51.,242.10,249.70,48.00
2026-08-19 11:47:42,11:43:56,6.46,0.00,3.84,52.,243.80,249.80,48.00
2026-08-19 11:49:02,11:44:56,6.57,0.03,3.86,52.,243.80,249.80,49.00
2026-08-19 11:49:42,11:45:56,6.58,0.04,4.00,52.,243.80,249.60,49.00
2026-08-19 11:51:03,11:46:56,6.66,0.02,3.88,53.,243.20,250.00,49.00
2026-08-19 11:51:43,11:47:56,6.55,0.02,3.72,53.,243.40,250.10,49.00
2026-08-19 11:53:03,11:48:56,6.61,-0.01,3.65,53.,241.00,250.10,49.00
2026-08-19 11:53:43,11:49:56,6.51,-0.26,3.33,54.,244.00,250.30,49.00
2026-08-19 11:54:24,11:50:56,6.66,0.04,3.20,54.,242.90,250.70,49.00
2026-08-19 11:55:44,11:51:56,6.57,0.04,3.03,55.,241.50,250.90,49.00
2026-08-19 11:56:25,11:52:56,6.55,0.02,3.09,55.,244.90,250.90,49.00
2026-08-19 11:57:45,11:53:56,6.75,0.12,3.13,56.,244.00,251.00,49.00
2026-08-19 11:58:25,11:54:56,6.76,0.13,3.61,56.,243.40,250.90,49.00
2026-08-19 11:59:46,11:55:56,6.72,0.08,3.52,56.,246.60,250.90,49.00
2026-08-19 12:00:26,11:56:57,6.88,0.04,3.69,57.,245.50,251.00,49.00
2026-08-19 12:01:46,11:57:57,6.84,1.02,5.31,57.,250.00,250.60,49.00
2026-08-19 12:02:26,11:58:57,6.90,0.22,5.17,59.,248.10,249.80,50.00
2026-08-19 12:03:47,11:59:57,6.77,-0.12,2.84,59.,243.40,251.40,51.00
2026-08-19 12:04:27,12:00:57,6.90,0.02,3.66,59.,242.30,251.10,50.00
2026-08-19 12:05:47,12:01:57,6.96,0.00,3.70,60.,243.20,251.30,50.00
2026-08-19 12:06:28,12:02:57,6.95,-0.06,3.41,60.,242.90,251.60,50.00
2026-08-19 12:07:48,12:03:57,7.00,0.00,3.40,61.,243.60,251.90,50.00
2026-08-19 12:08:28,12:04:57,7.00,0.04,3.34,61.,241.70,252.00,50.00
2026-08-19 12:09:49,12:05:57,6.95,0.02,3.34,62.,246.40,252.20,50.00
2026-08-19 12:10:29,12:06:57,7.05,0.03,3.20,62.,242.90,252.30,50.00
2026-08-19 12:11:49,12:07:57,7.03,0.01,3.21,63.,242.70,252.40,50.00
2026-08-19 12:12:29,12:08:57,7.05,0.00,3.29,63.,241.70,252.40,50.00
2026-08-19 12:13:50,12:09:57,6.94,0.01,3.42,64.,242.90,252.40,50.00
2026-08-19 12:14:30,12:10:58,6.92,0.01,3.33,64.,243.20,252.30,50.00
2026-08-19 12:15:50,12:11:58,7.04,0.45,3.27,65.,244.40,252.70,49.00
2026-08-19 12:16:31,12:12:58,7.10,0.09,3.30,65.,242.70,252.60,49.00
2026-08-19 12:17:51,12:13:58,7.08,0.02,3.09,67.,243.40,252.70,49.00
2026-08-19 12:18:31,12:14:58,7.12,0.11,3.29,67.,245.30,252.70,49.00
2026-08-19 12:19:51,12:15:58,7.05,0.08,3.24,68.,244.20,252.70,49.00
2026-08-19 12:20:32,12:16:58,7.11,0.08,3.12,68.,244.70,252.70,49.00
2026-08-19 12:21:52,12:17:58,7.09,0.05,3.12,69.,245.70,252.90,49.00
2026-08-19 12:22:32,12:18:58,7.12,0.07,3.17,69.,242.10,252.90,49.00
2026-08-19 12:23:53,12:19:58,7.18,0.07,3.34,70.,244.00,252.70,49.00
2026-08-19 12:24:33,12:20:58,7.08,0.07,3.26,70.,243.20,252.70,49.00
2026-08-19 12:25:53,12:21:58,7.14,0.15,4.12,71.,241.70,252.30,49.00
2026-08-19 12:26:33,12:22:58,6.99,0.00,4.17,71.,244.90,252.00,49.00
2026-08-19 12:27:54,12:23:58,7.17,0.03,4.10,72.,243.60,252.00,49.00
2026-08-19 12:28:34,12:24:59,7.31,-0.02,4.12,72.,239.70,252.30,49.00
2026-08-19 12:29:54,12:25:59,7.14,0.29,4.26,72.,242.90,252.30,50.00
2026-08-19 12:30:35,12:26:59,7.29,0.05,4.52,73.,242.70,252.00,50.00
2026-08-19 12:31:56,12:27:59,7.16,0.09,4.56,73.,247.70,251.90,50.00
2026-08-19 12:32:36,12:28:59,7.01,0.15,4.79,75.,249.40,251.60,51.00
2026-08-19 12:33:56,12:29:59,7.25,0.13,4.89,75.,251.90,251.60,51.00
2026-08-19 12:34:36,12:30:59,7.29,0.09,4.89,75.,247.20,251.70,51.00
2026-08-19 12:35:57,12:31:59,7.28,-0.03,4.36,75.,247.90,252.00,52.00
2026-08-19 12:36:37,12:32:59,7.10,0.14,4.37,76.,248.90,252.40,52.00
2026-08-19 12:37:57,12:33:59,7.16,0.20,4.42,76.,248.90,252.40,52.00
2026-08-19 12:38:37,12:34:59,7.20,0.21,4.39,77.,249.40,252.40,52.00
2026-08-19 12:39:58,12:35:59,7.22,0.14,4.36,77.,248.50,252.40,52.00
2026-08-19 12:40:38,12:36:59,7.30,0.19,4.47,78.,250.90,252.40,52.00
2026-08-19 12:41:58,12:37:59,7.22,0.26,4.43,78.,249.80,252.40,52.00
2026-08-19 12:42:39,12:38:59,7.07,0.23,4.28,79.,251.30,252.40,52.00
2026-08-19 12:43:59,12:40:00,7.32,0.19,4.31,79.,251.50,252.60,52.00
2026-08-19 12:44:39,12:41:00,7.25,0.24,4.24,80.,250.00,252.60,52.00
2026-08-19 12:45:59,12:42:00,7.01,0.21,5.06,81.,249.60,252.20,52.00
2026-08-19 12:46:40,12:43:00,7.37,0.11,5.50,81.,246.80,251.60,52.00
2026-08-19 12:48:00,12:44:00,7.35,0.11,5.63,82.,245.90,251.30,53.00
2026-08-19 12:48:40,12:45:00,7.30,0.01,5.38,82.,245.10,251.40,53.00
2026-08-19 12:50:00,12:46:00,7.33,0.06,5.36,82.,243.20,251.60,53.00
2026-08-19 12:50:41,12:47:00,7.34,0.08,5.41,82.,245.30,251.60,53.00
2026-08-19 12:52:01,12:48:00,6.94,4.89,5.14,84.,239.50,255.60,51.00
2026-08-19 12:52:41,12:49:00,6.92,5.02,5.24,86.,242.50,256.10,48.00
2026-08-19 12:54:02,12:50:00,7.01,4.96,5.26,86.,241.90,256.20,47.00
2026-08-19 12:54:42,12:51:00,6.86,4.97,5.15,87.,240.40,256.20,46.00
2026-08-19 12:56:02,12:52:00,6.96,4.66,4.90,89.,241.50,256.60,45.00
2026-08-19 12:56:42,12:53:00,3.12,4.14,4.36,90.,243.40,254.30,44.00
2026-08-19 12:58:03,12:54:01,4.96,2.25,4.33,90.,248.50,253.50,44.00
2026-08-19 12:58:43,12:55:01,6.64,0.48,4.23,93.,246.40,253.60,46.00
2026-08-19 13:00:44,12:56:01,7.16,0.00,4.30,94.,249.60,253.60,47.00
2026-08-19 13:03:25,12:58:01,6.43,0.65,4.17,98.,251.90,255.50,48.00
2026-08-19 13:04:45,13:00:01,3.67,0.41,4.35,100,251.70,251.60,48.00
2026-08-19 13:05:25,13:01:01,2.80,2.76,5.54,100,253.00,251.00,49.00
2026-08-19 13:06:46,13:02:01,5.02,0.74,5.74,100,251.10,250.60,49.00
2026-08-19 13:07:26,13:03:01,7.27,-0.56,6.69,100,249.60,250.00,53.00
2026-08-19 13:08:46,13:04:01,0.05,6.43,6.46,100,242.30,249.80,48.00
2026-08-19 13:09:27,13:05:01,0.05,6.26,6.29,100,244.00,249.60,46.00
2026-08-19 13:10:47,13:06:01,0.05,6.09,6.14,100,244.00,249.60,45.00
2026-08-19 13:11:28,13:07:01,0.05,6.10,6.15,100,243.80,249.40,44.00
2026-08-19 13:12:48,13:08:02,0.05,5.85,5.90,100,244.20,249.30,43.00
2026-08-19 13:13:28,13:09:02,0.05,5.98,6.03,100,244.20,249.30,43.00
2026-08-19 13:14:49,13:10:02,0.05,5.44,5.49,100,244.40,249.30,42.00
2026-08-19 13:15:29,13:11:02,0.05,5.72,5.77,100,242.70,249.30,42.00
2026-08-19 13:16:49,13:12:02,0.05,5.81,5.86,100,243.40,249.30,41.00
2026-08-19 13:17:29,13:13:02,0.05,4.40,4.45,100,243.20,249.30,41.00
2026-08-19 13:18:50,13:14:02,0.05,4.49,4.54,100,242.70,249.30,40.00
2026-08-19 13:19:30,13:15:02,2.25,2.34,4.59,100,233.70,249.10,41.00
2026-08-19 13:20:50,13:16:02,4.04,0.87,4.91,100,238.00,249.10,43.00
2026-08-19 13:21:30,13:17:02,5.86,-0.87,4.99,100,243.40,249.10,46.00
2026-08-19 13:22:51,13:18:02,7.27,-2.37,4.90,100,243.60,249.10,49.00
2026-08-19 13:23:31,13:19:02,7.25,-2.42,4.83,100,246.40,249.10,50.00
2026-08-19 13:24:51,13:20:02,7.29,-2.40,4.89,100,245.10,249.10,52.00
2026-08-19 13:25:31,13:21:02,7.26,-1.66,5.60,100,242.30,249.10,53.00
2026-08-19 13:26:52,13:22:03,7.32,-1.79,5.53,100,244.00,249.00,53.00
2026-08-19 13:27:32,13:23:03,0.05,4.51,4.56,100,245.50,249.10,49.00
2026-08-19 13:28:52,13:24:03,0.05,5.98,6.03,100,248.10,249.00,46.00
2026-08-19 13:29:33,13:25:03,0.05,5.99,6.04,100,237.00,249.00,45.00
2026-08-19 13:30:53,13:26:03,0.05,6.05,6.10,100,237.20,249.00,44.00
2026-08-19 13:31:33,13:27:03,0.05,5.97,6.02,100,244.00,249.00,43.00
2026-08-19 13:32:54,13:28:03,0.05,6.11,6.16,100,236.50,249.00,42.00
2026-08-19 13:33:34,13:29:03,0.05,5.83,5.86,100,245.10,249.00,41.00
2026-08-19 13:34:54,13:30:03,0.05,5.52,5.57,100,245.90,249.00,41.00
2026-08-19 13:35:34,13:31:03,0.05,5.41,5.46,100,246.60,249.00,40.00
2026-08-19 13:36:55,13:32:03,0.05,5.58,5.63,100,245.90,249.00,40.00
2026-08-19 13:37:35,13:33:03,0.05,3.93,3.98,100,243.20,249.00,40.00
2026-08-19 13:38:55,13:34:03,1.79,2.55,4.34,100,246.40,249.00,40.00
2026-08-19 13:39:35,13:35:03,3.59,-0.23,3.36,100,247.40,249.00,42.00
2026-08-19 13:40:56,13:36:03,5.40,-2.06,3.34,100,250.00,249.00,44.00
2026-08-19 13:41:36,13:37:04,7.09,-3.87,3.22,100,249.80,249.00,47.00
2026-08-19 13:42:56,13:38:04,7.19,-3.94,3.25,100,252.10,249.00,49.00
2026-08-19 13:43:37,13:39:04,7.20,-3.99,3.21,100,250.20,249.00,50.00
2026-08-19 13:44:57,13:40:04,7.31,-3.28,4.03,100,248.90,249.00,51.00
2026-08-19 13:45:37,13:41:04,7.30,-3.15,4.15,100,246.60,249.00,52.00
2026-08-19 13:46:58,13:42:04,7.30,-2.70,4.58,100,248.30,248.80,53.00
2026-08-19 13:47:38,13:43:04,7.32,-2.99,4.31,100,250.00,249.00,54.00
2026-08-19 13:48:59,13:44:04,7.30,-2.91,4.37,100,249.80,249.00,55.00
2026-08-19 13:49:39,13:45:04,7.34,-2.81,4.51,100,250.60,248.80,55.00
2026-08-19 13:50:59,13:46:04,0.05,4.11,4.16,100,242.70,249.00,49.00
2026-08-19 13:51:39,13:47:04,0.05,3.92,3.95,100,245.30,249.00,46.00
2026-08-19 13:53:00,13:48:04,0.05,3.42,3.47,100,243.20,249.00,45.00
2026-08-19 13:53:40,13:49:04,0.05,3.09,3.12,100,246.80,248.80,44.00
2026-08-19 13:55:01,13:50:04,0.05,3.09,3.14,100,244.90,248.80,43.00
2026-08-19 13:55:41,13:51:05,1.96,1.36,3.30,100,245.30,248.80,43.00
2026-08-19 13:57:01,13:52:05,3.75,-0.40,3.33,100,247.90,248.80,45.00
2026-08-19 13:57:41,13:53:05,5.55,-2.10,3.43,100,248.70,248.80,47.00
2026-08-19 13:59:02,13:54:05,6.68,-3.60,3.06,100,251.90,248.80,49.00
2026-08-19 13:59:42,13:55:05,6.53,-3.50,3.03,100,249.80,248.80,51.00
2026-08-19 14:01:02,13:56:05,7.10,-4.19,2.89,100,250.00,248.80,52.00
2026-08-19 14:01:42,13:57:05,7.21,-4.08,3.11,100,252.40,248.80,53.00
2026-08-19 14:03:03,13:58:05,7.08,-3.87,3.19,100,250.90,248.80,53.00
2026-08-19 14:03:43,13:59:05,7.13,-3.52,3.59,100,247.70,248.80,54.00
2026-08-19 14:05:03,14:00:05,7.22,-3.53,3.67,100,247.00,248.80,55.00
2026-08-19 14:05:43,14:01:05,7.22,-3.23,3.97,100,246.20,248.80,55.00
2026-08-19 14:07:04,14:02:05,7.18,-3.57,3.59,100,246.60,248.80,56.00
2026-08-19 14:07:44,14:03:05,0.05,3.26,3.31,100,238.90,248.80,52.00
2026-08-19 14:09:04,14:04:05,0.05,3.32,3.37,100,238.20,248.80,49.00
2026-08-19 14:09:44,14:05:06,0.05,3.42,3.47,100,239.70,248.80,47.00
2026-08-19 14:10:24,14:06:06,0.05,3.90,3.95,100,236.70,248.80,45.00
2026-08-19 14:11:45,14:07:06,0.05,3.93,3.98,100,236.30,248.80,44.00
2026-08-20 11:45:02,11:40:56,6.43,0.10,4.02,37.,248.10,249.60,51.00
2026-08-20 11:45:42,11:41:56,6.31,0.02,4.22,37.,242.30,249.10,51.00
2026-08-20 11:47:02,11:42:56,6.53,0.04,4.38,38.,242.30,249.30,51.00
2026-08-20 11:47:42,11:43:56,6.64,0.00,4.18,38.,245.30,249.40,51.00
2026-08-20 11:49:03,11:44:56,6.59,-0.13,3.99,38.,239.50,249.40,51.00
2026-08-20 11:49:43,11:45:56,6.66,0.00,3.99,39.,240.40,249.70,51.00
2026-08-20 11:51:03,11:46:56,6.65,-0.01,4.05,39.,238.90,249.70,51.00
2026-08-20 11:51:44,11:47:56,6.67,0.00,3.95,39.,237.80,249.70,51.00
2026-08-20 11:53:04,11:48:56,6.67,0.03,3.86,40.,247.90,249.80,51.00
2026-08-20 11:53:44,11:49:56,6.63,0.04,4.03,40.,243.80,249.70,51.00
2026-08-20 11:55:04,11:50:57,6.77,0.05,4.13,42.,244.00,249.70,51.00
2026-08-20 11:55:45,11:51:57,6.74,-0.01,4.11,42.,238.20,249.70,51.00
2026-08-20 11:57:05,11:52:57,6.82,1.03,5.11,42.,237.60,249.70,51.00
2026-08-20 11:57:45,11:53:57,6.84,-0.03,4.17,43.,241.00,249.70,51.00
2026-08-20 11:59:06,11:54:57,6.92,0.02,4.30,43.,239.70,249.80,51.00
2026-08-20 11:59:46,11:55:57,6.66,0.03,4.15,43.,239.30,249.70,51.00
2026-08-20 12:01:06,11:56:57,6.91,0.00,4.19,44.,239.10,249.80,51.00
2026-08-20 12:01:46,11:57:57,6.83,-0.08,3.73,44.,241.20,250.00,51.00
2026-08-20 12:03:07,11:58:57,6.97,0.00,3.54,44.,242.10,250.40,51.00
2026-08-20 12:03:47,11:59:57,7.01,0.19,3.98,45.,246.20,250.10,51.00
2026-08-20 12:04:27,12:00:57,6.96,0.13,3.97,45.,245.30,250.10,51.00
2026-08-20 12:05:48,12:01:57,7.05,0.17,3.97,46.,244.70,250.30,51.00
2026-08-20 12:06:28,12:02:57,6.91,0.12,3.89,46.,240.80,250.10,51.00
2026-08-20 12:07:48,12:03:57,7.07,0.12,4.09,47.,240.20,250.10,51.00
2026-08-20 12:10:29,12:06:58,7.10,0.14,4.09,48.,246.60,250.30,51.00
2026-08-20 12:11:50,12:07:58,7.02,0.18,4.33,48.,239.70,250.10,51.00
2026-08-20 12:12:30,12:08:58,7.02,0.04,5.12,48.,237.60,249.40,51.00
2026-08-20 12:13:50,12:09:58,7.11,0.01,5.26,50.,244.40,249.30,52.00
2026-08-20 12:14:30,12:10:58,7.08,0.06,5.33,50.,246.60,249.10,52.00
2026-08-20 12:15:51,12:11:58,7.10,-0.06,4.32,50.,243.60,249.80,52.00
2026-08-20 12:16:31,12:12:58,7.16,0.06,4.20,51.,244.00,250.10,52.00
2026-08-20 12:17:51,12:13:58,7.11,-0.04,4.22,51.,239.30,250.10,52.00
2026-08-20 12:18:31,12:14:58,7.20,0.00,4.23,51.,239.70,250.30,52.00
2026-08-20 12:19:52,12:15:58,7.18,0.00,4.23,52.,238.90,250.30,52.00
2026-08-20 12:21:53,12:17:58,7.08,0.03,4.21,53.,245.30,250.10,52.00
2026-08-20 12:22:33,12:18:58,6.96,0.06,4.15,53.,244.70,250.30,52.00
2026-08-20 12:23:53,12:19:59,6.74,0.25,5.32,53.,249.20,249.70,52.00
2026-08-20 12:24:33,12:20:59,7.16,0.14,5.26,54.,248.30,249.70,52.00
2026-08-20 12:25:54,12:21:59,7.29,0.09,4.58,54.,245.70,250.30,52.00
2026-08-20 12:26:34,12:22:59,7.26,0.12,4.56,54.,246.20,250.30,52.00
2026-08-20 12:27:54,12:23:59,7.46,0.10,4.63,55.,243.80,250.70,52.00
2026-08-20 12:28:35,12:24:59,6.92,0.08,4.45,55.,244.90,250.40,52.00
2026-08-20 12:29:55,12:25:59,7.36,0.13,4.61,55.,244.90,250.40,52.00
2026-08-20 12:30:35,12:26:59,7.40,0.15,4.27,56.,247.20,251.00,52.00
2026-08-20 12:31:56,12:27:59,7.27,0.22,4.66,56.,250.90,251.00,52.00
2026-08-20 12:32:36,12:28:59,7.39,0.35,5.19,56.,249.60,250.60,52.00
2026-08-20 12:33:56,12:29:59,7.48,0.24,5.14,57.,249.80,250.70,52.00
2026-08-20 12:34:36,12:30:59,7.42,0.23,5.05,57.,248.50,250.90,52.00
2026-08-20 12:35:57,12:31:59,7.59,0.26,5.04,59.,249.20,251.00,52.00
2026-08-20 12:36:37,12:32:59,7.43,0.27,5.14,59.,249.60,251.00,52.00
2026-08-20 12:37:57,12:34:00,7.69,0.23,4.98,59.,249.60,251.10,52.00
2026-08-20 12:38:37,12:35:00,2.74,0.22,4.98,59.,239.10,247.70,53.00
2026-08-20 12:39:58,12:36:00,4.77,0.20,5.16,59.,248.50,248.40,53.00
2026-08-20 12:40:38,12:37:00,6.12,0.44,4.90,59.,244.00,248.00,53.00
2026-08-20 12:41:59,12:38:00,7.97,0.14,6.12,59.,248.30,249.80,54.00
2026-08-20 12:42:39,12:39:00,6.34,5.47,5.60,60.,241.20,253.60,50.00
2026-08-20 12:43:59,12:40:00,5.42,4.89,4.94,61.,243.40,254.30,48.00
2026-08-20 12:44:39,12:41:00,2.00,4.76,4.81,61.,233.50,251.10,46.00
2026-08-20 12:46:00,12:42:00,6.99,4.74,5.17,61.,237.60,254.50,45.00
2026-08-20 12:46:40,12:43:00,6.98,4.80,5.11,62.,244.70,254.90,44.00
2026-08-20 12:48:00,12:44:00,8.04,3.74,5.16,63.,247.20,254.60,44.00
2026-08-20 12:48:40,12:45:00,7.94,2.02,5.17,64.,249.40,253.50,45.00
2026-08-20 12:50:41,12:46:00,3.57,0.29,4.73,64.,249.60,249.70,47.00
2026-08-20 12:58:03,12:47:00,8.04,0.11,5.36,65.,250.40,251.70,49.00
2026-08-20 12:58:43,12:48:01,7.92,0.18,5.29,65.,251.10,251.70,49.00
2026-08-20 13:00:04,12:49:01,7.96,0.09,5.29,65.,250.90,251.40,50.00
2026-08-20 13:00:44,12:50:01,5.34,0.03,5.84,65.,245.30,249.70,51.00
2026-08-20 13:02:04,12:51:01,7.87,0.00,5.11,67.,251.30,251.70,51.00
2026-08-20 13:02:44,12:52:01,7.58,0.73,5.95,67.,250.00,251.40,51.00
2026-08-20 13:04:05,12:53:01,7.74,-0.46,5.75,67.,252.80,251.00,52.00
2026-08-20 13:04:45,12:54:01,6.99,3.97,4.29,68.,243.40,254.80,49.00
2026-08-20 13:06:05,12:58:01,6.93,5.90,6.16,72.,242.50,254.90,44.00
2026-08-20 13:06:46,13:01:01,7.43,2.00,6.31,75.,247.90,252.20,46.00
2026-08-20 13:08:06,13:03:02,7.52,0.21,7.11,75.,247.40,249.80,51.00
2026-08-20 13:08:46,13:04:02,7.47,0.21,7.14,75.,248.30,249.70,52.00
2026-08-20 13:10:07,13:05:02,7.56,0.00,5.46,75.,245.70,250.90,53.00
2026-08-20 13:10:47,13:06:02,7.61,0.16,5.54,76.,247.90,251.10,53.00
2026-08-20 13:12:07,13:07:02,7.63,0.16,5.46,76.,248.70,251.30,53.00
2026-08-20 13:12:47,13:08:02,7.66,0.18,5.36,76.,250.20,251.40,53.00
2026-08-20 13:13:27,13:09:02,6.94,4.76,5.04,77.,246.20,254.50,51.00
2026-08-20 13:14:48,13:10:02,7.01,4.86,5.18,78.,238.50,255.50,48.00
2026-08-20 13:15:28,13:11:02,6.94,4.88,5.13,79.,241.90,255.60,46.00
2026-08-20 13:16:48,13:12:02,6.97,5.01,5.29,80.,240.60,255.60,45.00
2026-08-20 13:17:28,13:13:02,6.96,4.95,5.22,81.,241.20,255.60,45.00
2026-08-20 13:18:49,13:14:02,7.02,4.95,5.27,82.,239.70,255.80,44.00
2026-08-20 13:19:29,13:15:02,6.92,4.20,5.26,84.,245.50,255.00,43.00
2026-08-20 13:21:30,13:17:03,7.34,2.20,6.97,85.,247.40,252.60,47.00
2026-08-20 13:22:50,13:18:03,7.37,2.15,6.43,86.,250.60,252.20,49.00
2026-08-20 13:23:30,13:19:03,7.45,-0.02,6.36,87.,251.10,251.00,50.00
2026-08-20 13:24:51,13:20:03,7.44,3.25,6.11,88.,251.30,254.50,49.00
2026-08-20 13:25:31,13:21:03,5.59,3.50,6.21,90.,250.40,253.50,49.00
2026-08-20 13:26:51,13:22:03,5.37,3.65,6.13,92.,251.70,253.60,49.00
2026-08-20 13:27:31,13:23:03,5.28,3.94,6.33,94.,251.30,254.00,48.00
2026-08-20 13:28:52,13:24:03,3.12,5.89,6.11,95.,247.20,254.50,48.00
2026-08-20 13:29:32,13:25:03,3.17,4.43,4.70,97.,244.90,255.20,45.00
2026-08-20 13:30:53,13:26:03,3.16,4.43,4.67,98.,245.90,256.30,44.00
2026-08-20 13:31:33,13:27:03,0.05,4.81,4.84,100,243.80,252.40,43.00
2026-08-20 13:32:53,13:28:03,0.05,5.36,5.39,100,242.10,251.30,43.00
2026-08-20 13:33:34,13:29:03,0.05,5.53,5.56,100,242.50,250.90,42.00
2026-08-20 13:34:54,13:30:03,0.05,5.52,5.55,100,240.80,250.30,42.00
2026-08-20 13:35:34,13:31:04,0.05,5.53,5.56,100,241.70,250.10,41.00
2026-08-20 13:36:54,13:32:04,0.05,5.49,5.52,100,241.20,250.00,41.00
2026-08-20 13:37:35,13:33:04,0.05,5.41,5.44,100,241.00,250.00,41.00
2026-08-20 13:38:55,13:34:04,1.65,3.66,5.31,100,242.30,249.80,41.00
2026-08-20 13:39:35,13:35:04,3.56,1.92,5.48,100,246.80,249.70,42.00
2026-08-20 13:40:56,13:36:04,5.30,0.24,5.54,100,248.50,249.60,45.00
2026-08-20 13:41:36,13:37:04,7.07,-1.59,5.48,100,250.90,249.60,48.00
2026-08-20 13:42:56,13:38:04,7.17,-2.03,5.14,100,250.60,249.40,49.00
2026-08-20 13:43:36,13:39:04,7.26,-2.10,5.16,100,248.90,249.30,51.00
2026-08-20 13:44:57,13:40:04,7.14,-2.10,5.04,100,252.60,249.30,52.00
2026-08-20 13:45:37,13:41:04,6.79,-2.03,4.76,100,250.90,249.30,52.00
2026-08-20 13:46:57,13:42:04,7.05,-2.26,4.79,100,250.20,249.40,53.00
2026-08-20 13:47:37,13:43:04,0.05,6.00,6.05,100,244.00,249.30,48.00
2026-08-20 13:48:58,13:44:04,0.05,5.95,6.00,100,243.20,249.30,46.00
2026-08-20 13:49:38,13:45:04,0.05,4.46,4.51,100,243.60,249.30,44.00
2026-08-20 13:50:58,13:46:05,0.05,4.44,4.49,100,244.00,249.30,43.00
2026-08-20 13:51:39,13:47:05,0.05,4.30,4.35,100,244.90,249.30,43.00
2026-08-20 13:52:59,13:48:05,0.05,4.26,4.31,100,243.60,249.30,42.00
2026-08-20 13:53:39,13:49:05,0.05,4.28,4.33,100,245.70,249.30,41.00
2026-08-20 13:55:00,13:50:05,2.30,2.32,4.62,100,247.00,249.10,42.00
2026-08-20 13:55:40,13:51:05,4.04,0.96,5.00,100,246.40,249.10,44.00
2026-08-20 13:57:00,13:52:05,5.81,-0.68,5.13,100,246.60,249.10,46.00
2026-08-20 13:57:41,13:53:05,7.08,-2.02,5.06,100,247.40,249.10,49.00
2026-08-20 13:59:01,13:54:05,7.21,-2.36,4.85,100,248.90,249.10,50.00
2026-08-20 13:59:41,13:55:05,7.11,-2.50,4.61,100,248.70,249.10,51.00
2026-08-20 14:01:02,13:56:05,7.12,-2.55,4.57,100,242.90,249.10,52.00
2026-08-20 14:01:42,13:57:05,7.05,-2.23,4.82,100,243.60,249.10,53.00
2026-08-20 14:03:02,13:58:05,7.16,-2.42,4.74,100,243.20,249.10,54.00
2026-08-20 14:03:42,13:59:06,0.05,4.41,4.46,100,235.00,249.10,48.00
2026-08-20 14:05:03,14:00:06,0.05,4.40,4.45,100,235.70,249.10,46.00
2026-08-20 14:05:43,14:01:06,0.05,4.46,4.51,100,234.00,249.10,44.00
2026-08-20 14:07:04,14:02:06,0.05,4.44,4.49,100,239.10,249.10,43.00
2026-08-20 14:07:44,14:03:06,0.05,4.33,4.38,100,239.70,249.10,43.00
2026-08-20 14:09:05,14:04:06,0.05,4.42,4.47,100,231.60,249.10,42.00
2026-08-20 14:09:45,14:05:06,0.05,4.48,4.53,100,232.50,249.10,41.00
2026-08-20 14:11:05,14:06:06,2.08,2.22,4.30,100,237.40,249.00,42.00
2026-08-20 14:11:45,14:07:06,3.99,0.26,4.25,100,237.20,249.00,43.00
2026-08-21 11:45:05,11:40:56,3.52,-0.35,3.17,1.0,233.30,0.40,44.00
2026-08-21 11:45:45,11:41:56,3.83,-0.75,3.08,1.0,233.70,0.40,45.00
2026-08-21 11:47:05,11:42:56,3.99,-0.92,3.07,1.0,235.90,0.40,46.00
2026-08-21 11:47:46,11:43:56,4.98,2.58,2.98,1.0,235.00,245.10,47.00
2026-08-21 11:49:06,11:44:56,5.80,0.01,2.96,2.0,239.70,246.10,47.00
2026-08-21 11:49:46,11:45:56,3.83,0.00,3.27,2.0,239.10,244.20,47.00
2026-08-21 11:51:06,11:46:56,4.82,0.07,3.60,2.0,238.20,244.60,47.00
2026-08-21 11:51:47,11:47:56,4.03,0.02,3.44,2.0,233.70,244.40,47.00
2026-08-21 11:53:07,11:48:56,3.71,0.00,3.45,2.0,234.80,244.10,47.00
2026-08-21 11:53:47,11:49:56,3.45,-0.02,3.64,2.0,237.00,243.50,47.00
2026-08-21 11:55:07,11:50:56,4.08,-0.21,3.87,2.0,238.20,0.20,47.00
2026-08-21 11:55:48,11:51:56,4.10,0.02,3.93,2.0,236.70,243.60,47.00
2026-08-21 11:57:08,11:52:56,4.71,0.05,4.06,3.0,239.50,244.50,47.00
2026-08-21 11:57:48,11:53:57,5.59,-0.07,4.18,3.0,242.70,245.20,47.00
2026-08-21 11:59:09,11:54:57,6.68,-0.02,3.04,3.0,241.90,247.00,47.00
2026-08-21 11:59:49,11:55:57,3.97,0.07,3.46,3.0,235.20,245.10,47.00
2026-08-21 12:01:50,11:57:57,3.90,-0.17,3.12,3.0,237.40,244.80,47.00
2026-08-21 12:03:10,11:58:57,3.20,0.00,3.06,3.0,234.60,244.50,46.00
2026-08-21 12:03:50,11:59:57,2.92,0.02,2.90,3.0,235.90,244.20,46.00
2026-08-21 12:05:11,12:00:57,2.95,-0.02,2.93,3.0,236.10,0.20,46.00
2026-08-21 12:05:51,12:01:57,2.86,-0.01,2.99,3.0,236.10,243.90,46.00
2026-08-21 12:06:31,12:02:57,2.93,0.03,2.96,3.0,235.70,0.40,46.00
2026-08-21 12:07:52,12:03:57,3.06,0.21,3.10,3.0,236.70,244.10,45.00
2026-08-21 12:08:32,12:04:57,3.43,0.00,3.02,3.0,240.40,244.20,45.00
2026-08-21 12:09:52,12:05:57,4.75,0.02,3.08,4.0,240.80,245.40,45.00
2026-08-21 12:10:33,12:06:57,3.04,0.24,3.59,4.0,233.70,243.90,45.00
2026-08-21 12:11:53,12:07:58,2.72,0.59,3.62,4.0,233.70,243.60,45.00
2026-08-21 12:12:33,12:08:58,2.54,1.00,3.54,4.0,232.00,0.40,45.00
2026-08-21 12:13:53,12:09:58,2.42,1.06,3.48,4.0,233.50,0.40,45.00
2026-08-21 12:14:33,12:10:58,2.50,0.84,3.34,4.0,229.30,0.40,44.00
2026-08-21 12:15:54,12:11:58,2.69,0.67,3.36,4.0,228.80,0.40,44.00
2026-08-21 12:16:35,12:12:58,2.82,0.53,3.35,4.0,228.00,0.40,44.00
2026-08-21 12:17:55,12:13:58,3.17,0.26,3.43,4.0,233.30,0.40,44.00
2026-08-21 12:18:35,12:14:58,3.95,-0.28,3.67,4.0,239.10,0.40,45.00
2026-08-21 12:19:55,12:15:58,6.54,0.30,3.84,4.0,241.70,246.20,46.00
2026-08-21 12:20:35,12:16:58,7.65,-0.02,3.87,4.0,239.70,247.70,46.00
2026-08-21 12:21:56,12:17:58,6.60,0.03,3.66,5.0,239.10,247.50,46.00
2026-08-21 12:22:36,12:18:58,8.10,0.10,4.03,5.0,245.70,248.50,46.00
2026-08-21 12:23:56,12:19:58,7.86,0.10,4.01,6.0,245.10,248.50,46.00
2026-08-21 12:24:36,12:20:58,7.81,0.06,4.10,6.0,244.70,248.40,46.00
2026-08-21 12:25:57,12:21:59,7.61,0.06,4.07,7.0,247.40,248.50,46.00
2026-08-21 12:26:37,12:22:59,7.36,0.01,4.02,7.0,243.40,248.40,46.00
2026-08-21 12:27:57,12:23:59,7.45,-0.04,3.61,9.0,247.40,248.70,46.00
2026-08-21 12:28:37,12:24:59,7.43,0.15,3.73,9.0,247.00,248.80,46.00
2026-08-21 12:29:58,12:25:59,7.20,0.16,3.46,10.,246.80,249.10,46.00
2026-08-21 12:30:38,12:26:59,7.43,0.06,3.11,10.,244.20,249.40,46.00
2026-08-21 12:31:58,12:27:59,7.35,0.06,3.15,11.,240.80,249.40,46.00
2026-08-21 12:32:38,12:28:59,7.32,0.11,2.99,11.,248.10,249.60,46.00
2026-08-21 12:33:59,12:29:59,7.27,0.12,3.36,12.,246.20,249.70,46.00
2026-08-21 12:34:39,12:30:59,6.29,0.07,2.98,13.,241.90,249.10,46.00
2026-08-21 12:35:59,12:31:59,6.96,0.08,3.20,13.,245.50,249.70,46.00
2026-08-21 12:36:40,12:32:59,7.10,0.08,3.06,14.,243.40,249.70,46.00
2026-08-21 12:38:00,12:33:59,7.30,0.14,3.27,14.,247.20,249.80,46.00
2026-08-21 12:38:40,12:34:59,7.32,0.09,3.92,15.,245.90,249.40,46.00
2026-08-21 12:40:01,12:36:00,5.73,0.02,3.97,15.,245.50,248.00,46.00
2026-08-21 12:40:41,12:37:00,5.92,-0.01,3.73,15.,238.70,248.40,46.00
2026-08-21 12:42:01,12:38:00,7.47,0.03,3.83,17.,245.90,249.70,46.00
2026-08-21 12:42:41,12:39:00,7.35,0.04,3.75,17.,245.50,249.80,46.00
2026-08-21 12:44:02,12:40:00,6.80,-0.05,3.56,18.,239.70,249.60,46.00
2026-08-21 12:46:02,12:42:00,6.88,0.01,3.40,18.,244.40,249.70,46.00
2026-08-21 12:48:03,12:43:00,5.96,0.01,3.46,19.,244.70,249.00,46.00
2026-08-21 12:52:44,12:44:00,6.97,0.01,3.51,19.,244.00,249.70,46.00
2026-08-21 12:54:05,12:45:00,7.20,0.03,3.59,20.,242.50,250.00,47.00
2026-08-21 12:56:05,12:46:00,7.27,0.07,4.10,20.,246.60,249.60,47.00
2026-08-21 12:56:45,12:47:00,6.53,0.08,3.97,21.,245.50,249.10,47.00
2026-08-21 12:58:06,12:48:00,6.97,0.04,4.05,21.,244.70,249.60,47.00
2026-08-21 12:58:46,12:49:00,7.02,0.10,3.98,21.,244.40,249.70,48.00
2026-08-21 13:00:06,12:50:01,7.30,-0.03,3.52,22.,248.70,250.10,48.00
2026-08-21 13:00:46,12:51:01,7.31,0.13,3.74,22.,251.90,250.00,48.00
2026-08-21 13:02:07,12:52:01,7.36,0.18,3.59,23.,248.30,250.10,48.00
2026-08-21 13:02:47,12:53:01,7.30,0.15,3.63,23.,249.60,250.00,48.00
2026-08-21 13:04:07,12:54:01,7.28,0.16,3.49,25.,249.80,250.10,48.00
2026-08-21 13:04:47,12:56:01,7.46,0.19,3.80,26.,248.90,250.30,48.00
2026-08-21 13:06:08,12:58:01,7.11,0.09,3.02,27.,245.30,250.40,48.00
2026-08-21 13:06:48,12:59:01,7.12,0.08,2.95,27.,246.60,250.40,48.00
2026-08-21 13:08:09,13:01:01,7.26,0.10,3.99,28.,245.70,249.70,48.00
2026-08-21 13:12:10,13:03:01,7.05,0.04,3.92,29.,245.30,249.70,48.00
2026-08-21 13:12:50,13:05:02,7.32,0.05,3.88,30.,247.00,249.80,48.00
2026-08-21 13:14:10,13:07:02,7.36,0.03,3.80,31.,243.40,250.00,48.00
2026-08-21 13:14:51,13:09:02,7.33,0.05,3.73,32.,243.20,250.00,48.00
2026-08-21 13:16:11,13:11:02,7.21,0.02,3.51,34.,246.20,250.00,48.00
2026-08-21 13:16:51,13:12:02,7.34,0.01,3.53,35.,245.90,250.00,48.00
2026-08-21 13:18:12,13:13:02,7.37,0.05,3.60,35.,245.10,250.10,48.00
2026-08-21 13:18:52,13:14:02,7.38,0.11,3.26,36.,245.70,250.10,48.00
2026-08-21 13:19:32,13:15:02,7.40,0.09,3.24,36.,246.40,250.40,48.00
2026-08-21 13:20:52,13:16:02,7.29,0.11,3.70,37.,244.40,250.10,48.00
2026-08-21 13:21:32,13:17:02,7.34,0.07,3.66,37.,248.90,250.00,48.00
2026-08-21 13:22:53,13:18:02,7.31,0.19,3.90,38.,248.30,250.00,48.00
2026-08-21 13:23:33,13:19:03,7.20,0.11,3.84,38.,247.90,249.80,48.00
2026-08-21 13:24:53,13:20:03,7.27,0.13,3.83,39.,245.70,249.80,48.00
2026-08-21 13:25:34,13:21:03,7.27,0.10,3.72,39.,246.20,250.00,48.00
2026-08-21 13:26:54,13:22:03,7.29,0.09,3.73,40.,246.20,250.00,48.00
2026-08-21 13:27:34,13:23:03,7.16,0.13,3.79,40.,245.90,250.00,48.00
2026-08-21 13:28:55,13:24:03,7.32,0.34,4.34,40.,245.50,249.80,49.00
2026-08-21 13:29:35,13:25:03,7.30,0.03,4.36,42.,243.40,249.40,49.00
2026-08-21 13:30:56,13:26:03,7.21,0.00,4.22,42.,246.80,249.60,49.00
2026-08-21 13:31:37,13:27:03,7.32,0.00,3.77,43.,244.40,250.00,49.00
2026-08-21 13:32:57,13:28:03,7.12,0.02,3.69,43.,244.00,250.10,49.00
2026-08-21 13:33:37,13:29:03,7.35,0.00,3.63,44.,241.50,250.10,49.00
2026-08-21 13:34:58,13:30:03,7.47,0.01,3.71,44.,243.80,250.10,49.00
2026-08-21 13:35:38,13:31:03,7.27,0.05,3.92,45.,242.30,250.00,49.00
2026-08-21 13:36:58,13:32:03,7.46,0.07,3.91,45.,242.70,250.10,49.00
2026-08-21 13:37:38,13:33:04,7.35,0.07,3.92,46.,243.60,250.10,49.00
2026-08-21 13:38:59,13:34:04,7.45,0.02,3.92,46.,242.70,250.10,49.00
2026-08-21 13:39:39,13:35:04,7.73,0.06,4.04,46.,241.90,250.10,49.00
2026-08-21 13:40:59,13:36:04,7.99,0.05,4.06,47.,243.40,250.40,49.00
2026-08-21 13:41:39,13:37:04,6.72,-0.05,3.98,47.,233.10,249.10,49.00
2026-08-21 13:43:00,13:38:04,7.81,0.02,3.43,48.,241.00,250.90,50.00
2026-08-21 13:43:40,13:39:04,7.99,0.02,3.52,48.,239.10,251.00,50.00
2026-08-21 13:45:01,13:40:04,8.03,0.07,3.46,50.,243.80,251.00,50.00
2026-08-21 13:45:41,13:41:04,1.34,-0.06,3.39,50.,232.70,246.40,50.00
2026-08-21 13:47:02,13:42:04,1.03,0.00,3.16,50.,231.00,245.40,50.00
2026-08-21 13:47:42,13:43:04,1.07,-0.08,3.07,50.,231.20,244.90,50.00
2026-08-21 13:49:02,13:44:04,1.15,0.00,3.27,48.,228.80,244.60,49.00
2026-08-21 13:49:42,13:45:04,1.15,-0.03,3.24,48.,231.40,244.50,49.00
2026-08-21 13:51:03,13:46:04,1.28,-0.02,3.79,48.,231.40,244.20,49.00
2026-08-21 13:51:43,13:47:05,1.40,-0.06,3.71,48.,233.30,244.20,49.00
2026-08-21 13:53:03,13:48:05,1.41,0.01,4.34,47.,229.50,243.60,49.00
2026-08-21 13:53:43,13:49:05,1.52,-0.06,4.47,47.,229.50,243.50,49.00
2026-08-21 13:55:04,13:50:05,1.71,-0.12,4.36,46.,230.10,243.50,50.00
2026-08-21 13:55:44,13:51:05,1.54,-0.06,4.28,46.,229.50,243.50,50.00
2026-08-21 13:57:04,13:52:05,1.47,-0.07,4.27,46.,231.40,243.30,50.00
2026-08-21 13:57:45,13:53:05,1.54,-0.09,4.24,45.,230.50,243.30,50.00
2026-08-21 13:59:05,13:54:05,1.37,-0.06,4.18,45.,230.50,243.20,50.00
2026-08-21 13:59:45,13:55:05,1.01,-0.09,3.96,44.,230.50,243.20,50.00
2026-08-21 14:01:05,13:56:05,0.86,-0.06,3.91,44.,228.40,243.10,50.00
2026-08-21 14:01:46,13:57:05,0.81,-0.19,3.29,44.,230.80,243.30,50.00
2026-08-21 14:03:06,13:58:05,0.77,-0.05,3.23,43.,229.30,243.50,50.00
2026-08-21 14:03:46,13:59:05,0.90,-0.10,3.25,43.,231.00,243.50,50.00
2026-08-21 14:05:07,14:00:05,1.29,-0.07,3.31,43.,231.00,243.80,50.00
2026-08-21 14:05:47,14:01:06,1.65,-0.02,3.02,42.,233.70,244.40,49.00
2026-08-21 14:07:07,14:02:06,2.54,0.02,3.02,42.,236.70,245.10,49.00
2026-08-21 14:07:47,14:03:06,2.01,-0.03,3.08,42.,234.60,244.60,49.00
2026-08-21 14:09:08,14:04:06,1.84,-0.02,3.18,42.,231.00,244.50,49.00
2026-08-21 14:09:48,14:05:06,1.97,-0.03,2.79,42.,234.40,244.80,49.00
2026-08-21 14:11:08,14:06:06,2.01,0.00,2.76,42.,233.30,244.90,48.00
2026-08-21 14:11:49,14:07:06,1.85,-0.07,2.68,40.,235.50,244.90,48.00
2026-08-22 11:45:05,11:40:55,6.95,0.04,2.69,55.,245.30,251.40,47.00
2026-08-22 11:45:45,11:41:55,6.90,0.08,2.81,56.,246.20,251.60,47.00
2026-08-22 11:47:05,11:42:56,6.93,0.03,2.81,56.,244.70,251.60,47.00
2026-08-22 11:47:45,11:43:56,6.81,0.39,3.33,57.,247.20,251.60,47.00
2026-08-22 11:49:06,11:44:56,6.99,0.06,3.09,57.,248.90,251.40,47.00
2026-08-22 11:49:46,11:45:56,6.96,0.06,3.00,59.,245.50,251.60,47.00
2026-08-22 11:51:06,11:46:56,6.97,0.15,3.48,59.,245.70,251.40,47.00
2026-08-22 11:51:46,11:47:56,6.93,0.09,3.53,60.,248.10,251.40,47.00
2026-08-22 11:53:07,11:48:56,6.89,0.15,3.63,60.,247.40,251.40,47.00
2026-08-22 11:53:47,11:49:56,7.02,0.03,4.37,61.,243.80,251.00,48.00
2026-08-22 11:55:07,11:50:56,6.93,-0.12,4.20,61.,246.80,251.00,48.00
2026-08-22 11:55:47,11:51:56,7.11,0.01,4.39,61.,245.50,251.10,49.00
2026-08-22 11:57:08,11:52:56,7.04,0.04,4.25,62.,244.90,251.30,49.00
2026-08-22 11:57:48,11:53:56,6.85,0.03,4.20,62.,245.50,251.40,49.00
2026-08-22 11:59:08,11:54:56,7.02,0.06,4.24,62.,245.50,251.40,49.00
2026-08-22 11:59:49,11:55:56,6.85,0.07,3.75,63.,244.40,251.70,49.00
2026-08-22 12:01:09,11:56:57,6.97,0.03,3.91,63.,243.80,252.00,49.00
2026-08-22 12:01:49,11:57:57,7.12,0.01,3.80,64.,245.90,252.20,49.00
2026-08-22 12:03:10,11:58:57,7.03,0.02,3.67,64.,246.60,252.30,49.00
2026-08-22 12:03:50,11:59:57,7.01,0.07,3.81,64.,244.70,252.30,49.00
2026-08-22 12:05:10,12:00:57,7.08,0.02,3.74,65.,244.00,252.30,49.00
2026-08-22 12:05:50,12:01:57,7.11,0.05,3.92,65.,244.00,252.30,49.00
2026-08-22 12:07:11,12:02:57,7.13,1.03,4.86,67.,244.90,252.30,49.00
2026-08-22 12:07:51,12:03:57,6.98,0.02,4.08,67.,245.50,252.30,49.00
2026-08-22 12:09:11,12:04:57,7.05,0.03,4.03,68.,248.30,252.30,49.00
2026-08-22 12:09:51,12:05:57,6.98,0.06,4.14,68.,246.20,252.30,49.00
2026-08-22 12:11:12,12:06:57,7.10,0.14,4.62,68.,249.80,251.90,50.00
2026-08-22 12:11:52,12:07:57,7.17,-0.03,3.81,69.,247.00,252.30,50.00
2026-08-22 12:13:12,12:08:57,7.20,0.04,3.83,69.,247.00,252.60,50.00
2026-08-22 12:13:52,12:09:57,7.40,0.05,3.97,70.,242.90,252.60,50.00
2026-08-22 12:15:13,12:10:58,6.95,0.02,3.80,71.,247.40,252.40,50.00
2026-08-22 12:15:53,12:11:58,4.26,-0.12,3.67,71.,237.20,249.70,50.00
2026-08-22 12:17:13,12:12:58,3.28,0.28,4.60,71.,242.50,248.70,50.00
2026-08-22 12:17:54,12:13:58,8.15,0.01,4.33,71.,246.80,252.20,50.00
2026-08-22 12:19:14,12:14:58,8.12,0.00,4.40,71.,245.90,252.30,50.00
2026-08-22 12:19:54,12:15:58,5.89,0.04,4.68,72.,246.60,251.60,50.00
2026-08-22 12:21:15,12:16:58,7.67,0.07,5.81,72.,239.70,250.10,50.00
2026-08-22 12:21:55,12:17:58,1.61,-0.04,4.50,72.,233.70,246.80,50.00
2026-08-22 12:22:35,12:18:58,1.64,-0.09,4.36,71.,232.50,246.50,50.00
2026-08-22 12:23:55,12:19:58,1.70,-0.09,4.31,71.,229.30,246.20,50.00
2026-08-22 12:24:35,12:20:58,1.76,-0.10,4.26,71.,231.20,246.20,50.00
2026-08-22 12:25:56,12:21:58,1.48,-0.02,3.84,70.,236.50,246.20,50.00
2026-08-22 12:26:36,12:22:58,1.38,0.04,3.73,70.,237.40,246.20,50.00
2026-08-22 12:27:57,12:23:58,1.29,-0.05,3.30,70.,236.50,246.40,50.00
2026-08-22 12:28:37,12:24:58,1.36,0.00,3.33,69.,236.10,246.50,50.00
2026-08-22 12:29:57,12:25:59,1.58,0.04,3.46,69.,237.60,246.50,50.00
2026-08-22 12:30:37,12:26:59,1.65,0.96,4.38,69.,237.60,246.50,49.00
2026-08-22 12:31:58,12:27:59,1.75,0.00,3.64,69.,237.60,246.50,49.00
2026-08-22 12:32:38,12:28:59,1.72,0.05,3.32,68.,237.60,246.70,49.00
2026-08-22 12:33:58,12:29:59,2.26,0.04,3.50,68.,240.60,246.80,49.00
2026-08-22 12:34:38,12:30:59,4.80,0.09,4.72,68.,243.80,248.40,49.00
2026-08-22 12:35:59,12:31:59,1.78,0.19,3.84,68.,232.90,247.10,49.00
2026-08-22 12:36:39,12:32:59,1.82,0.02,4.57,68.,235.20,245.90,49.00
2026-08-22 12:37:59,12:33:59,1.82,-0.05,4.44,68.,237.00,245.80,49.00
2026-08-22 12:38:39,12:34:59,1.84,-0.05,4.41,67.,234.40,245.70,49.00
2026-08-22 12:40:00,12:35:59,2.10,-0.02,4.14,67.,235.00,245.90,49.00
2026-08-22 12:40:40,12:36:59,2.35,-0.03,4.21,67.,237.00,246.10,49.00
2026-08-22 12:42:00,12:37:59,1.91,-0.03,6.00,67.,238.90,245.20,50.00
2026-08-22 12:42:40,12:38:59,2.07,0.09,5.87,65.,242.10,244.80,51.00
2026-08-22 12:44:01,12:40:00,4.93,-0.02,5.67,65.,242.30,246.40,51.00
2026-08-22 12:44:41,12:41:00,2.10,0.08,6.33,65.,239.50,244.40,52.00
2026-08-22 12:46:01,12:42:00,8.72,0.05,5.96,65.,248.70,249.10,52.00
2026-08-22 12:46:42,12:43:00,5.12,-0.03,5.05,64.,241.70,247.00,52.00
2026-08-22 12:48:02,12:44:00,3.59,0.10,5.31,64.,241.50,247.00,53.00
2026-08-22 12:48:43,12:45:00,6.33,5.57,5.77,65.,245.50,251.70,52.00
2026-08-22 12:50:03,12:46:00,6.99,5.64,5.98,65.,244.20,253.90,47.00
2026-08-22 12:50:44,12:47:00,6.99,5.68,6.01,67.,243.40,254.60,45.00
2026-08-22 12:52:44,12:48:00,6.96,5.68,5.97,68.,243.40,254.90,44.00
2026-08-22 12:54:45,12:49:00,2.71,4.26,4.58,69.,231.60,252.20,43.00
2026-08-22 12:56:05,12:50:00,2.07,4.22,4.28,69.,232.70,252.00,43.00
2026-08-22 12:56:45,12:51:00,1.79,4.16,4.22,70.,235.50,251.40,42.00
2026-08-22 12:58:06,12:52:00,1.78,1.91,4.01,70.,235.50,249.70,42.00
2026-08-22 12:58:46,12:53:00,1.86,0.05,3.69,70.,235.70,248.30,44.00
2026-08-22 13:00:06,12:54:01,1.89,0.00,3.57,70.,235.50,248.00,45.00
2026-08-22 13:00:46,12:55:01,1.88,-0.02,3.47,70.,238.70,247.70,45.00
2026-08-22 13:02:07,12:56:01,2.57,0.01,3.34,69.,240.00,247.80,45.00
2026-08-22 13:02:47,12:57:01,2.87,0.04,3.28,70.,247.00,249.30,45.00
2026-08-22 13:04:07,12:58:01,2.83,0.05,3.35,70.,240.40,249.30,45.00
2026-08-22 13:04:48,13:00:01,2.05,0.02,3.41,70.,236.70,248.40,46.00
2026-08-22 13:06:08,13:01:01,1.79,0.61,5.01,70.,243.60,246.80,46.00
2026-08-22 13:06:48,13:02:01,3.54,0.14,5.06,69.,246.20,246.80,47.00
2026-08-22 13:08:09,13:03:01,2.96,-2.98,5.66,70.,247.90,246.10,47.00
2026-08-22 13:08:49,13:04:01,7.61,1.21,5.41,70.,252.40,251.30,49.00
2026-08-22 13:10:09,13:05:01,8.03,-0.11,5.65,70.,246.40,250.40,49.00
2026-08-22 13:10:49,13:06:01,8.26,2.31,5.66,70.,251.50,254.00,49.00
2026-08-22 13:12:10,13:07:01,8.02,-0.26,5.75,71.,251.70,253.00,49.00
2026-08-22 13:12:50,13:08:02,3.87,-1.45,5.50,72.,248.90,249.40,50.00
2026-08-22 13:14:10,13:09:02,7.02,5.63,5.97,72.,246.40,255.00,49.00
2026-08-22 13:14:51,13:10:02,7.02,4.21,4.54,75.,247.70,255.60,45.00
2026-08-22 13:16:11,13:11:02,6.92,4.14,4.40,76.,239.30,253.60,44.00
2026-08-22 13:16:51,13:12:02,6.95,4.06,4.40,76.,235.00,253.00,43.00
2026-08-22 13:18:12,13:13:02,7.01,4.09,4.42,77.,240.20,255.20,42.00
2026-08-22 13:18:52,13:14:02,6.87,4.09,4.28,78.,241.00,255.20,41.00
2026-08-22 13:20:12,13:15:02,2.43,4.16,4.45,79.,243.40,252.00,41.00
2026-08-22 13:20:52,13:16:02,8.01,3.19,4.53,80.,245.30,255.00,40.00
2026-08-22 13:22:13,13:17:02,8.27,1.56,4.53,80.,244.70,253.90,42.00
2026-08-22 13:22:53,13:18:02,8.29,0.12,4.57,81.,247.20,252.90,44.00
2026-08-22 13:24:13,13:19:02,7.62,-1.59,3.80,81.,250.20,252.00,45.00
2026-08-22 13:24:53,13:20:02,2.23,-0.55,3.61,82.,243.20,248.40,45.00
2026-08-22 13:26:14,13:21:02,8.07,1.01,3.96,82.,253.20,253.70,45.00
2026-08-22 13:26:54,13:22:03,8.37,-0.08,3.53,84.,248.50,253.20,45.00
2026-08-22 13:28:14,13:23:03,3.01,0.04,3.47,84.,244.70,249.60,45.00
2026-08-22 13:28:55,13:24:03,3.16,0.09,3.20,85.,244.20,250.90,45.00
2026-08-22 13:29:35,13:25:03,1.63,0.00,3.63,85.,244.90,248.00,46.00
2026-08-22 13:30:55,13:26:03,8.20,3.49,5.10,85.,252.60,254.80,46.00
2026-08-22 13:31:35,13:27:03,8.25,-0.12,3.49,86.,251.30,253.00,48.00
2026-08-22 13:32:56,13:28:03,1.97,-0.04,3.15,86.,243.60,249.00,47.00
2026-08-22 13:33:36,13:29:03,8.27,0.14,3.92,87.,245.30,253.60,47.00
2026-08-22 13:34:56,13:30:03,1.69,-0.13,3.69,87.,232.90,247.80,47.00
2026-08-22 13:35:37,13:31:03,2.11,-0.01,3.69,87.,237.60,248.50,47.00
2026-08-22 13:36:58,13:32:03,8.38,-0.01,3.80,87.,251.10,252.90,47.00
2026-08-22 13:37:38,13:33:03,3.47,0.01,3.90,88.,244.70,249.80,47.00
2026-08-22 13:38:58,13:34:03,8.40,0.01,3.67,89.,251.10,253.70,47.00
2026-08-22 13:39:38,13:35:03,6.72,-0.07,4.12,89.,241.70,252.60,47.00
2026-08-22 13:40:59,13:36:03,6.20,0.50,3.82,90.,251.70,252.70,47.00
2026-08-22 13:41:39,13:37:04,7.31,-1.25,3.19,94.,251.10,252.60,47.00
2026-08-22 13:42:59,13:38:04,6.51,0.72,4.36,94.,251.50,252.40,48.00
2026-08-22 13:43:39,13:39:04,1.67,-0.01,4.01,94.,237.00,248.10,48.00
2026-08-22 13:45:00,13:40:04,6.20,0.95,4.29,94.,249.20,251.70,48.00
2026-08-22 13:45:40,13:41:04,7.04,0.12,4.28,94.,251.30,252.30,48.00
2026-08-22 13:47:00,13:42:04,2.70,-0.03,4.10,93.,242.10,248.30,49.00
2026-08-22 13:47:41,13:43:04,5.78,1.46,4.38,93.,252.60,251.60,49.00
2026-08-22 13:49:01,13:44:04,5.80,-0.17,3.75,93.,252.10,251.30,48.00
2026-08-22 13:49:41,13:45:04,3.13,3.52,3.77,93.,251.10,252.70,45.00
2026-08-22 13:51:01,13:46:04,3.12,3.52,3.76,93.,250.60,253.30,44.00
2026-08-22 13:51:42,13:47:04,3.10,3.51,3.73,93.,247.70,253.50,43.00
2026-08-22 13:53:02,13:48:04,3.09,3.22,3.42,94.,248.30,253.60,42.00
2026-08-22 13:53:42,13:49:04,2.82,2.60,2.71,94.,239.70,253.50,41.00
2026-08-22 13:55:02,13:50:04,4.18,1.52,2.81,95.,249.40,253.70,41.00
2026-08-22 13:55:43,13:51:05,5.86,-0.42,2.56,95.,248.50,251.60,42.00
2026-08-22 13:57:03,13:52:05,7.19,-1.05,3.27,95.,251.50,252.70,43.00
2026-08-22 13:57:43,13:53:05,5.09,0.48,2.68,95.,251.50,253.70,43.00
2026-08-22 13:59:04,13:54:05,7.86,-0.74,4.25,96.,239.50,254.20,45.00
2026-08-22 13:59:44,13:55:05,7.83,-0.43,4.53,97.,235.00,254.50,46.00
2026-08-22 14:01:04,13:56:05,7.71,-0.15,4.69,97.,239.50,254.80,47.00
2026-08-22 14:01:44,13:57:05,7.71,-0.20,4.63,98.,240.40,255.20,47.00
2026-08-22 14:03:05,13:58:05,7.70,-0.15,4.66,98.,235.70,256.10,48.00
2026-08-22 14:03:45,13:59:05,7.64,-2.96,4.66,100,236.70,252.90,50.00
2026-08-22 14:05:05,14:00:05,0.05,4.44,4.47,100,230.50,251.40,45.00
2026-08-22 14:05:45,14:01:05,0.05,4.15,4.20,100,230.30,251.00,43.00
2026-08-22 14:07:06,14:02:05,0.05,4.12,4.15,100,231.00,250.60,42.00
2026-08-22 14:07:46,14:03:05,0.05,3.89,3.92,100,218.60,250.30,42.00
2026-08-22 14:09:06,14:04:05,0.05,4.34,4.39,100,216.00,250.10,41.00
2026-08-22 14:09:47,14:05:06,0.05,4.27,4.32,100,217.70,250.00,40.00
2026-08-22 14:11:08,14:06:06,0.06,4.05,4.11,100,233.50,249.80,40.00
2026-08-22 14:11:48,14:07:06,0.05,4.53,4.58,100,233.70,249.80,39.00
2026-08-23 11:45:01,11:40:55,6.87,-0.06,4.07,40.,240.60,249.30,48.00
2026-08-23 11:45:41,11:41:55,6.88,0.02,4.29,40.,235.20,249.30,48.00
2026-08-23 11:47:01,11:42:56,6.86,0.12,3.89,40.,241.70,249.70,49.00
2026-08-23 11:47:42,11:43:56,6.91,0.06,3.73,42.,242.90,249.80,49.00
2026-08-23 11:49:02,11:44:56,6.86,0.08,3.92,42.,239.70,249.70,49.00
2026-08-23 11:49:42,11:45:56,6.90,0.01,3.51,43.,245.90,250.00,49.00
2026-08-23 11:51:03,11:46:56,6.88,0.10,3.84,43.,245.10,249.80,49.00
2026-08-23 11:51:43,11:47:56,6.86,0.14,3.91,44.,248.50,249.80,49.00
2026-08-23 11:53:03,11:48:56,6.90,0.10,4.16,44.,245.10,249.80,49.00
2026-08-23 11:53:44,11:49:56,6.80,0.17,4.03,44.,245.10,249.80,49.00
2026-08-23 11:55:04,11:50:56,6.92,0.13,3.58,45.,246.60,250.10,49.00
2026-08-23 11:55:44,11:51:56,6.93,0.06,3.37,45.,248.30,250.30,49.00
2026-08-23 11:57:05,11:52:56,6.85,0.18,4.39,46.,244.00,249.70,49.00
2026-08-23 11:57:45,11:53:56,6.98,-0.20,3.71,46.,242.10,249.80,49.00
2026-08-23 11:59:05,11:54:56,6.98,0.05,3.63,47.,243.60,250.00,49.00
2026-08-23 11:59:45,11:55:56,6.95,0.06,3.41,47.,247.90,250.10,49.00
2026-08-23 12:01:06,11:56:57,6.94,-0.22,3.17,47.,241.50,250.30,49.00
2026-08-23 12:01:46,11:57:57,6.92,0.00,3.35,48.,241.70,250.40,49.00
2026-08-23 12:03:06,11:58:57,7.00,0.03,3.53,48.,246.60,250.30,49.00
2026-08-23 12:03:46,11:59:57,7.02,0.06,3.35,50.,247.00,250.40,49.00
2026-08-23 12:05:07,12:00:57,6.79,0.04,3.25,50.,240.40,250.60,49.00
2026-08-23 12:05:47,12:01:57,7.04,-0.17,3.07,51.,240.60,250.70,49.00
2026-08-23 12:07:07,12:02:57,7.09,0.08,3.36,51.,245.10,250.70,49.00
2026-08-23 12:07:48,12:03:57,6.92,0.04,3.33,52.,238.70,250.70,49.00
2026-08-23 12:09:08,12:04:57,7.05,-0.01,2.83,52.,240.20,251.10,48.00
2026-08-23 12:09:48,12:05:57,6.89,0.09,2.82,53.,245.10,251.10,48.00
2026-08-23 12:11:09,12:06:57,7.09,0.00,3.03,54.,244.90,251.00,48.00
2026-08-23 12:11:49,12:07:57,7.10,0.22,3.84,54.,244.40,250.70,48.00
2026-08-23 12:13:09,12:08:57,7.03,0.13,3.76,55.,243.80,250.70,48.00
2026-08-23 12:13:49,12:09:58,6.95,0.04,3.64,55.,243.60,250.70,48.00
2026-08-23 12:15:10,12:10:58,7.00,0.13,3.95,55.,246.40,250.70,48.00
2026-08-23 12:15:50,12:11:58,7.07,0.15,3.71,56.,248.70,250.90,48.00
2026-08-23 12:17:10,12:12:58,7.01,0.21,4.14,56.,247.20,250.70,48.00
2026-08-23 12:17:51,12:13:58,7.13,-0.04,3.91,57.,246.60,250.90,48.00
2026-08-23 12:19:11,12:14:58,7.12,0.25,4.52,57.,242.30,250.70,49.00
2026-08-23 12:19:51,12:15:58,7.12,0.03,4.65,57.,243.40,250.40,49.00
2026-08-23 12:21:11,12:16:58,7.16,-0.20,4.46,59.,248.50,250.60,50.00
2026-08-23 12:21:52,12:17:58,6.95,0.07,4.34,59.,241.70,250.70,50.00
2026-08-23 12:23:12,12:18:58,7.06,-0.29,3.91,59.,242.70,251.00,50.00
2026-08-23 12:23:52,12:19:58,7.13,0.06,4.03,60.,242.50,251.30,50.00
2026-08-23 12:25:13,12:20:58,7.09,0.01,3.84,60.,245.90,251.60,50.00
2026-08-23 12:25:53,12:21:58,7.17,0.07,3.64,61.,246.80,251.90,50.00
2026-08-23 12:27:13,12:22:58,7.16,0.11,3.80,61.,242.90,251.90,50.00
2026-08-23 12:27:53,12:23:58,7.15,-0.13,3.73,62.,244.90,252.00,50.00
2026-08-23 12:29:14,12:24:59,7.28,0.01,3.94,62.,246.60,252.00,50.00
2026-08-23 12:29:54,12:25:59,6.95,0.11,4.04,62.,240.80,251.70,50.00
2026-08-23 12:31:14,12:26:59,7.18,-0.07,3.71,63.,245.90,252.20,50.00
2026-08-23 12:31:55,12:27:59,7.21,0.12,3.80,63.,245.30,252.20,50.00
2026-08-23 12:33:15,12:28:59,7.14,0.12,3.37,64.,239.50,252.40,50.00
2026-08-23 12:33:55,12:29:59,7.07,-0.02,4.72,64.,240.20,251.40,50.00
2026-08-23 12:35:16,12:30:59,7.07,0.07,4.76,65.,245.50,251.40,50.00
2026-08-23 12:35:56,12:31:59,7.25,-0.05,3.11,65.,242.30,252.70,50.00
2026-08-23 12:37:16,12:32:59,7.27,0.10,3.28,67.,244.70,252.90,50.00
2026-08-23 12:37:56,12:33:59,7.09,0.33,6.90,67.,234.00,250.60,50.00
2026-08-23 12:39:17,12:34:59,7.30,-0.10,7.03,67.,234.40,249.60,53.00
2026-08-23 12:39:57,12:35:59,7.18,-0.12,6.97,67.,237.80,249.30,54.00
2026-08-23 12:41:17,12:36:59,7.29,-0.69,4.98,67.,241.70,250.30,55.00
2026-08-23 12:41:57,12:37:59,7.30,0.00,4.54,68.,246.40,251.60,54.00
2026-08-23 12:43:18,12:39:00,7.17,0.11,5.00,68.,242.70,251.40,53.00
2026-08-23 12:43:58,12:40:00,7.32,0.06,5.07,68.,241.90,251.40,53.00
2026-08-23 12:45:18,12:41:00,7.27,0.03,4.84,68.,243.20,251.60,53.00
2026-08-23 12:45:59,12:42:00,7.27,-0.09,4.72,69.,244.40,251.60,53.00
2026-08-23 12:47:19,12:43:00,7.31,0.03,4.88,69.,244.00,251.70,53.00
2026-08-23 12:47:59,12:44:00,7.30,-0.13,5.24,69.,237.80,251.30,53.00
2026-08-23 12:48:39,12:45:00,7.32,-0.18,5.41,70.,236.30,251.10,53.00
2026-08-23 12:50:00,12:46:00,7.30,-0.29,5.86,70.,233.50,250.60,54.00
2026-08-23 12:50:40,12:47:00,7.31,-0.26,5.75,70.,233.10,250.70,54.00
2026-08-23 12:52:00,12:48:00,6.96,5.12,5.39,71.,229.50,255.50,49.00
2026-08-23 12:52:40,12:49:00,6.98,4.88,5.17,72.,226.30,255.50,47.00
2026-08-23 12:54:41,12:50:00,7.00,6.05,6.37,73.,231.00,255.20,46.00
2026-08-23 12:56:01,12:51:00,6.91,6.04,6.27,75.,228.00,255.20,45.00
2026-08-23 12:56:41,12:52:00,6.91,5.41,5.64,76.,226.00,255.00,44.00
2026-08-23 12:58:02,12:53:01,7.33,2.32,4.09,77.,241.70,254.20,44.00
2026-08-23 12:58:42,12:54:01,7.47,0.18,3.66,77.,244.70,252.90,45.00
2026-08-23 13:00:02,12:55:01,7.45,-0.15,3.36,78.,248.30,252.70,46.00
2026-08-23 13:00:42,12:56:01,7.43,0.10,3.26,79.,246.40,253.20,46.00
2026-08-23 13:02:03,12:57:01,7.43,-0.09,2.99,79.,247.90,253.20,46.00
2026-08-23 13:02:43,12:58:01,7.43,0.14,3.22,80.,244.40,253.30,46.00
2026-08-23 13:04:03,12:59:01,7.45,0.06,3.26,80.,249.20,253.30,47.00
2026-08-23 13:04:44,13:00:01,7.42,0.12,3.21,81.,249.40,253.50,47.00
2026-08-23 13:06:04,13:01:01,7.45,0.11,3.23,81.,246.40,253.50,47.00
2026-08-23 13:06:44,13:02:01,7.40,0.00,3.63,82.,245.70,253.30,47.00
2026-08-23 13:08:05,13:03:01,7.45,0.00,3.89,84.,246.60,253.00,48.00
2026-08-23 13:08:45,13:04:01,7.42,0.04,3.69,85.,244.00,253.50,48.00
2026-08-23 13:10:05,13:05:01,7.45,-0.11,3.49,87.,247.70,253.60,48.00
2026-08-23 13:10:45,13:06:01,7.41,0.10,4.15,88.,247.70,253.30,48.00
2026-08-23 13:12:06,13:07:01,7.44,-0.33,4.25,90.,246.60,253.30,49.00
2026-08-23 13:12:46,13:08:02,7.40,-0.37,4.17,92.,244.00,253.30,49.00
2026-08-23 13:14:06,13:09:02,7.41,-0.37,4.18,94.,245.10,253.50,50.00
2026-08-23 13:14:46,13:10:02,7.43,-0.60,3.97,95.,248.30,253.70,50.00
2026-08-23 13:16:07,13:11:02,7.39,-0.44,4.08,97.,245.70,254.20,50.00
2026-08-23 13:16:47,13:12:02,7.42,-0.48,4.07,97.,245.30,254.80,50.00
2026-08-23 13:18:07,13:13:02,7.35,-0.86,3.57,98.,247.40,255.60,50.00
2026-08-23 13:18:47,13:14:02,7.42,-3.83,3.57,100,250.00,252.90,53.00
2026-08-23 13:20:08,13:15:02,7.39,-3.92,3.45,100,248.90,251.40,54.00
2026-08-23 13:20:48,13:16:02,7.35,-4.18,3.14,100,249.60,250.90,55.00
2026-08-23 13:22:08,13:17:02,7.36,-4.32,3.02,100,250.60,250.40,56.00
2026-08-23 13:22:48,13:18:02,7.44,-4.13,3.29,100,252.40,250.30,57.00
2026-08-23 13:24:09,13:19:02,7.18,-4.03,3.13,100,250.60,249.80,57.00
2026-08-23 13:24:49,13:20:02,7.19,-4.20,2.97,100,250.60,249.80,57.00
2026-08-23 13:26:10,13:21:02,6.91,-3.42,3.47,100,249.40,249.70,57.00
2026-08-23 13:26:50,13:22:03,6.40,-3.41,2.97,100,252.10,249.60,57.00
2026-08-23 13:28:10,13:23:03,7.00,-3.15,3.85,100,249.60,249.40,58.00
2026-08-23 13:28:50,13:24:03,7.36,-3.43,3.93,100,246.60,249.30,58.00
2026-08-23 13:30:11,13:25:03,7.32,-3.76,3.55,100,248.50,249.30,59.00
2026-08-23 13:30:51,13:26:03,7.31,-3.61,3.70,100,251.10,249.30,59.00
2026-08-23 13:32:12,13:27:03,7.35,-3.75,3.60,100,249.20,249.30,59.00
2026-08-23 13:32:52,13:28:03,7.30,-3.49,3.81,100,250.40,249.10,59.00
2026-08-23 13:34:12,13:29:03,7.29,-3.45,3.84,100,250.20,249.10,59.00
2026-08-23 13:34:52,13:30:03,7.31,-3.82,3.49,100,252.60,249.10,59.00
2026-08-23 13:36:13,13:31:03,7.20,-3.48,3.70,100,250.90,249.10,60.00
2026-08-23 13:36:53,13:32:03,0.05,3.49,3.52,100,243.60,249.10,54.00
2026-08-23 13:38:13,13:33:03,0.05,3.47,3.50,100,242.90,249.10,51.00
2026-08-23 13:38:54,13:34:03,0.05,3.97,4.00,100,237.20,249.10,49.00
2026-08-23 13:40:14,13:35:04,0.05,4.51,4.56,100,234.60,249.10,47.00
2026-08-23 13:40:54,13:36:04,0.05,4.30,4.35,100,240.80,249.10,46.00
2026-08-23 13:42:14,13:37:04,1.54,2.66,4.20,100,239.50,249.10,46.00
2026-08-23 13:42:55,13:38:04,3.26,1.23,4.49,100,244.00,249.10,47.00
2026-08-23 13:44:15,13:39:04,5.04,-0.41,4.63,100,239.30,249.00,48.00
2026-08-23 13:44:55,13:40:04,7.00,-1.90,5.10,100,245.70,249.00,51.00
2026-08-23 13:46:16,13:41:04,7.18,-2.13,5.05,100,247.40,249.00,53.00
2026-08-23 13:46:56,13:42:04,7.21,-2.24,4.97,100,246.80,249.00,54.00
2026-08-23 13:48:16,13:43:04,7.19,-2.15,5.04,100,246.40,248.80,54.00
2026-08-23 13:48:56,13:44:04,7.13,-2.47,4.66,100,244.40,248.80,55.00
2026-08-23 13:50:17,13:45:04,7.16,-2.56,4.60,100,245.30,248.80,55.00
2026-08-23 13:50:57,13:46:04,7.15,-2.31,4.84,100,242.30,248.80,56.00
2026-08-23 13:52:17,13:47:04,7.17,-1.65,5.52,100,241.50,248.80,56.00
2026-08-23 13:52:58,13:48:04,7.16,-1.81,5.33,100,240.40,248.80,57.00
2026-08-23 13:54:18,13:49:05,7.17,-1.87,5.30,100,243.60,248.80,57.00
2026-08-23 13:54:58,13:50:05,7.21,-0.55,6.64,100,229.30,248.80,57.00
2026-08-23 13:56:19,13:51:05,0.05,6.38,6.41,100,224.10,249.00,51.00
2026-08-23 13:56:59,13:52:05,0.05,6.34,6.37,100,228.60,249.00,48.00
2026-08-23 13:58:19,13:53:05,0.05,6.20,6.23,100,228.60,249.00,47.00
2026-08-23 13:58:59,13:54:05,0.05,6.33,6.38,100,229.30,249.00,46.00
2026-08-23 13:59:40,13:55:05,0.05,6.08,6.13,100,227.30,249.00,45.00
2026-08-23 14:01:00,13:56:05,1.27,5.07,6.34,100,229.30,249.00,44.00
2026-08-23 14:01:40,13:57:05,3.12,3.39,6.51,100,230.10,248.80,45.00
2026-08-23 14:03:00,13:58:05,4.76,1.46,6.20,100,233.70,249.00,47.00
2026-08-23 14:03:40,13:59:05,6.64,-0.63,5.99,100,234.40,249.00,49.00
2026-08-23 14:05:01,14:00:05,7.13,-1.19,5.84,100,237.60,249.00,51.00
2026-08-23 14:05:41,14:01:05,6.97,-0.62,6.33,100,239.70,249.00,52.00
2026-08-23 14:07:02,14:02:05,7.09,-0.81,6.26,100,239.70,248.80,53.00
2026-08-23 14:07:42,14:03:05,7.14,-1.00,6.12,100,241.50,248.80,54.00
2026-08-23 14:09:03,14:04:06,7.16,-1.11,6.03,100,241.00,248.80,54.00
2026-08-23 14:09:43,14:05:06,7.08,-0.67,6.39,100,241.50,248.80,55.00
2026-08-23 14:11:03,14:06:06,7.06,-0.49,6.57,100,240.00,248.80,55.00
2026-08-23 14:11:43,14:07:06,7.09,-1.61,5.49,100,243.40,248.80,56.00
2026-08-24 11:45:02,11:40:56,6.67,-0.09,4.87,36.,244.00,248.50,53.00
2026-08-24 11:45:43,11:41:56,6.76,0.07,4.75,36.,243.60,248.80,53.00
2026-08-24 11:47:03,11:42:56,6.88,-0.39,4.20,36.,245.30,249.10,53.00
2026-08-24 11:47:43,11:43:56,7.06,-0.25,4.36,37.,245.50,249.10,53.00
2026-08-24 11:49:03,11:44:56,7.14,0.07,5.27,37.,244.40,249.00,53.00
2026-08-24 11:49:44,11:45:56,7.21,-0.03,5.07,37.,247.70,249.00,53.00
2026-08-24 11:51:04,11:46:56,3.62,0.16,5.50,38.,247.40,246.10,53.00
2026-08-24 11:51:44,11:47:56,1.74,0.00,4.91,37.,237.40,244.20,53.00
2026-08-24 11:53:45,11:49:57,1.97,-0.19,3.78,37.,233.50,244.80,53.00
2026-08-24 11:55:45,11:51:57,7.50,0.18,4.49,37.,240.40,249.70,52.00
2026-08-24 11:57:06,11:52:57,7.24,0.00,4.70,38.,245.50,249.40,52.00
2026-08-24 11:57:46,11:53:57,6.59,-0.19,4.69,38.,245.30,248.80,52.00
2026-08-24 11:59:06,11:54:57,7.13,0.00,4.64,38.,237.40,249.40,52.00
2026-08-24 11:59:46,11:55:57,7.12,-0.18,4.43,39.,240.60,249.30,52.00
2026-08-24 12:01:07,11:56:57,7.27,0.00,4.43,39.,244.90,249.60,52.00
2026-08-24 12:01:47,11:57:57,7.31,0.00,4.52,40.,244.20,249.70,52.00
2026-08-24 12:03:07,11:58:57,7.27,-0.22,4.03,40.,240.60,249.80,52.00
2026-08-24 12:03:47,11:59:57,7.22,0.13,4.28,40.,244.20,249.80,52.00
2026-08-24 12:05:08,12:00:57,7.09,0.00,4.50,42.,246.20,249.60,52.00
2026-08-24 12:05:48,12:01:57,7.13,0.14,4.60,42.,247.70,249.60,52.00
2026-08-24 12:07:08,12:02:57,7.05,0.47,5.53,42.,247.40,249.10,52.00
2026-08-24 12:07:49,12:03:57,7.06,-0.22,5.35,43.,247.20,248.50,52.00
2026-08-24 12:09:09,12:04:58,6.87,5.26,5.52,43.,241.00,252.60,49.00
2026-08-24 12:09:49,12:05:58,6.85,5.98,6.32,44.,245.10,252.90,47.00
2026-08-24 12:11:10,12:06:58,6.84,5.92,6.14,45.,243.20,252.90,46.00
2026-08-24 12:11:50,12:07:58,6.91,5.93,6.19,46.,243.80,252.90,45.00
2026-08-24 12:13:10,12:08:58,6.86,5.73,5.99,47.,242.70,252.90,44.00
2026-08-24 12:13:50,12:09:58,6.87,5.87,6.09,47.,242.90,252.90,43.00
2026-08-24 12:15:11,12:10:58,7.09,4.93,6.84,48.,243.80,251.90,43.00
2026-08-24 12:15:51,12:11:58,7.00,3.32,6.79,50.,242.50,250.70,45.00
2026-08-24 12:17:11,12:12:58,7.10,0.93,6.17,50.,248.50,249.10,47.00
2026-08-24 12:17:51,12:13:58,7.20,-0.17,5.87,50.,249.20,248.40,49.00
2026-08-24 12:19:12,12:14:58,6.98,0.11,5.66,51.,250.40,249.30,50.00
2026-08-24 12:19:52,12:15:58,7.10,-0.91,5.00,51.,254.10,248.50,50.00
2026-08-24 12:21:12,12:16:58,7.16,0.16,5.33,51.,245.10,248.80,51.00
2026-08-24 12:21:52,12:17:58,7.26,-0.04,4.96,51.,244.70,249.40,51.00
2026-08-24 12:23:13,12:18:59,7.20,-0.13,4.70,52.,248.50,249.40,51.00
2026-08-24 12:23:53,12:19:59,7.17,0.07,4.47,52.,253.00,249.80,51.00
2026-08-24 12:25:13,12:20:59,6.89,3.98,4.24,53.,242.30,253.30,47.00
2026-08-24 12:25:54,12:21:59,6.90,5.43,5.69,54.,247.90,253.50,46.00
2026-08-24 12:27:14,12:22:59,6.91,5.41,5.68,54.,249.60,253.60,45.00
2026-08-24 12:27:54,12:23:59,6.90,5.35,5.61,55.,251.90,253.70,44.00
2026-08-24 12:29:15,12:24:59,6.90,5.46,5.69,56.,248.70,253.90,43.00
2026-08-24 12:29:55,12:25:59,7.14,4.02,5.33,57.,248.30,253.20,43.00
2026-08-24 12:31:15,12:26:59,7.15,2.63,5.62,59.,250.40,252.20,44.00
2026-08-24 12:31:55,12:27:59,7.13,0.88,5.56,59.,249.20,250.90,46.00
2026-08-24 12:33:16,12:28:59,7.15,0.60,5.68,59.,249.80,250.40,48.00
2026-08-24 12:33:56,12:29:59,7.15,0.20,5.68,60.,252.40,250.10,49.00
2026-08-24 12:35:16,12:30:59,6.97,0.19,6.42,60.,248.90,249.40,51.00
2026-08-24 12:35:56,12:31:59,7.17,-0.01,6.09,60.,249.80,249.60,52.00
2026-08-24 12:37:17,12:33:00,7.17,-0.46,4.54,60.,246.20,250.40,52.00
2026-08-24 12:37:57,12:34:00,7.15,-0.04,4.23,60.,248.30,251.10,52.00
2026-08-24 12:39:18,12:35:00,7.18,0.15,5.00,61.,247.90,251.00,52.00
2026-08-24 12:39:58,12:36:00,6.94,0.12,4.97,61.,248.70,251.00,52.00
2026-08-24 12:41:18,12:37:00,7.00,0.15,5.07,61.,245.90,251.00,52.00
2026-08-24 12:41:58,12:38:00,7.23,0.14,5.04,62.,247.00,251.10,52.00
2026-08-24 12:43:19,12:39:00,6.93,0.00,5.00,62.,246.80,251.10,52.00
2026-08-24 12:43:59,12:40:00,7.23,0.12,4.89,62.,246.80,251.30,52.00
2026-08-24 12:45:19,12:41:00,7.15,0.16,4.93,63.,247.90,251.30,52.00
2026-08-24 12:45:59,12:42:00,7.11,-0.43,4.35,63.,247.70,251.40,52.00
2026-08-24 12:47:20,12:43:00,7.09,0.15,4.68,63.,248.70,251.60,52.00
2026-08-24 12:49:20,12:44:00,7.14,0.05,4.68,64.,249.20,251.60,52.00
2026-08-24 12:54:02,12:45:00,7.15,0.25,6.10,64.,250.20,251.00,52.00
2026-08-24 12:56:02,12:46:00,7.20,0.00,3.93,64.,248.70,252.00,53.00
2026-08-24 12:57:23,12:47:01,7.20,0.92,5.61,65.,251.30,251.70,52.00
2026-08-24 12:58:04,12:48:01,7.12,0.05,5.49,65.,251.30,251.10,52.00
2026-08-24 12:58:44,12:49:01,7.27,0.34,5.45,65.,250.20,251.30,52.00
2026-08-24 13:00:04,12:50:01,7.26,0.96,5.38,67.,251.70,252.00,52.00
2026-08-24 13:00:44,12:51:01,7.25,0.63,5.45,67.,251.90,251.60,53.00
2026-08-24 13:02:05,12:52:01,7.23,-0.17,5.63,67.,251.90,251.10,53.00
2026-08-24 13:02:45,12:53:01,7.27,-0.21,6.14,67.,250.20,250.10,55.00
2026-08-24 13:04:05,12:54:01,7.28,-0.36,4.36,67.,248.90,251.40,55.00
2026-08-24 13:04:45,12:56:01,7.34,0.03,4.17,68.,247.70,252.40,53.00
2026-08-24 13:06:06,12:58:01,7.35,0.08,4.09,69.,247.90,252.60,53.00
2026-08-24 13:06:46,13:00:02,7.32,0.12,4.24,70.,249.20,252.60,52.00
2026-08-24 13:08:06,13:02:02,7.33,0.10,4.13,71.,248.10,252.70,52.00
2026-08-24 13:08:46,13:04:02,7.35,-0.19,3.73,72.,248.30,252.70,52.00
2026-08-24 13:10:07,13:05:02,7.31,0.10,4.26,73.,248.90,252.60,52.00
2026-08-24 13:10:47,13:06:02,7.33,0.13,4.13,73.,248.70,252.70,52.00
2026-08-24 13:12:07,13:07:02,7.26,0.02,3.94,75.,248.70,252.70,52.00
2026-08-24 13:12:47,13:08:02,7.22,0.16,4.25,77.,250.00,252.70,51.00
2026-08-24 13:14:08,13:09:02,7.33,0.13,4.08,78.,247.90,252.70,51.00
2026-08-24 13:14:48,13:10:02,7.30,0.08,3.87,79.,248.10,252.90,51.00
2026-08-24 13:16:08,13:11:02,7.32,0.08,3.69,81.,248.10,253.00,51.00
2026-08-24 13:16:49,13:12:02,7.38,0.03,3.64,82.,246.40,253.20,51.00
2026-08-24 13:18:09,13:13:02,7.32,0.17,3.70,84.,248.10,253.20,51.00
2026-08-24 13:18:49,13:14:03,7.35,0.17,3.78,86.,242.30,253.20,51.00
2026-08-24 13:20:10,13:15:03,7.35,-0.01,4.39,86.,242.30,252.60,51.00
2026-08-24 13:20:50,13:16:03,7.39,-0.02,3.97,87.,247.20,252.70,51.00
2026-08-24 13:22:10,13:17:03,7.32,-0.02,3.69,88.,249.60,253.00,51.00
2026-08-24 13:22:50,13:18:03,7.37,0.09,3.84,89.,245.30,253.20,51.00
2026-08-24 13:24:11,13:19:03,7.35,-0.90,3.60,90.,246.80,252.60,51.00
2026-08-24 13:24:51,13:20:03,7.31,-0.90,3.56,90.,247.20,252.60,51.00
2026-08-24 13:26:11,13:21:03,7.19,-0.75,3.57,90.,244.70,252.70,51.00
2026-08-24 13:26:51,13:22:03,7.20,-0.78,3.54,90.,247.90,252.70,51.00
2026-08-24 13:28:12,13:23:03,7.30,-0.72,3.73,90.,247.20,252.70,51.00
2026-08-24 13:28:52,13:24:03,7.28,-1.13,3.30,90.,248.90,252.90,51.00
2026-08-24 13:30:12,13:25:03,7.29,-1.04,3.40,90.,250.90,252.90,51.00
2026-08-24 13:30:52,13:26:03,7.19,-0.96,3.38,92.,247.70,253.00,51.00
2026-08-24 13:32:13,13:27:03,7.34,-1.20,3.28,93.,246.60,253.30,51.00
2026-08-24 13:32:53,13:28:03,7.21,-0.95,3.40,94.,247.00,253.30,51.00
2026-08-24 13:34:13,13:29:04,7.28,-1.14,3.30,95.,249.40,253.60,51.00
2026-08-24 13:34:53,13:30:04,7.19,-1.03,3.32,96.,248.90,253.70,51.00
2026-08-24 13:36:14,13:31:04,7.19,-1.05,3.28,96.,248.30,253.90,51.00
2026-08-24 13:36:54,13:32:04,7.23,-1.10,3.26,97.,245.90,254.30,51.00
2026-08-24 13:38:14,13:33:04,7.21,-0.75,3.59,98.,245.10,254.80,51.00
2026-08-24 13:38:54,13:34:04,7.08,-0.50,3.70,98.,246.80,255.50,51.00
2026-08-24 13:40:15,13:35:04,7.20,-1.82,5.36,100,244.20,254.00,52.00
2026-08-24 13:40:56,13:36:04,7.20,-2.75,4.43,100,245.10,251.70,55.00
2026-08-24 13:42:16,13:37:04,7.15,-2.99,4.14,100,242.50,251.00,56.00
2026-08-24 13:42:56,13:38:04,7.27,-2.85,4.40,100,241.20,250.40,56.00
2026-08-24 13:44:16,13:39:04,7.06,-2.80,4.24,100,243.60,250.10,57.00
2026-08-24 13:44:58,13:40:04,7.24,-2.71,4.51,100,241.00,250.00,57.00
2026-08-24 13:46:18,13:41:04,7.14,-2.45,4.67,100,239.10,249.80,58.00
2026-08-24 13:46:58,13:42:04,7.16,-2.51,4.63,100,240.00,249.70,58.00
2026-08-24 13:48:18,13:43:05,7.20,-2.10,5.08,100,239.10,249.60,58.00
2026-08-24 13:48:59,13:44:05,0.05,4.61,4.64,100,235.90,249.60,55.00
2026-08-24 13:50:19,13:45:05,0.05,4.32,4.37,100,235.70,249.40,51.00
2026-08-24 13:50:59,13:46:05,0.05,4.36,4.41,100,236.70,249.40,49.00
2026-08-24 13:52:20,13:47:05,0.05,4.13,4.18,100,236.10,249.40,47.00
2026-08-24 13:53:00,13:48:05,0.05,4.45,4.50,100,234.80,249.30,46.00
2026-08-24 13:54:20,13:49:05,0.05,4.03,4.08,100,236.70,249.30,45.00
2026-08-24 13:55:00,13:50:05,2.43,2.97,5.40,100,236.30,249.30,46.00
2026-08-24 13:56:21,13:51:05,4.27,-0.08,4.19,100,244.70,249.30,47.00
2026-08-24 13:57:01,13:52:05,6.06,-2.01,4.05,100,244.20,249.30,49.00
2026-08-24 13:58:21,13:53:05,7.04,-2.74,4.30,100,244.20,249.10,52.00
2026-08-24 13:59:01,13:54:05,7.01,-2.80,4.21,100,241.90,249.10,53.00
2026-08-24 14:00:22,13:55:05,7.01,-2.92,4.09,100,242.10,249.10,54.00
2026-08-24 14:01:02,13:56:05,7.05,-2.53,4.52,100,242.30,249.10,55.00
2026-08-24 14:01:42,13:57:06,7.04,-2.68,4.36,100,241.00,249.00,55.00
2026-08-24 14:03:03,13:58:06,7.08,-2.61,4.45,100,239.50,249.00,56.00
2026-08-24 14:03:43,13:59:06,7.02,-2.46,4.59,100,238.90,249.00,56.00
2026-08-24 14:05:04,14:00:06,0.05,4.59,4.62,100,229.70,249.10,52.00
2026-08-24 14:05:44,14:01:06,0.05,4.51,4.54,100,231.60,249.10,49.00
2026-08-24 14:07:04,14:02:06,0.05,4.48,4.51,100,232.70,249.10,47.00
2026-08-24 14:07:44,14:03:06,0.05,4.90,4.93,100,231.80,249.10,46.00
2026-08-24 14:09:05,14:04:06,0.05,4.50,4.55,100,232.70,249.10,45.00
2026-08-24 14:09:45,14:05:06,0.66,3.86,4.50,100,233.50,249.00,44.00
2026-08-24 14:11:05,14:06:06,2.55,2.69,5.22,100,234.40,249.00,44.00
2026-08-25 11:45:05,11:40:56,0.05,4.01,4.06,0.0,223.90,0.20,41.00
2026-08-25 11:46:25,11:41:56,0.05,5.68,5.73,0.0,217.90,0.40,41.00
2026-08-25 11:47:06,11:42:56,0.05,5.45,5.50,0.0,219.60,0.20,41.00
2026-08-25 11:47:46,11:43:56,0.05,5.96,6.01,0.0,214.70,0.40,41.00
2026-08-25 11:49:06,11:44:56,0.05,5.91,5.96,0.0,215.40,0.20,41.00
2026-08-25 11:49:46,11:45:56,0.05,5.89,5.94,0.0,214.70,0.20,41.00
2026-08-25 11:51:07,11:46:56,0.05,4.17,4.22,0.0,223.30,0.20,41.00
2026-08-25 11:51:48,11:47:56,0.05,4.37,4.42,0.0,224.60,0.40,41.00
2026-08-25 11:53:09,11:48:56,0.05,4.64,4.69,0.0,225.40,0.40,41.00
2026-08-25 11:53:49,11:49:56,0.05,4.55,4.60,0.0,225.80,0.20,41.00
2026-08-25 11:55:09,11:50:56,0.05,5.69,5.74,0.0,227.10,0.40,41.00
2026-08-25 11:55:49,11:51:56,0.05,5.66,5.71,0.0,226.50,0.20,41.00
2026-08-25 11:57:10,11:52:56,0.05,3.92,3.97,0.0,223.90,0.20,41.00
2026-08-25 11:57:50,11:53:56,0.05,4.13,4.18,0.0,225.00,0.40,41.00
2026-08-25 11:59:10,11:54:57,0.05,3.96,4.01,0.0,226.50,0.20,41.00
2026-08-25 11:59:51,11:55:57,0.05,3.97,4.02,0.0,227.80,0.20,41.00
2026-08-25 12:01:11,11:56:57,0.05,4.53,4.58,0.0,231.40,0.20,41.00
2026-08-25 12:01:51,11:57:57,0.05,4.09,4.14,0.0,226.90,0.20,41.00
2026-08-25 12:03:12,11:58:57,0.05,2.99,3.04,0.0,225.80,0.40,41.00
2026-08-25 12:03:52,11:59:57,0.05,2.88,2.93,0.0,225.00,0.20,41.00
2026-08-25 12:05:12,12:00:57,0.05,3.16,3.21,0.0,226.00,0.20,41.00
2026-08-25 12:05:52,12:01:57,0.05,3.17,3.22,0.0,225.20,0.20,41.00
2026-08-25 12:07:13,12:02:57,0.05,2.73,2.78,0.0,227.50,0.20,41.00
2026-08-25 12:07:53,12:03:57,0.05,2.79,2.84,0.0,231.80,0.20,42.00
2026-08-25 12:09:13,12:04:57,0.05,2.75,2.80,0.0,229.00,0.20,42.00
2026-08-25 12:09:53,12:05:57,0.05,2.89,2.94,0.0,228.00,0.40,42.00
2026-08-25 12:11:14,12:06:57,0.05,3.41,3.46,0.0,226.30,0.40,42.00
2026-08-25 12:11:54,12:07:57,0.05,4.33,4.38,0.0,226.30,0.20,42.00
2026-08-25 12:13:14,12:08:58,0.05,4.24,4.29,0.0,226.90,0.20,42.00
2026-08-25 12:13:55,12:09:58,0.05,4.29,4.34,0.0,225.60,0.20,42.00
2026-08-25 12:15:15,12:10:58,0.05,4.21,4.26,0.0,225.80,0.40,42.00
2026-08-25 12:15:55,12:11:58,0.05,4.27,4.32,0.0,224.60,0.20,42.00
2026-08-25 12:17:16,12:12:58,0.05,4.36,4.41,0.0,225.80,0.40,42.00
2026-08-25 12:17:56,12:13:58,0.05,3.32,3.37,0.0,230.50,0.40,42.00
2026-08-25 12:19:16,12:14:58,0.05,3.33,3.38,0.0,230.30,0.20,42.00
2026-08-25 12:19:56,12:15:58,0.05,3.79,3.84,0.0,227.80,0.20,42.00
2026-08-25 12:21:17,12:16:58,0.05,3.74,3.79,0.0,229.30,0.40,42.00
2026-08-25 12:21:57,12:17:58,0.05,3.62,3.67,0.0,228.60,0.20,42.00
2026-08-25 12:23:17,12:18:58,0.05,3.64,3.69,0.0,230.10,0.40,42.00
2026-08-25 12:23:57,12:19:58,0.05,3.45,3.50,0.0,229.90,0.40,42.00
2026-08-25 12:25:18,12:20:58,0.05,2.76,2.81,0.0,229.50,0.20,42.00
2026-08-25 12:25:58,12:21:58,0.05,2.40,2.45,0.0,228.80,0.20,42.00
2026-08-25 12:27:19,12:22:59,0.05,2.47,2.52,0.0,225.60,0.40,42.00
2026-08-25 12:27:59,12:23:59,0.02,2.07,2.09,0.0,231.00,0.20,42.00
2026-08-25 12:29:19,12:24:59,0.03,2.14,2.17,0.0,232.00,0.40,42.00
2026-08-25 12:29:59,12:25:59,0.00,2.15,2.15,0.0,231.40,0.20,42.00
2026-08-25 12:31:20,12:26:59,0.03,1.46,1.49,0.0,230.80,0.40,42.00
2026-08-25 12:32:00,12:27:59,0.03,1.41,1.44,0.0,231.20,0.40,42.00
2026-08-25 12:33:20,12:28:59,0.03,1.43,1.46,0.0,231.20,0.20,42.00
2026-08-25 12:34:00,12:29:59,0.00,1.43,1.43,0.0,231.20,0.40,42.00
2026-08-25 12:35:21,12:30:59,0.04,1.46,1.50,0.0,232.70,0.20,42.00
2026-08-25 12:36:01,12:31:59,0.03,1.44,1.47,0.0,232.50,0.40,42.00
2026-08-25 12:37:21,12:32:59,0.03,1.39,1.42,0.0,232.50,0.20,42.00
2026-08-25 12:38:02,12:33:59,0.03,1.39,1.42,0.0,232.90,0.40,42.00
2026-08-25 12:39:22,12:34:59,0.03,1.40,1.43,0.0,233.50,0.20,42.00
2026-08-25 12:40:02,12:35:59,0.02,1.41,1.44,0.0,233.70,0.40,42.00
2026-08-25 12:41:23,12:36:59,0.00,1.30,1.30,0.0,233.70,0.40,42.00
2026-08-25 12:42:03,12:38:00,0.03,1.35,1.38,0.0,233.10,0.40,42.00
2026-08-25 12:43:23,12:39:00,0.03,1.33,1.36,0.0,235.00,0.20,42.00
2026-08-25 12:44:03,12:40:00,0.03,1.33,1.36,0.0,233.50,0.40,42.00
2026-08-25 12:45:24,12:41:00,0.05,1.21,1.25,0.0,233.70,0.40,42.00
2026-08-25 12:46:04,12:42:00,0.05,1.29,1.34,0.0,233.70,0.40,42.00
2026-08-25 12:47:24,12:43:00,0.09,2.05,2.14,0.0,231.80,0.40,42.00
2026-08-25 12:48:05,12:44:00,0.10,2.08,2.18,0.0,233.30,0.40,42.00
2026-08-25 12:49:25,12:45:00,0.11,2.06,2.17,0.0,232.90,0.40,42.00
2026-08-25 12:50:05,12:46:00,0.11,2.03,2.14,0.0,232.90,0.40,42.00
2026-08-25 12:51:26,12:47:00,0.11,2.01,2.12,0.0,234.00,0.40,42.00
2026-08-25 12:52:06,12:48:00,0.11,2.04,2.15,0.0,231.00,0.40,42.00
2026-08-25 12:53:26,12:49:00,0.06,2.08,2.14,0.0,233.50,0.40,42.00
2026-08-25 12:54:06,12:50:00,0.03,2.13,2.16,0.0,236.50,0.20,43.00
2026-08-25 12:55:27,12:51:00,0.02,2.09,2.11,0.0,233.50,0.20,43.00
2026-08-25 12:56:07,12:52:01,0.04,2.36,2.40,0.0,229.30,0.20,43.00
2026-08-25 12:56:47,12:53:01,0.00,2.39,2.39,0.0,232.00,0.40,43.00
2026-08-25 12:58:48,12:54:01,0.03,1.94,1.97,0.0,231.00,0.20,43.00
2026-08-25 13:00:08,12:55:01,0.03,1.94,1.97,0.0,233.30,0.20,43.00
2026-08-25 13:00:48,12:56:01,0.00,1.97,1.97,0.0,231.20,0.40,43.00
2026-08-25 13:02:09,12:57:01,0.04,1.96,2.00,0.0,231.40,0.20,43.00
2026-08-25 13:02:49,12:58:01,0.03,1.56,1.59,0.0,234.40,0.20,43.00
2026-08-25 13:04:09,12:59:01,0.03,1.47,1.50,0.0,234.60,0.20,43.00
2026-08-25 13:04:50,13:00:01,0.03,1.45,1.48,0.0,233.30,0.20,43.00
2026-08-25 13:06:10,13:01:01,0.03,1.45,1.48,0.0,234.60,0.20,43.00
2026-08-25 13:06:50,13:02:01,0.03,1.43,1.46,0.0,234.60,0.40,43.00
2026-08-25 13:08:11,13:03:01,0.10,1.39,1.49,0.0,232.00,0.40,43.00
2026-08-25 13:08:51,13:04:01,0.18,1.17,1.35,0.0,234.80,0.40,43.00
2026-08-25 13:10:11,13:05:01,0.12,1.24,1.36,0.0,235.20,0.40,43.00
2026-08-25 13:10:52,13:06:02,0.22,1.07,1.29,0.0,235.50,0.40,43.00
2026-08-25 13:12:12,13:07:02,0.23,0.99,1.22,0.0,235.90,0.40,43.00
2026-08-25 13:12:52,13:08:02,0.29,1.03,1.32,0.0,235.70,0.40,43.00
2026-08-25 13:14:13,13:09:02,0.28,1.21,1.49,0.0,234.40,0.40,43.00
2026-08-25 13:14:53,13:10:02,0.25,1.59,1.84,0.0,237.00,0.40,43.00
2026-08-25 13:16:13,13:11:02,0.19,1.58,1.77,0.0,235.90,0.40,43.00
2026-08-25 13:16:54,13:12:02,0.17,1.51,1.68,0.0,236.50,0.40,43.00
2026-08-25 13:18:14,13:13:02,0.21,1.40,1.61,0.0,236.10,0.40,43.00
2026-08-25 13:18:54,13:14:02,0.25,1.33,1.58,0.0,234.20,0.40,43.00
2026-08-25 13:20:15,13:15:02,0.38,1.15,1.53,0.0,235.20,0.40,43.00
2026-08-25 13:20:55,13:16:02,0.41,1.07,1.48,0.0,235.20,0.40,43.00
2026-08-25 13:22:15,13:17:02,0.51,1.08,1.59,0.0,236.30,0.40,43.00
2026-08-25 13:22:56,13:18:02,0.51,1.28,1.79,0.0,238.70,0.40,43.00
2026-08-25 13:24:16,13:19:02,0.47,1.66,2.13,0.0,236.10,0.40,43.00
2026-08-25 13:24:56,13:20:03,0.47,1.77,2.24,0.0,234.80,0.40,43.00
2026-08-25 13:26:17,13:21:03,0.41,1.42,1.83,0.0,234.60,0.40,43.00
2026-08-25 13:26:57,13:22:03,0.34,1.51,1.85,0.0,233.70,0.40,44.00
2026-08-25 13:28:18,13:23:03,0.38,1.45,1.83,0.0,235.20,0.40,44.00
2026-08-25 13:28:58,13:24:03,0.47,1.35,1.82,0.0,236.70,0.40,44.00
2026-08-25 13:30:18,13:25:03,0.60,1.29,1.89,0.0,232.70,0.40,44.00
2026-08-25 13:30:58,13:26:03,0.60,1.18,1.78,0.0,228.60,0.40,44.00
2026-08-25 13:32:19,13:27:03,0.68,1.11,1.79,0.0,228.00,0.40,44.00
2026-08-25 13:32:59,13:28:03,0.66,1.02,1.68,0.0,229.00,0.40,44.00
2026-08-25 13:34:19,13:29:03,0.73,0.80,1.53,0.0,232.30,0.40,44.00
2026-08-25 13:34:59,13:30:03,1.30,0.70,2.00,0.0,232.30,0.40,44.00
2026-08-25 13:36:20,13:31:03,1.21,0.49,1.70,0.0,232.30,0.40,45.00
2026-08-25 13:37:00,13:32:03,1.67,0.28,1.95,0.0,231.20,0.40,45.00
2026-08-25 13:39:01,13:34:03,1.81,-0.16,1.65,0.0,238.00,0.40,45.00
2026-08-25 13:40:21,13:35:04,1.77,-0.14,1.63,0.0,235.50,0.40,45.00
2026-08-25 13:41:01,13:36:04,1.79,-0.16,1.63,0.0,237.80,0.40,45.00
2026-08-25 13:42:22,13:37:04,1.84,0.20,2.04,0.0,235.70,0.40,45.00
2026-08-25 13:43:02,13:38:04,1.92,0.07,1.99,0.0,238.50,0.40,44.00
2026-08-25 13:44:22,13:39:04,1.89,-0.04,1.85,0.0,236.10,0.40,44.00
2026-08-25 13:45:02,13:40:04,1.87,-0.05,1.82,0.0,240.40,0.40,43.00
2026-08-25 13:46:23,13:41:04,1.87,0.04,1.91,0.0,238.20,0.40,43.00
2026-08-25 13:47:03,13:42:04,1.78,0.08,1.86,0.0,235.90,0.40,42.00
2026-08-25 13:48:24,13:43:04,1.68,0.17,1.85,0.0,236.10,0.40,42.00
2026-08-25 13:49:04,13:44:04,1.56,0.22,1.78,0.0,235.20,0.40,42.00
2026-08-25 13:50:24,13:45:04,1.63,0.30,1.93,0.0,230.80,0.40,41.00
2026-08-25 13:51:04,13:46:04,1.47,0.57,2.04,0.0,229.00,0.40,41.00
2026-08-25 13:52:25,13:47:04,1.36,0.71,2.07,0.0,229.70,0.40,41.00
2026-08-25 13:53:05,13:48:04,1.22,0.41,1.63,0.0,229.70,0.40,41.00
2026-08-25 13:54:25,13:49:05,1.15,0.66,1.81,0.0,234.20,0.40,41.00
2026-08-25 13:55:06,13:50:05,1.10,0.67,1.77,0.0,229.30,0.40,41.00
2026-08-25 13:56:26,13:51:05,1.01,0.74,1.75,0.0,230.80,0.40,41.00
2026-08-25 13:57:06,13:52:05,0.97,0.77,1.74,0.0,228.80,0.40,41.00
2026-08-25 13:57:46,13:53:05,0.93,0.77,1.70,0.0,231.40,0.40,41.00
2026-08-25 13:59:08,13:54:05,1.00,0.71,1.71,0.0,232.00,0.40,41.00
2026-08-25 13:59:48,13:55:05,1.16,0.61,1.77,0.0,238.50,0.40,41.00
2026-08-25 14:01:08,13:56:05,1.34,0.47,1.81,0.0,237.20,0.40,42.00
2026-08-25 14:01:48,13:57:05,1.45,0.54,1.99,0.0,232.50,0.40,42.00
2026-08-25 14:03:09,13:58:05,1.57,0.28,1.85,0.0,233.50,0.40,42.00
2026-08-25 14:03:49,13:59:05,1.67,0.16,1.83,0.0,238.20,0.40,43.00
2026-08-25 14:05:09,14:00:05,1.71,0.36,2.07,0.0,238.00,0.40,43.00
2026-08-25 14:05:49,14:01:05,1.78,0.42,2.20,0.0,238.20,0.40,43.00
2026-08-25 14:07:10,14:02:05,1.76,0.43,2.19,0.0,239.50,0.40,43.00
2026-08-25 14:07:50,14:03:06,1.78,0.41,2.14,0.0,239.70,0.40,44.00
2026-08-25 14:09:11,14:04:06,1.76,0.49,2.25,0.0,234.40,0.40,44.00
2026-08-25 14:09:51,14:05:06,1.80,0.89,2.69,0.0,240.00,0.40,44.00
2026-08-25 14:11:11,14:06:06,1.83,0.74,2.57,0.0,229.50,0.40,44.00
2026-08-25 14:11:51,14:07:06,1.81,0.60,2.41,0.0,229.50,0.40,45.00
2026-08-26 11:45:00,11:40:56,6.52,0.01,3.52,56.,241.20,251.00,46.00
2026-08-26 11:46:21,11:41:56,6.55,-0.01,3.81,57.,240.60,251.00,46.00
2026-08-26 11:47:01,11:42:56,6.62,0.00,3.51,57.,240.60,251.10,47.00
2026-08-26 11:48:21,11:43:56,6.62,0.02,3.43,59.,245.70,251.40,47.00
2026-08-26 11:49:01,11:44:56,6.60,0.05,3.41,59.,243.40,251.60,47.00
2026-08-26 11:50:22,11:45:56,6.65,0.03,3.54,59.,245.10,251.60,47.00
2026-08-26 11:51:02,11:46:56,6.62,0.03,3.54,60.,247.20,251.60,47.00
2026-08-26 11:52:23,11:47:56,6.65,0.08,3.61,60.,246.80,251.70,47.00
2026-08-26 11:53:03,11:48:56,6.70,-0.01,3.27,61.,250.20,252.20,47.00
2026-08-26 11:54:23,11:49:56,6.70,0.09,3.08,61.,246.80,252.30,47.00
2026-08-26 11:55:03,11:50:56,6.82,0.10,3.11,62.,248.90,252.60,47.00
2026-08-26 11:56:24,11:51:56,6.87,0.08,3.11,62.,248.30,252.60,47.00
2026-08-26 11:57:04,11:52:56,6.91,0.10,3.12,63.,249.60,252.70,47.00
2026-08-26 11:58:24,11:53:56,6.91,0.15,3.17,63.,249.20,252.70,47.00
2026-08-26 11:59:04,11:54:57,6.83,0.04,2.62,64.,250.90,253.00,47.00
2026-08-26 12:00:25,11:55:57,6.89,0.12,2.79,64.,245.90,253.20,47.00
2026-08-26 12:01:05,11:56:57,6.89,0.14,2.73,65.,247.00,253.20,47.00
2026-08-26 12:02:25,11:57:57,7.00,0.11,2.86,65.,251.10,253.00,47.00
2026-08-26 12:03:05,11:58:57,6.89,0.38,3.20,67.,244.70,253.00,47.00
2026-08-26 12:04:26,11:59:57,6.89,0.06,3.52,67.,246.40,252.40,47.00
2026-08-26 12:05:06,12:00:57,6.91,0.02,3.32,68.,248.30,252.60,47.00
2026-08-26 12:06:26,12:01:57,6.94,0.02,3.12,69.,250.20,252.70,47.00
2026-08-26 12:07:07,12:02:57,6.79,0.04,4.47,69.,245.90,251.70,48.00
2026-08-26 12:08:27,12:03:57,6.85,0.04,4.45,69.,248.30,251.70,48.00
2026-08-26 12:09:07,12:04:57,6.85,0.05,3.01,70.,246.80,252.70,48.00
2026-08-26 12:10:28,12:05:57,6.84,0.28,3.46,71.,248.30,252.70,48.00
2026-08-26 12:11:08,12:06:57,7.02,0.10,4.28,71.,250.40,252.20,48.00
2026-08-26 12:12:28,12:07:57,6.80,0.11,4.22,72.,246.80,252.00,48.00
2026-08-26 12:13:08,12:08:58,7.04,0.13,4.63,72.,251.10,251.90,49.00
2026-08-26 12:14:29,12:09:58,6.91,0.13,4.53,72.,249.20,251.70,49.00
2026-08-26 12:16:29,12:11:58,6.95,0.15,5.83,73.,249.60,251.00,51.00
2026-08-26 12:17:09,12:12:58,6.86,0.06,6.32,73.,250.20,250.30,52.00
2026-08-26 12:17:49,12:13:58,7.05,-0.02,6.06,73.,247.00,250.40,52.00
2026-08-26 12:19:10,12:14:58,7.09,-0.04,5.85,73.,248.70,250.60,53.00
2026-08-26 12:19:50,12:15:58,7.01,0.05,6.11,73.,247.00,250.60,53.00
2026-08-26 12:21:11,12:16:58,6.98,-0.23,4.75,75.,244.20,251.30,53.00
2026-08-26 12:21:51,12:17:58,7.03,-0.07,4.78,75.,244.20,251.70,53.00
2026-08-26 12:23:11,12:18:58,7.02,0.32,5.96,75.,240.40,251.30,53.00
2026-08-26 12:23:51,12:19:58,7.18,-0.29,4.48,75.,244.00,251.70,53.00
2026-08-26 12:25:12,12:20:58,7.19,-0.17,4.27,76.,246.80,252.20,53.00
2026-08-26 12:25:52,12:21:58,7.12,0.00,4.25,76.,242.10,252.60,52.00
2026-08-26 12:27:12,12:22:58,7.10,0.58,4.86,77.,248.10,252.60,52.00
2026-08-26 12:27:52,12:23:59,7.09,0.00,4.77,77.,249.20,252.00,52.00
2026-08-26 12:29:13,12:24:59,7.14,0.00,4.77,78.,249.40,252.20,52.00
2026-08-26 12:29:53,12:25:59,7.02,0.10,4.88,78.,248.10,252.20,52.00
2026-08-26 12:31:13,12:26:59,7.16,-0.25,3.63,78.,247.20,252.90,52.00
2026-08-26 12:31:53,12:27:59,7.10,-0.01,3.65,80.,247.20,253.00,51.00
2026-08-26 12:33:14,12:28:59,7.13,0.00,3.69,81.,245.50,253.30,51.00
2026-08-26 12:33:54,12:29:59,7.08,0.02,3.69,84.,245.10,253.30,50.00
2026-08-26 12:35:15,12:30:59,7.14,0.01,4.50,85.,242.70,252.60,50.00
2026-08-26 12:35:55,12:31:59,7.15,-0.13,4.66,86.,247.00,252.30,50.00
2026-08-26 12:37:15,12:32:59,7.24,-0.01,4.61,86.,249.80,252.40,50.00
2026-08-26 12:37:55,12:33:59,7.15,0.11,4.94,87.,248.90,252.30,50.00
2026-08-26 12:39:16,12:34:59,7.25,0.00,5.04,87.,249.80,252.20,51.00
2026-08-26 12:39:56,12:35:59,6.98,4.73,5.00,88.,245.90,256.20,47.00
2026-08-26 12:41:16,12:36:59,3.10,4.87,5.09,90.,246.60,253.30,45.00
2026-08-26 12:41:56,12:38:00,3.10,4.98,5.20,92.,246.20,252.90,44.00
2026-08-26 12:43:17,12:39:00,3.09,5.39,5.60,92.,246.80,252.90,43.00
2026-08-26 12:43:57,12:40:00,3.09,4.74,4.95,92.,246.60,253.00,43.00
2026-08-26 12:45:17,12:41:00,3.08,4.69,4.89,92.,247.20,253.20,42.00
2026-08-26 12:47:18,12:42:00,4.67,3.32,5.11,93.,250.00,253.30,42.00
2026-08-26 12:55:21,12:43:00,6.00,2.14,5.26,94.,251.10,253.60,43.00
2026-08-26 12:56:01,12:44:00,6.95,0.11,5.15,95.,245.50,252.60,45.00
2026-08-26 12:57:21,12:45:00,7.11,0.09,5.08,95.,245.90,252.70,47.00
2026-08-26 12:58:02,12:46:00,7.16,0.04,5.23,95.,246.80,252.70,47.00
2026-08-26 12:59:22,12:47:00,7.22,0.05,5.25,95.,248.70,253.00,48.00
2026-08-26 13:00:02,12:48:00,7.17,0.02,5.17,95.,246.60,253.20,49.00
2026-08-26 13:01:23,12:49:00,7.16,-0.22,5.00,95.,249.40,253.60,49.00
2026-08-26 13:02:03,12:50:00,7.20,0.05,4.79,97.,245.10,254.60,49.00
2026-08-26 13:03:23,12:51:00,3.12,5.22,5.42,98.,240.00,256.20,45.00
2026-08-26 13:04:03,12:52:01,0.05,5.18,5.21,100,235.70,252.30,44.00
2026-08-26 13:05:24,12:54:01,0.05,5.02,5.07,100,241.90,250.90,42.00
2026-08-26 13:06:04,12:56:01,0.05,6.54,6.57,100,245.50,250.10,41.00
2026-08-26 13:07:24,12:58:01,0.05,7.58,7.63,100,244.00,250.00,40.00
2026-08-26 13:08:05,13:00:01,0.05,5.91,5.96,100,247.90,249.80,39.00
2026-08-26 13:09:25,13:01:01,0.05,5.89,5.94,100,247.20,249.70,39.00
2026-08-26 13:10:05,13:03:01,0.05,5.79,5.84,100,248.50,249.60,38.00
2026-08-26 13:11:25,13:05:01,0.05,5.84,5.89,100,242.50,249.60,38.00
2026-08-26 13:12:06,13:07:02,0.05,6.46,6.51,100,244.00,249.40,37.00
2026-08-26 13:13:26,13:08:02,0.05,4.99,5.04,100,240.00,249.40,37.00
2026-08-26 13:14:06,13:09:02,0.05,5.36,5.41,100,238.20,249.40,37.00
2026-08-26 13:15:27,13:10:02,0.05,5.50,5.55,100,238.90,249.40,37.00
2026-08-26 13:16:07,13:11:02,0.05,5.38,5.43,100,239.70,249.30,37.00
2026-08-26 13:17:27,13:12:02,0.05,5.39,5.44,100,242.90,249.40,37.00
2026-08-26 13:18:07,13:13:02,0.05,5.26,5.31,100,241.90,249.30,37.00
2026-08-26 13:19:28,13:14:02,0.05,5.11,5.16,100,239.10,249.30,37.00
2026-08-26 13:20:08,13:15:02,0.05,5.17,5.22,100,235.90,249.30,37.00
2026-08-26 13:21:28,13:16:02,0.05,5.10,5.15,100,233.50,249.30,37.00
2026-08-26 13:22:08,13:17:02,0.05,4.72,4.77,100,240.40,249.30,37.00
2026-08-26 13:23:29,13:18:02,0.05,4.66,4.71,100,237.20,249.30,37.00
2026-08-26 13:24:09,13:19:02,0.05,5.84,5.89,100,240.40,249.30,37.00
2026-08-26 13:25:29,13:20:03,0.05,6.01,6.06,100,241.90,249.30,37.00
2026-08-26 13:26:10,13:21:03,0.05,6.01,6.06,100,236.50,249.30,37.00
2026-08-26 13:26:50,13:22:03,0.05,6.03,6.08,100,236.30,249.30,37.00
2026-08-26 13:28:10,13:23:03,0.05,6.01,6.06,100,234.80,249.10,37.00
2026-08-26 13:28:51,13:24:03,0.05,5.91,5.96,100,238.90,249.10,37.00
2026-08-26 13:30:11,13:25:03,0.05,5.79,5.84,100,239.50,249.10,37.00
2026-08-26 13:30:51,13:26:03,0.05,5.79,5.84,100,239.50,249.10,37.00
2026-08-26 13:32:11,13:27:03,0.05,5.77,5.82,100,246.20,249.10,37.00
2026-08-26 13:32:52,13:28:03,0.05,4.23,4.28,100,236.30,249.10,37.00
2026-08-26 13:34:12,13:29:03,0.05,4.89,4.94,100,241.20,249.10,37.00
2026-08-26 13:34:53,13:30:03,0.05,5.46,5.51,100,235.20,249.10,37.00
2026-08-26 13:36:13,13:31:03,0.05,5.29,5.34,100,240.00,249.10,37.00
2026-08-26 13:36:54,13:32:03,0.05,5.27,5.32,100,240.80,249.10,37.00
2026-08-26 13:38:14,13:33:03,0.05,5.34,5.39,100,241.00,249.10,37.00
2026-08-26 13:38:55,13:34:03,0.05,5.34,5.39,100,242.10,249.10,37.00
2026-08-26 13:40:16,13:35:04,0.05,5.30,5.35,100,245.10,249.10,37.00
2026-08-26 13:40:56,13:36:04,0.05,5.35,5.40,100,240.20,249.10,37.00
2026-08-27 11:45:01,11:40:55,6.05,0.02,4.82,85.,241.50,251.10,49.00
2026-08-27 11:46:21,11:41:55,6.00,0.03,4.22,85.,246.20,251.40,49.00
2026-08-27 11:47:01,11:42:55,6.02,0.01,4.02,85.,246.80,251.60,49.00
2026-08-27 11:48:22,11:43:55,5.89,0.06,4.04,86.,247.40,251.60,49.00
2026-08-27 11:49:02,11:44:55,6.00,0.03,4.00,86.,246.40,251.70,49.00
2026-08-27 11:50:22,11:45:55,6.09,0.11,4.06,86.,248.50,251.90,49.00
2026-08-27 11:51:02,11:46:55,6.10,0.02,3.96,86.,246.20,252.00,49.00
2026-08-27 11:52:23,11:47:55,6.16,0.02,3.97,87.,246.60,252.00,49.00
2026-08-27 11:53:03,11:48:55,6.21,0.04,4.06,87.,246.60,252.00,49.00
2026-08-27 11:54:23,11:49:55,6.20,0.06,4.00,87.,247.70,252.00,49.00
2026-08-27 11:55:04,11:50:55,6.18,0.01,3.95,88.,246.20,252.00,49.00
2026-08-27 11:56:24,11:51:56,6.15,0.02,4.06,88.,245.50,252.00,49.00
2026-08-27 11:57:04,11:52:56,6.06,0.04,3.91,88.,244.40,252.00,49.00
2026-08-27 11:58:25,11:53:56,6.20,-0.12,3.59,88.,249.40,252.20,49.00
2026-08-27 11:59:05,11:54:56,6.19,0.09,3.53,89.,248.10,252.40,49.00
2026-08-27 12:00:25,11:55:56,6.26,0.08,3.57,89.,248.50,252.60,49.00
2026-08-27 12:01:05,11:56:56,6.26,0.10,3.84,89.,247.00,252.30,49.00
2026-08-27 12:02:26,11:57:56,6.28,0.06,3.69,89.,248.10,252.40,49.00
2026-08-27 12:03:06,11:58:56,6.19,0.13,3.73,89.,248.30,252.40,49.00
2026-08-27 12:04:26,11:59:56,6.17,0.17,4.25,89.,250.20,251.90,49.00
2026-08-27 12:05:06,12:00:56,6.23,0.09,4.13,89.,250.40,251.90,49.00
2026-08-27 12:06:27,12:01:56,6.11,0.11,4.16,89.,249.40,252.00,49.00
2026-08-27 12:07:07,12:02:56,6.20,0.12,4.26,89.,249.60,251.90,49.00
2026-08-27 12:08:27,12:03:56,6.20,0.15,4.26,89.,247.70,251.90,49.00
2026-08-27 12:09:08,12:04:56,6.12,0.11,4.93,89.,245.10,251.30,49.00
2026-08-27 12:10:28,12:05:57,6.23,0.00,4.95,89.,245.90,251.10,50.00
2026-08-27 12:11:08,12:06:57,6.25,0.00,4.77,89.,247.70,251.30,50.00
2026-08-27 12:12:29,12:07:57,6.29,0.03,4.66,89.,245.50,251.60,50.00
2026-08-27 12:13:09,12:08:57,6.20,0.06,4.76,89.,246.20,251.60,50.00
2026-08-27 12:14:29,12:09:57,6.14,0.09,4.78,89.,247.20,251.60,50.00
2026-08-27 12:16:30,12:11:57,6.14,0.05,4.38,89.,245.50,251.90,50.00
2026-08-27 12:17:10,12:12:57,6.35,0.07,4.33,89.,246.20,252.20,50.00
2026-08-27 12:18:30,12:13:57,6.28,0.09,4.51,89.,246.60,252.20,50.00
2026-08-27 12:19:11,12:14:57,6.38,0.06,4.55,89.,245.50,252.00,50.00
2026-08-27 12:20:31,12:15:57,6.36,0.09,4.59,89.,245.90,252.00,50.00
2026-08-27 12:21:11,12:16:57,6.31,0.03,4.56,89.,249.20,252.20,50.00
2026-08-27 12:22:32,12:17:57,6.32,0.11,4.59,89.,247.00,252.20,50.00
2026-08-27 12:23:12,12:18:57,6.35,0.12,4.61,89.,249.60,252.20,50.00
2026-08-27 12:24:32,12:19:57,6.42,0.08,4.66,89.,247.40,252.20,50.00
2026-08-27 12:25:12,12:20:58,6.34,0.25,5.16,89.,249.40,251.90,51.00
2026-08-27 12:26:33,12:21:58,6.42,0.09,5.08,89.,246.40,251.70,51.00
2026-08-27 12:27:13,12:22:58,6.34,-0.17,8.69,89.,238.70,247.80,55.00
2026-08-27 12:28:33,12:23:58,6.44,0.79,10.04,88.,231.80,246.10,57.00
2026-08-27 12:29:13,12:24:58,6.47,-0.70,9.20,88.,237.20,245.40,59.00
2026-08-27 12:29:54,12:25:58,6.41,-1.26,7.36,88.,242.70,245.90,61.00
2026-08-27 12:31:14,12:26:58,6.32,-0.88,6.42,87.,241.50,247.10,60.00
2026-08-27 12:31:54,12:27:58,6.42,-0.07,6.37,87.,238.70,248.00,59.00
2026-08-27 12:33:15,12:28:58,6.57,-0.02,6.62,87.,238.20,248.00,59.00
2026-08-27 12:33:55,12:29:58,6.48,6.50,6.80,87.,230.80,252.60,54.00
2026-08-27 12:35:15,12:30:58,6.41,6.04,6.09,88.,237.00,255.00,50.00
2026-08-27 12:35:55,12:31:58,6.54,5.39,5.60,89.,241.00,256.50,48.00
2026-08-27 12:37:16,12:32:58,3.09,5.70,5.88,90.,237.80,253.60,47.00
2026-08-27 12:37:56,12:33:58,3.09,6.84,7.04,92.,237.60,253.60,46.00
2026-08-27 12:39:16,12:34:59,3.09,5.27,5.47,94.,238.50,253.70,45.00
2026-08-27 12:39:56,12:35:59,4.56,3.72,5.39,96.,239.70,254.00,44.00
2026-08-27 12:41:17,12:36:59,6.27,2.19,5.56,97.,243.20,254.50,46.00
2026-08-27 12:41:57,12:37:59,6.54,0.41,5.64,97.,241.70,253.00,48.00
2026-08-27 12:43:17,12:38:59,6.50,0.12,6.22,97.,246.80,251.60,49.00
2026-08-27 12:43:57,12:39:59,6.59,0.09,6.90,97.,245.10,250.60,51.00
2026-08-27 12:45:18,12:40:59,6.64,-0.17,6.99,97.,244.20,249.30,53.00
2026-08-27 12:45:58,12:41:59,6.59,-0.21,6.60,97.,243.80,249.10,53.00
2026-08-27 12:47:19,12:42:59,6.64,-0.19,6.33,97.,242.50,249.30,54.00
2026-08-27 12:47:59,12:43:59,6.69,-0.12,6.38,97.,243.40,249.40,54.00
2026-08-27 12:49:19,12:44:59,3.14,6.01,6.27,97.,237.40,252.90,49.00
2026-08-27 12:50:00,12:45:59,3.13,5.98,6.20,98.,237.40,255.80,47.00
2026-08-27 12:51:20,12:46:59,0.05,5.91,5.94,100,238.00,252.60,45.00
2026-08-27 12:52:00,12:47:59,0.05,6.16,6.19,100,237.80,251.40,44.00
2026-08-27 12:53:21,12:49:00,0.05,5.82,5.85,100,238.20,251.00,43.00
2026-08-27 12:54:01,12:50:00,0.05,5.55,5.60,100,240.20,250.70,43.00
2026-08-27 12:55:21,12:51:00,0.05,5.70,5.73,100,240.00,250.40,42.00
2026-08-27 12:56:01,12:52:00,1.69,3.92,5.59,100,244.00,250.30,42.00
2026-08-27 12:57:22,12:53:00,3.55,1.85,5.40,100,246.40,250.10,43.00
2026-08-27 12:58:02,12:54:00,5.29,-0.02,5.27,100,246.40,250.00,46.00
2026-08-27 12:59:22,12:55:00,6.46,-1.42,5.04,100,247.00,249.80,48.00
2026-08-27 13:00:02,12:56:00,6.50,-1.28,5.22,100,250.40,249.70,49.00
2026-08-27 13:01:23,12:57:00,6.55,-1.34,5.21,100,248.90,249.70,50.00
2026-08-27 13:02:03,12:58:00,6.51,-1.27,5.24,100,251.50,249.70,51.00
2026-08-27 13:03:23,12:59:00,6.36,0.58,6.94,100,250.90,249.60,52.00
2026-08-27 13:04:04,13:00:00,6.27,-0.51,5.76,100,252.40,249.60,52.00
2026-08-27 13:05:24,13:01:00,0.05,5.43,5.48,100,245.70,249.60,48.00
2026-08-27 13:06:04,13:02:00,0.05,5.44,5.49,100,245.10,249.60,46.00
2026-08-27 13:07:25,13:03:01,0.05,6.09,6.14,100,238.70,249.40,44.00
2026-08-27 13:09:25,13:04:01,0.05,6.14,6.19,100,239.50,249.40,43.00
2026-08-27 13:10:06,13:06:01,0.05,6.01,6.06,100,239.50,249.40,42.00
2026-08-27 13:12:06,13:07:01,0.05,6.05,6.10,100,232.00,249.40,41.00
2026-08-27 13:16:07,13:09:01,0.05,6.08,6.13,100,232.90,249.40,40.00
2026-08-27 13:17:27,13:11:01,0.05,5.59,5.64,100,233.70,249.40,39.00
2026-08-27 13:18:08,13:13:01,0.05,5.27,5.32,100,232.90,249.30,38.00
2026-08-27 13:19:28,13:14:01,0.05,4.96,5.01,100,238.50,249.30,38.00
2026-08-27 13:20:08,13:15:01,0.05,4.96,5.01,100,238.50,249.30,38.00
2026-08-27 13:21:29,13:16:01,0.05,4.93,4.98,100,239.10,249.40,38.00
2026-08-27 13:22:09,13:17:02,2.22,2.86,5.08,100,242.10,249.30,39.00
2026-08-27 13:23:29,13:18:02,3.93,1.21,5.14,100,240.20,249.30,41.00
2026-08-27 13:24:09,13:19:02,5.79,-0.56,5.23,100,238.70,249.30,44.00
2026-08-27 13:25:30,13:20:02,6.31,-1.14,5.17,100,243.80,249.10,47.00
2026-08-27 13:26:10,13:21:02,6.34,-1.33,5.01,100,245.50,249.10,48.00
2026-08-27 13:27:30,13:22:02,6.40,-1.35,5.05,100,243.60,249.10,49.00
2026-08-27 13:28:10,13:23:02,6.41,-1.49,4.92,100,249.40,249.10,50.00
2026-08-27 13:29:31,13:24:02,6.36,-1.47,4.86,100,247.20,249.10,51.00
2026-08-27 13:30:11,13:25:02,6.32,-1.07,5.25,100,244.20,249.10,51.00
2026-08-27 13:31:31,13:26:02,0.05,4.96,5.01,100,237.40,249.10,47.00
2026-08-27 13:32:11,13:27:02,0.05,4.80,4.85,100,232.30,249.10,45.00
2026-08-27 13:33:32,13:28:02,0.05,4.89,4.94,100,233.30,249.10,43.00
2026-08-27 13:34:12,13:29:02,0.05,5.29,5.34,100,234.80,249.10,42.00
2026-08-27 13:35:32,13:30:02,0.05,5.05,5.10,100,233.30,249.10,42.00
2026-08-27 13:36:12,13:31:03,0.05,4.95,5.00,100,234.80,249.10,41.00
2026-08-27 13:37:33,13:32:03,0.05,5.13,5.18,100,231.80,249.10,40.00
2026-08-27 13:38:13,13:33:03,2.33,3.24,5.57,100,231.40,249.10,41.00
2026-08-27 13:39:33,13:34:03,4.07,1.67,5.74,100,232.00,249.10,43.00
2026-08-27 13:40:14,13:35:03,5.86,-0.18,5.68,100,238.70,249.10,45.00
2026-08-27 13:40:54,13:36:03,6.27,-0.60,5.67,100,237.60,249.10,47.00
2026-08-27 13:42:14,13:37:03,6.25,-0.99,5.27,100,239.30,249.10,48.00
2026-08-27 13:42:54,13:38:03,6.13,-0.94,5.19,100,238.50,249.10,49.00
2026-08-27 13:44:15,13:39:03,6.14,-0.85,5.29,100,239.70,249.10,50.00
2026-08-27 13:44:55,13:40:03,6.19,-1.16,5.03,100,243.60,249.10,50.00
2026-08-27 13:46:15,13:41:03,4.95,-0.02,4.85,100,235.50,249.00,51.00
2026-08-27 13:46:56,13:42:03,0.05,4.74,4.79,100,239.70,249.10,48.00
2026-08-27 13:48:16,13:43:03,0.05,4.65,4.70,100,238.00,249.10,45.00
2026-08-27 13:48:56,13:44:03,0.05,4.45,4.50,100,240.40,249.10,43.00
2026-08-27 13:50:17,13:45:03,0.05,4.40,4.45,100,238.70,249.10,42.00
2026-08-27 13:50:57,13:46:04,0.05,4.34,4.39,100,240.60,249.10,42.00
2026-08-27 13:52:17,13:47:04,0.05,4.34,4.39,100,238.20,249.10,41.00
2026-08-27 13:52:58,13:48:04,1.86,3.37,5.23,100,238.00,249.00,41.00
2026-08-27 13:54:18,13:49:04,3.65,1.59,5.24,100,241.90,249.00,43.00
2026-08-27 13:54:58,13:50:04,5.38,-0.08,5.30,100,244.70,249.00,45.00
2026-08-27 13:56:19,13:51:04,6.18,-0.90,5.28,100,245.50,249.00,47.00
2026-08-27 13:56:59,13:52:04,6.23,-0.83,5.40,100,240.60,249.00,48.00
2026-08-27 13:58:19,13:53:04,6.15,-0.80,5.35,100,240.00,249.00,49.00
2026-08-27 13:59:00,13:54:04,6.17,-0.91,5.26,100,243.60,249.00,50.00
2026-08-27 14:00:20,13:55:04,6.16,-0.94,5.22,100,244.90,249.00,50.00
2026-08-27 14:01:00,13:56:04,6.23,-0.95,5.28,100,244.40,249.00,51.00
2026-08-27 14:02:21,13:57:04,6.16,-0.75,5.41,100,244.00,249.00,51.00
2026-08-27 14:03:01,13:58:04,0.05,7.21,7.26,100,230.50,249.00,46.00
2026-08-27 14:04:21,13:59:04,0.05,7.38,7.43,100,230.10,249.00,44.00
2026-08-27 14:05:01,14:00:05,0.05,7.05,7.10,100,229.90,249.00,43.00
2026-08-27 14:06:22,14:01:05,0.05,7.71,7.76,100,230.80,249.00,42.00
2026-08-27 14:07:02,14:02:05,0.05,8.14,8.19,100,231.40,249.00,41.00
2026-08-27 14:08:22,14:03:05,0.05,8.22,8.27,100,230.80,249.00,41.00
2026-08-27 14:09:02,14:04:05,0.87,7.17,8.04,100,226.50,249.00,40.00
2026-08-27 14:10:23,14:05:05,2.76,5.52,8.28,100,230.50,249.00,41.00
2026-08-27 14:11:03,14:06:05,4.14,3.82,8.43,100,232.70,248.70,43.00
2026-08-28 11:45:00,11:40:55,5.37,-0.21,5.16,3.0,248.70,0.20,53.00
2026-08-28 11:46:20,11:41:55,5.29,0.18,5.26,3.0,244.00,243.20,53.00
2026-08-28 11:47:01,11:42:55,5.44,0.13,5.33,3.0,246.80,243.30,53.00
2026-08-28 11:48:21,11:43:55,5.57,-0.08,5.30,4.0,248.30,243.30,53.00
2026-08-28 11:49:01,11:44:55,5.53,-0.06,4.62,4.0,248.30,244.10,53.00
2026-08-28 11:50:21,11:45:55,5.52,0.11,4.73,4.0,248.10,244.50,53.00
2026-08-28 11:51:02,11:46:55,5.48,0.13,4.61,4.0,249.60,244.80,53.00
2026-08-28 11:52:22,11:47:55,5.51,0.05,4.46,4.0,247.40,244.90,53.00
2026-08-28 11:53:02,11:48:55,5.56,0.50,4.86,4.0,249.20,245.10,53.00
2026-08-28 11:54:22,11:49:56,5.66,0.20,4.81,4.0,249.40,245.20,53.00
2026-08-28 11:55:03,11:50:56,5.78,0.11,4.77,4.0,251.50,245.40,53.00
2026-08-28 11:56:23,11:51:56,5.68,0.15,4.85,5.0,249.60,245.40,53.00
2026-08-28 11:57:03,11:52:56,5.63,0.14,4.37,5.0,251.10,245.80,52.00
2026-08-28 11:58:24,11:53:56,5.73,0.15,4.58,5.0,249.40,245.80,52.00
2026-08-28 11:59:04,11:54:56,5.75,0.19,5.23,5.0,247.90,245.40,52.00
2026-08-28 12:00:24,11:55:56,5.77,0.00,5.39,5.0,248.90,244.90,52.00
2026-08-28 12:01:05,11:56:56,5.82,-0.04,5.30,5.0,248.50,244.90,52.00
2026-08-28 12:02:25,11:57:56,5.81,0.01,5.04,5.0,248.70,245.20,52.00
2026-08-28 12:03:05,11:58:56,5.90,0.11,5.65,5.0,248.70,244.80,53.00
2026-08-28 12:04:26,11:59:56,5.75,-0.02,5.42,5.0,249.80,244.60,53.00
2026-08-28 12:05:06,12:00:56,5.87,0.09,5.48,5.0,246.80,244.80,53.00
2026-08-28 12:06:26,12:01:56,5.84,0.09,5.49,5.0,247.40,244.80,53.00
2026-08-28 12:07:06,12:02:56,5.69,0.07,5.47,6.0,247.20,244.80,53.00
2026-08-28 12:08:27,12:03:57,5.88,0.08,5.55,6.0,246.20,244.80,53.00
2026-08-28 12:09:07,12:04:57,5.84,0.08,5.36,6.0,247.40,244.90,53.00
2026-08-28 12:10:27,12:05:57,5.82,0.09,5.30,6.0,246.20,244.90,53.00
2026-08-28 12:11:07,12:06:57,5.89,0.06,5.42,6.0,244.90,245.10,53.00
2026-08-28 12:12:28,12:07:57,5.72,0.07,5.32,6.0,247.00,244.90,53.00
2026-08-28 12:13:08,12:08:57,5.96,0.09,5.29,6.0,247.90,245.10,53.00
2026-08-28 12:14:28,12:09:57,5.83,-0.25,4.46,6.0,248.50,245.70,53.00
2026-08-28 12:15:09,12:10:57,5.98,0.11,4.49,6.0,251.10,246.20,53.00
2026-08-28 12:16:29,12:11:57,6.00,0.16,4.54,6.0,251.90,246.20,53.00
2026-08-28 12:17:09,12:12:57,5.87,0.12,4.39,7.0,252.10,246.50,53.00
2026-08-28 12:18:30,12:13:57,6.02,0.10,4.35,7.0,252.40,246.70,52.00
2026-08-28 12:19:10,12:14:57,6.11,0.09,4.33,7.0,248.50,246.80,52.00
2026-08-28 12:20:30,12:15:57,6.03,0.14,4.30,7.0,248.10,246.80,52.00
2026-08-28 12:21:10,12:16:57,5.93,0.14,4.50,9.0,248.70,246.80,52.00
2026-08-28 12:23:11,12:18:58,5.99,0.11,4.28,9.0,249.20,246.80,52.00
2026-08-28 12:24:31,12:19:58,5.83,0.23,4.43,9.0,245.70,247.00,51.00
2026-08-28 12:25:12,12:20:58,5.95,0.04,5.18,9.0,243.80,246.40,51.00
2026-08-28 12:26:32,12:21:58,5.94,-0.11,9.27,9.0,232.90,242.90,54.00
2026-08-28 12:27:12,12:22:58,6.00,-0.27,9.80,9.0,232.30,241.00,58.00
2026-08-28 12:28:32,12:23:58,5.97,8.07,8.23,10.,228.80,248.70,52.00
2026-08-28 12:29:13,12:24:58,6.01,7.79,8.05,11.,232.70,249.80,49.00
2026-08-28 12:30:33,12:25:58,6.04,8.20,8.44,11.,234.40,250.40,47.00
2026-08-28 12:31:13,12:26:58,6.01,8.45,8.75,12.,233.70,250.60,46.00
2026-08-28 12:32:33,12:27:58,5.88,8.77,8.86,13.,232.00,250.90,45.00
2026-08-28 12:33:14,12:28:58,5.95,9.07,9.20,14.,241.50,250.90,44.00
2026-08-28 12:34:34,12:29:58,5.86,9.02,9.24,14.,240.20,251.00,43.00
2026-08-28 12:35:14,12:30:58,6.04,7.49,7.70,15.,238.70,251.10,43.00
2026-08-28 12:36:35,12:31:59,6.08,7.37,7.60,17.,238.90,251.10,42.00
2026-08-28 12:37:15,12:32:59,6.04,5.39,7.38,18.,243.60,250.00,43.00
2026-08-28 12:38:35,12:33:59,6.09,3.42,7.08,18.,244.40,248.80,44.00
2026-08-28 12:39:16,12:34:59,6.12,1.60,6.97,18.,248.70,247.50,47.00
2026-08-28 12:40:36,12:35:59,6.11,0.12,6.42,18.,251.30,246.70,49.00
2026-08-28 12:41:16,12:36:59,6.13,0.15,6.28,18.,250.20,246.70,50.00
2026-08-28 12:42:36,12:37:59,6.03,0.08,6.23,18.,248.50,246.40,51.00
2026-08-28 12:43:17,12:38:59,6.16,-0.30,5.35,18.,247.20,246.80,52.00
2026-08-28 12:44:37,12:39:59,6.17,0.10,5.72,18.,245.30,246.80,52.00
2026-08-28 12:45:17,12:40:59,6.11,0.04,5.83,18.,248.70,246.80,52.00
2026-08-28 12:45:57,12:41:59,6.18,5.78,6.06,19.,240.20,251.30,47.00
2026-08-28 12:47:18,12:42:59,6.19,6.63,6.94,20.,241.00,251.60,46.00
2026-08-28 12:47:58,12:43:59,6.16,6.62,6.82,21.,240.20,251.60,45.00
2026-08-28 12:49:18,12:44:59,6.17,6.52,6.73,21.,239.10,251.60,44.00
2026-08-28 12:49:59,12:46:00,6.16,6.34,6.54,22.,238.90,251.60,43.00
2026-08-28 12:51:19,12:47:00,6.17,6.40,6.61,23.,239.50,251.60,43.00
2026-08-28 12:52:00,12:48:00,6.17,6.52,6.71,25.,240.80,251.60,42.00
2026-08-28 12:53:20,12:49:00,6.18,6.52,6.74,26.,240.40,251.60,42.00
2026-08-28 12:54:00,12:50:00,6.09,6.36,6.49,26.,240.80,251.60,41.00
2026-08-28 12:55:21,12:51:00,6.17,4.84,6.48,27.,240.60,250.60,41.00
2026-08-28 12:56:01,12:52:00,6.14,2.41,5.71,28.,246.80,249.30,43.00
2026-08-28 12:57:21,12:53:00,6.21,0.82,5.92,28.,247.70,248.00,46.00
2026-08-28 12:58:01,12:54:00,6.15,0.00,5.76,28.,248.10,247.20,48.00
2026-08-28 12:59:22,12:55:00,6.15,0.06,5.87,28.,248.70,247.10,49.00
2026-08-28 13:00:02,12:56:00,6.14,0.07,5.79,28.,247.40,247.10,50.00
2026-08-28 13:02:03,12:57:00,6.15,1.87,7.38,28.,249.80,247.20,51.00
2026-08-28 13:07:24,12:58:00,6.18,1.86,7.67,28.,253.00,247.10,52.00
2026-08-28 13:08:04,12:59:00,6.16,1.63,7.86,28.,252.10,247.00,52.00
2026-08-28 13:10:05,13:00:01,6.14,7.31,7.50,29.,244.70,251.40,47.00
2026-08-28 13:11:25,13:01:01,6.17,7.40,7.61,30.,245.10,251.60,46.00
2026-08-28 13:12:05,13:02:01,6.19,7.43,7.66,30.,244.00,251.60,45.00
2026-08-28 13:13:26,13:03:01,6.22,8.52,8.75,31.,241.70,251.70,44.00
2026-08-28 13:14:06,13:04:01,6.22,8.48,8.71,32.,241.00,251.60,43.00
2026-08-28 13:15:26,13:05:01,6.18,8.34,8.64,34.,241.70,251.60,43.00
2026-08-28 13:16:06,13:06:01,6.17,8.09,8.34,35.,242.90,251.60,42.00
2026-08-28 13:17:27,13:07:01,6.27,8.17,8.46,35.,242.30,251.60,42.00
2026-08-28 13:18:07,13:09:01,6.25,7.80,8.04,37.,244.00,251.60,41.00
2026-08-28 13:19:27,13:10:01,6.25,7.75,7.96,38.,244.20,251.60,41.00
2026-08-28 13:20:08,13:11:01,6.26,6.44,6.64,38.,241.00,251.60,41.00
2026-08-28 13:21:28,13:13:01,6.25,6.52,6.94,40.,240.80,251.60,40.00
2026-08-28 13:22:08,13:17:02,6.19,6.23,6.44,44.,240.20,251.60,40.00
2026-08-28 13:23:29,13:18:02,6.20,5.79,6.00,45.,243.40,251.70,40.00
2026-08-28 13:24:09,13:19:02,6.22,5.70,5.96,46.,241.50,251.60,40.00
2026-08-28 13:25:29,13:20:02,6.13,5.84,6.11,47.,242.30,251.70,40.00
2026-08-28 13:26:09,13:21:02,6.24,7.21,7.44,47.,244.00,251.70,40.00
2026-08-28 13:27:30,13:22:02,6.20,7.20,7.44,48.,242.30,251.90,40.00
2026-08-28 13:28:10,13:23:02,6.25,7.30,7.69,50.,245.70,251.90,40.00
2026-08-28 13:29:31,13:24:02,6.31,7.13,7.45,51.,244.40,251.90,39.00
2026-08-28 13:30:11,13:25:02,6.17,7.15,7.30,52.,244.70,252.00,39.00
2026-08-28 13:31:32,13:26:02,6.28,7.49,7.70,52.,244.20,252.00,39.00
2026-08-28 13:32:12,13:27:02,6.33,7.47,7.75,53.,243.20,252.20,39.00
2026-08-28 13:33:32,13:28:02,6.31,8.21,8.58,54.,240.80,252.30,39.00
2026-08-28 13:34:13,13:29:03,6.30,8.15,8.37,55.,244.70,252.30,39.00
2026-08-28 13:35:33,13:30:03,6.27,6.69,6.93,56.,241.00,252.40,39.00
2026-08-28 13:36:13,13:31:03,6.26,6.49,6.72,56.,238.90,252.40,39.00
2026-08-28 13:37:34,13:32:03,6.26,6.49,6.77,57.,240.60,252.70,39.00
2026-08-28 13:38:14,13:33:03,6.32,6.24,6.50,59.,241.00,252.70,39.00
2026-08-28 13:39:35,13:34:03,6.27,6.14,6.35,60.,240.60,252.90,39.00
2026-08-28 13:40:15,13:35:03,6.26,6.08,6.27,60.,240.00,253.00,39.00
2026-08-28 13:41:35,13:36:03,6.31,5.94,6.15,61.,235.00,253.20,39.00
2026-08-28 13:42:15,13:37:03,6.28,6.10,6.33,62.,236.50,253.30,39.00
2026-08-28 13:43:36,13:38:03,6.18,5.78,5.96,63.,235.50,253.50,39.00
2026-08-28 13:44:16,13:39:03,6.33,5.77,6.02,64.,240.80,253.60,39.00
2026-08-28 13:45:36,13:40:03,6.24,5.81,5.99,64.,239.30,253.60,39.00
2026-08-28 13:46:17,13:41:03,6.30,5.82,6.05,65.,239.30,253.60,39.00
2026-08-28 13:47:37,13:42:03,6.28,5.80,6.07,67.,239.30,253.60,39.00
2026-08-28 13:48:17,13:43:04,6.22,5.89,6.13,68.,240.80,253.70,39.00
2026-08-28 13:49:37,13:44:04,6.28,5.29,5.54,69.,238.90,253.70,39.00
2026-08-28 13:50:18,13:45:04,6.28,4.02,5.45,69.,241.20,253.00,39.00
2026-08-28 13:50:58,13:46:04,6.16,2.23,5.35,70.,240.80,251.60,41.00
2026-08-28 13:52:18,13:47:04,6.23,0.65,5.46,70.,245.30,250.30,44.00
2026-08-28 13:52:58,13:48:04,6.09,0.08,5.43,70.,244.70,249.70,46.00
2026-08-28 13:54:19,13:49:04,6.23,0.41,7.26,70.,239.50,248.50,48.00
2026-08-28 13:54:59,13:50:04,6.25,-0.22,7.41,70.,242.30,247.70,51.00
2026-08-28 13:56:19,13:51:04,6.03,-0.21,7.32,70.,243.20,247.50,52.00
2026-08-28 13:56:59,13:52:04,6.21,-0.17,7.64,70.,242.70,247.40,54.00
2026-08-28 13:58:20,13:53:04,6.09,2.73,2.88,70.,234.80,251.10,55.00
2026-08-28 13:59:00,13:54:04,6.20,8.15,8.34,70.,230.80,253.70,48.00
2026-08-28 14:00:20,13:55:04,6.21,8.00,8.19,71.,226.90,254.20,46.00
2026-08-28 14:01:01,13:56:04,6.21,8.22,8.43,72.,228.80,254.30,45.00
2026-08-28 14:02:21,13:57:05,6.20,7.88,8.11,75.,226.00,254.30,44.00
2026-08-28 14:03:01,13:58:05,6.16,7.59,7.86,76.,226.90,254.30,44.00
2026-08-28 14:04:22,13:59:05,6.18,7.60,7.91,78.,228.60,254.30,43.00
2026-08-28 14:05:02,14:00:05,6.23,7.54,7.77,79.,226.50,254.30,43.00
2026-08-28 14:06:22,14:01:05,6.10,7.44,7.59,81.,225.60,254.30,42.00
2026-08-28 14:07:03,14:02:05,6.10,7.38,7.69,82.,218.80,254.30,42.00
2026-08-28 14:08:23,14:03:05,6.16,7.30,7.51,84.,223.10,254.30,42.00
2026-08-28 14:09:03,14:04:05,6.09,7.38,7.55,85.,225.80,254.30,41.00
2026-08-28 14:10:23,14:05:05,6.18,6.34,6.57,86.,221.60,254.50,41.00
2026-08-28 14:11:04,14:06:05,6.14,6.45,6.64,88.,223.30,254.60,41.00
2026-08-29 11:45:02,11:40:56,1.61,2.93,4.54,0.0,232.30,0.40,42.00
2026-08-29 11:46:22,11:41:56,1.56,2.54,4.10,0.0,233.50,0.40,42.00
2026-08-29 11:47:02,11:42:56,1.59,1.93,3.52,0.0,235.00,0.40,42.00
2026-08-29 11:48:23,11:43:56,1.62,1.90,3.52,0.0,234.20,0.40,43.00
2026-08-29 11:49:03,11:44:56,1.60,1.92,3.52,0.0,234.60,0.40,43.00
2026-08-29 11:50:23,11:45:57,1.70,1.95,3.65,0.0,234.60,0.40,43.00
2026-08-29 11:51:03,11:46:57,1.66,1.84,3.50,0.0,234.40,0.40,44.00
2026-08-29 11:52:24,11:47:57,1.69,1.87,3.56,0.0,236.30,0.40,44.00
2026-08-29 11:53:04,11:48:57,1.70,1.85,3.55,0.0,235.50,0.40,44.00
2026-08-29 11:54:24,11:49:57,1.70,1.76,3.46,0.0,235.50,0.40,44.00
2026-08-29 11:55:04,11:50:57,1.75,2.32,4.07,0.0,236.70,0.40,45.00
2026-08-29 11:56:25,11:51:57,1.81,2.39,4.20,0.0,236.50,0.40,45.00
2026-08-29 11:57:05,11:52:57,1.85,2.76,4.61,0.0,236.70,0.40,45.00
2026-08-29 11:58:25,11:53:57,1.78,2.69,4.47,0.0,234.40,0.40,45.00
2026-08-29 11:59:06,11:54:57,1.83,2.66,4.49,0.0,233.30,0.40,45.00
2026-08-29 12:00:26,11:55:57,1.80,2.70,4.50,0.0,236.30,0.40,46.00
2026-08-29 12:01:06,11:56:57,1.86,2.59,4.45,0.0,229.50,0.40,46.00
2026-08-29 12:02:27,11:57:57,1.87,2.26,4.13,0.0,231.20,0.40,46.00
2026-08-29 12:03:07,11:58:57,1.95,2.12,4.07,0.0,230.80,0.40,46.00
2026-08-29 12:04:27,11:59:57,2.02,2.07,4.09,0.0,228.60,0.40,46.00
2026-08-29 12:05:07,12:00:58,2.03,2.08,4.11,0.0,229.00,0.40,45.00
2026-08-29 12:06:28,12:01:58,2.01,2.10,4.11,0.0,230.30,0.40,45.00
2026-08-29 12:07:08,12:02:58,1.99,2.07,4.06,0.0,234.20,0.40,45.00
2026-08-29 12:08:28,12:03:58,1.90,1.67,3.57,0.0,234.60,0.40,44.00
2026-08-29 12:09:09,12:04:58,1.90,1.80,3.70,0.0,235.20,0.40,44.00
2026-08-29 12:10:29,12:05:58,1.90,1.77,3.67,0.0,230.80,0.40,44.00
2026-08-29 12:11:09,12:06:58,1.90,1.41,3.31,0.0,236.10,0.40,43.00
2026-08-29 12:12:30,12:07:58,1.96,1.37,3.33,0.0,233.70,0.40,43.00
2026-08-29 12:13:10,12:08:58,2.04,1.37,3.41,0.0,232.00,0.40,43.00
2026-08-29 12:14:30,12:09:58,2.11,1.31,3.39,0.0,236.30,0.40,43.00
2026-08-29 12:15:10,12:10:58,2.17,1.32,3.49,0.0,236.70,0.40,43.00
2026-08-29 12:16:31,12:11:58,2.20,1.30,3.50,0.0,234.60,0.40,43.00
2026-08-29 12:17:11,12:12:58,2.17,1.28,3.45,0.0,238.20,0.40,43.00
2026-08-29 12:18:32,12:13:58,2.14,1.69,3.83,0.0,234.20,0.40,43.00
2026-08-29 12:19:12,12:14:59,2.17,1.60,3.77,0.0,233.30,0.40,42.00
2026-08-29 12:20:32,12:15:59,2.14,1.59,3.73,0.0,235.00,0.40,42.00
2026-08-29 12:21:12,12:16:59,2.11,1.77,3.88,0.0,234.60,0.40,42.00
2026-08-29 12:22:33,12:17:59,2.14,1.76,3.90,0.0,231.40,0.40,42.00
2026-08-29 12:23:13,12:18:59,2.19,1.77,3.96,0.0,235.90,0.40,42.00
2026-08-29 12:24:33,12:19:59,2.34,1.68,4.02,0.0,236.70,0.40,42.00
2026-08-29 12:25:13,12:20:59,2.46,1.65,4.11,0.0,236.50,0.40,42.00
2026-08-29 12:26:34,12:21:59,2.54,2.14,4.68,0.0,238.50,0.40,42.00
2026-08-29 12:27:14,12:22:59,2.69,2.84,5.53,0.0,238.20,0.40,42.00
2026-08-29 12:28:35,12:23:59,3.14,5.54,8.68,0.0,229.00,0.40,42.00
2026-08-29 12:29:15,12:24:59,4.39,4.41,8.80,0.0,231.60,0.40,43.00
2026-08-29 12:30:35,12:25:59,4.77,4.41,9.18,0.0,231.80,0.40,45.00
2026-08-29 12:31:15,12:26:59,5.52,1.25,6.77,0.0,246.20,0.40,45.00
2026-08-29 12:32:36,12:27:59,5.28,1.85,7.13,0.0,239.50,0.40,46.00
2026-08-29 12:33:16,12:29:00,5.27,1.89,7.16,0.0,244.00,0.40,46.00
2026-08-29 12:34:36,12:30:00,5.58,1.70,7.28,0.0,243.40,0.40,47.00
2026-08-29 12:35:16,12:31:00,5.05,1.17,6.22,0.0,242.10,0.40,48.00
2026-08-29 12:36:37,12:32:00,4.26,1.80,6.06,0.0,237.80,0.40,48.00
2026-08-29 12:37:17,12:33:00,4.02,3.41,7.43,0.0,232.30,0.40,47.00
2026-08-29 12:38:37,12:34:00,3.50,3.45,6.95,0.0,237.40,0.40,47.00
2026-08-29 12:39:18,12:35:00,2.98,3.07,6.05,0.0,237.40,0.40,46.00
2026-08-29 12:40:38,12:36:00,2.85,3.74,6.59,0.0,237.80,0.40,46.00
2026-08-29 12:41:18,12:37:00,2.90,3.40,6.30,0.0,234.40,0.40,46.00
2026-08-29 12:42:38,12:38:00,3.04,2.46,5.50,0.0,234.60,0.40,45.00
2026-08-29 12:43:19,12:39:00,3.09,2.22,5.31,0.0,238.70,0.40,45.00
2026-08-29 12:44:39,12:40:00,4.14,1.20,5.34,0.0,240.00,0.40,45.00
2026-08-29 12:45:19,12:41:00,4.08,1.68,5.76,0.0,243.60,0.40,45.00
2026-08-29 12:46:40,12:42:00,3.67,1.71,5.38,0.0,241.50,0.40,45.00
2026-08-29 12:47:20,12:43:01,3.55,1.85,5.40,0.0,238.50,0.40,45.00
2026-08-29 12:48:40,12:44:01,3.87,1.63,5.50,0.0,241.20,0.40,45.00
2026-08-29 12:49:21,12:45:01,3.91,1.32,5.23,0.0,238.20,0.40,46.00
2026-08-29 12:50:41,12:46:01,4.25,0.85,5.10,0.0,242.30,0.40,46.00
2026-08-29 12:52:01,12:47:01,4.36,0.62,4.98,0.0,242.30,0.40,46.00
2026-08-29 12:53:23,12:48:01,3.90,1.13,5.03,0.0,243.40,0.40,46.00
2026-08-29 12:54:03,12:49:01,3.77,1.37,5.14,0.0,244.00,0.40,46.00
2026-08-29 12:55:23,12:50:01,4.05,1.10,5.15,0.0,242.10,0.40,46.00
2026-08-29 12:56:03,12:51:01,3.85,1.11,4.96,0.0,243.60,0.40,46.00
2026-08-29 12:57:24,12:52:01,3.43,1.63,5.06,0.0,242.90,0.40,46.00
2026-08-29 12:58:04,12:53:01,3.45,2.13,5.58,0.0,242.30,0.40,46.00
2026-08-29 12:59:24,12:54:01,3.64,2.06,5.70,0.0,245.10,0.40,46.00
2026-08-29 13:00:05,12:55:01,3.74,2.35,6.09,0.0,239.50,0.40,46.00
2026-08-29 13:01:25,12:56:01,4.01,2.11,6.12,0.0,240.40,0.40,46.00
2026-08-29 13:02:05,12:57:02,4.23,1.95,6.18,0.0,241.50,0.40,46.00
2026-08-29 13:03:25,12:58:02,4.56,1.57,6.13,0.0,243.20,0.40,46.00
2026-08-29 13:04:06,12:59:02,5.14,0.90,6.04,0.0,244.90,0.40,47.00
2026-08-29 13:05:26,13:00:02,5.26,1.47,6.73,0.0,240.60,0.40,48.00
2026-08-29 13:06:06,13:01:02,4.46,1.91,6.37,0.0,236.70,0.40,48.00
2026-08-29 13:07:27,13:02:02,3.94,2.35,6.29,0.0,239.10,0.40,48.00
2026-08-29 13:08:07,13:03:02,5.31,0.64,5.95,0.0,241.90,0.40,48.00
2026-08-29 13:10:07,13:05:02,3.17,2.12,5.29,0.0,230.50,0.40,48.00
2026-08-29 13:11:28,13:06:02,3.46,1.74,5.20,0.0,233.70,0.40,48.00
2026-08-29 13:13:28,13:08:02,3.26,1.82,5.08,0.0,233.30,0.40,48.00
2026-08-29 13:14:08,13:09:02,3.37,1.66,5.03,0.0,232.00,0.40,48.00
2026-08-29 13:15:29,13:10:02,3.43,1.66,5.09,0.0,231.20,0.40,48.00
2026-08-29 13:16:09,13:11:03,5.15,-0.85,4.30,0.0,239.10,0.40,48.00
2026-08-29 13:17:30,13:12:03,7.63,0.57,4.51,0.0,247.40,244.60,49.00
2026-08-29 13:18:10,13:13:03,6.56,0.10,4.49,1.0,247.00,244.60,49.00
2026-08-29 13:19:30,13:14:03,6.91,0.04,4.21,1.0,247.20,245.50,49.00
2026-08-29 13:20:10,13:15:03,7.13,0.05,4.31,1.0,249.40,245.80,49.00
2026-08-29 13:21:31,13:16:03,6.46,0.05,4.28,2.0,248.10,245.80,49.00
2026-08-29 13:22:11,13:17:03,7.12,0.15,4.59,2.0,247.40,246.10,49.00
2026-08-29 13:23:31,13:18:03,7.19,0.12,4.48,2.0,251.30,246.40,49.00
2026-08-29 13:24:11,13:19:03,2.79,1.55,4.63,2.0,241.70,243.90,48.00
2026-08-29 13:25:32,13:20:03,7.14,-1.06,4.74,3.0,252.80,244.90,49.00
2026-08-29 13:26:12,13:21:03,5.71,-0.21,4.11,3.0,235.70,245.50,49.00
2026-08-29 13:27:32,13:22:03,6.12,-0.05,5.39,3.0,235.70,245.50,49.00
2026-08-29 13:28:12,13:23:03,3.75,1.38,5.44,3.0,232.30,243.80,50.00
2026-08-29 13:29:33,13:24:03,7.34,-1.25,6.09,3.0,241.90,0.20,50.00
2026-08-29 13:30:13,13:25:04,6.80,-0.84,6.27,3.0,239.50,243.80,51.00
2026-08-29 13:31:33,13:26:04,6.82,-0.05,5.80,3.0,242.70,244.10,51.00
2026-08-29 13:32:14,13:27:04,6.67,-0.06,5.79,3.0,238.90,244.90,52.00
2026-08-29 13:33:34,13:28:04,8.10,-0.06,6.03,3.0,245.50,245.50,52.00
2026-08-29 13:34:14,13:29:04,6.44,-0.25,5.44,4.0,239.70,244.90,52.00
2026-08-29 13:35:35,13:30:04,4.43,0.55,5.29,4.0,237.60,243.60,52.00
2026-08-29 13:36:15,13:31:04,6.39,0.08,5.25,4.0,245.50,245.40,52.00
2026-08-29 13:37:35,13:32:04,4.72,0.30,5.33,4.0,242.50,244.60,52.00
2026-08-29 13:38:16,13:33:04,3.73,1.04,5.08,4.0,240.60,243.90,51.00
2026-08-29 13:39:36,13:34:04,6.86,-2.40,4.46,4.0,245.50,0.20,52.00
2026-08-29 13:40:16,13:35:04,3.37,0.74,4.42,4.0,239.10,243.90,51.00
2026-08-29 13:41:37,13:36:04,3.31,0.80,4.42,4.0,238.50,243.60,51.00
2026-08-29 13:42:17,13:37:04,3.24,0.77,4.01,4.0,236.10,0.20,50.00
2026-08-29 13:43:37,13:38:04,3.54,0.58,4.15,4.0,238.70,0.40,50.00
2026-08-29 13:44:17,13:39:04,3.72,0.87,4.59,4.0,235.70,0.20,50.00
2026-08-29 13:45:38,13:40:05,7.13,-0.40,6.73,4.0,250.00,0.20,52.00
2026-08-29 13:46:18,13:41:05,7.79,2.45,7.00,4.0,245.50,245.40,53.00
2026-08-29 13:47:39,13:42:05,6.00,0.99,7.30,4.0,245.70,243.60,53.00
2026-08-29 13:48:19,13:43:05,4.80,1.66,6.77,4.0,240.20,244.40,51.00
2026-08-29 13:49:39,13:44:05,5.32,1.24,6.56,4.0,242.50,0.40,51.00
2026-08-29 13:50:19,13:45:05,7.08,1.41,8.49,4.0,238.70,0.40,53.00
2026-08-29 13:51:40,13:46:05,6.43,2.05,8.48,4.0,237.00,0.20,54.00
2026-08-29 13:52:20,13:47:05,7.04,1.53,8.57,4.0,239.10,0.40,54.00
2026-08-29 13:53:40,13:48:05,6.77,1.73,8.50,4.0,240.40,0.20,54.00
2026-08-29 13:54:20,13:49:05,6.79,8.09,8.37,4.0,234.00,248.80,49.00
2026-08-29 13:55:41,13:50:05,6.57,7.74,7.97,5.0,234.00,250.00,47.00
2026-08-29 13:56:21,13:51:05,6.58,7.60,7.91,6.0,230.10,250.10,45.00
2026-08-29 13:57:41,13:52:05,6.77,6.31,6.57,7.0,232.70,250.60,44.00
2026-08-29 13:58:21,13:53:05,6.65,6.31,6.50,9.0,232.30,250.70,43.00
2026-08-29 13:59:02,13:54:06,6.69,4.96,6.48,10.,234.60,249.80,43.00
2026-08-29 14:00:22,13:55:06,6.73,3.22,6.55,10.,237.60,248.70,44.00
2026-08-29 14:01:02,13:56:06,6.52,2.04,7.13,11.,235.50,247.40,46.00
2026-08-29 14:02:22,13:57:06,6.59,0.49,7.08,11.,239.70,245.90,49.00
2026-08-29 14:03:03,13:58:06,6.58,-0.17,7.02,11.,241.70,245.10,51.00
2026-08-29 14:04:23,13:59:06,6.25,-0.25,6.95,11.,240.40,244.80,52.00
2026-08-29 14:05:03,14:00:06,6.53,0.03,7.46,11.,240.80,244.60,53.00
2026-08-29 14:06:24,14:01:06,6.54,-0.71,5.85,11.,246.20,244.90,54.00
2026-08-29 14:07:04,14:02:06,6.50,-0.11,5.82,11.,245.50,245.70,54.00
2026-08-29 14:08:24,14:03:06,6.43,1.52,7.44,11.,246.60,245.80,54.00
2026-08-29 14:09:04,14:04:06,6.50,7.05,7.23,11.,238.90,250.30,49.00
2026-08-29 14:10:25,14:05:06,6.55,6.95,7.15,12.,240.40,251.00,47.00
2026-08-29 14:11:05,14:06:06,6.46,7.03,7.21,13.,239.10,251.30,45.00
2026-08-30 11:45:05,11:40:55,6.27,-0.05,4.11,23.,250.60,249.00,50.00
2026-08-30 11:46:25,11:41:55,6.24,0.03,4.13,23.,246.20,249.00,50.00
2026-08-30 11:47:06,11:42:55,6.34,-0.08,4.22,23.,237.80,249.00,50.00
2026-08-30 11:48:26,11:43:56,6.30,0.00,4.16,25.,243.80,249.00,50.00
2026-08-30 11:49:06,11:44:56,6.31,-0.13,4.09,25.,237.20,249.10,50.00
2026-08-30 11:50:27,11:45:56,6.32,-0.05,3.83,25.,245.90,249.30,50.00
2026-08-30 11:51:07,11:46:56,6.34,0.00,3.80,25.,247.20,249.30,50.00
2026-08-30 11:52:27,11:47:56,6.34,-0.05,3.75,26.,238.20,249.40,50.00
2026-08-30 11:53:07,11:48:56,6.32,0.00,3.76,26.,244.20,249.60,50.00
2026-08-30 11:54:28,11:49:56,6.25,-0.04,3.72,27.,239.50,249.60,50.00
2026-08-30 11:55:08,11:50:56,6.32,-0.09,3.57,27.,230.80,249.40,50.00
2026-08-30 11:56:28,11:51:56,6.38,-0.19,4.05,27.,228.40,249.10,50.00
2026-08-30 11:57:08,11:52:56,6.44,-0.14,4.04,28.,227.30,249.10,50.00
2026-08-30 11:58:29,11:53:56,6.30,-0.05,3.99,28.,234.00,249.30,50.00
2026-08-30 11:59:09,11:54:56,6.30,-0.03,4.16,28.,238.20,249.10,50.00
2026-08-30 12:00:29,11:55:56,6.42,0.12,4.38,28.,226.00,249.10,50.00
2026-08-30 12:01:09,11:56:56,6.45,-0.01,4.18,29.,236.50,249.10,51.00
2026-08-30 12:02:30,11:57:56,6.48,-0.02,4.05,29.,235.90,249.10,51.00
2026-08-30 12:03:10,11:58:57,6.45,-0.07,4.09,29.,238.20,249.10,51.00
2026-08-30 12:04:30,11:59:57,6.47,3.81,4.07,30.,233.30,252.00,48.00
2026-08-30 12:05:11,12:00:57,6.49,3.66,3.85,31.,228.80,252.30,46.00
2026-08-30 12:06:31,12:01:57,6.43,3.59,3.94,32.,235.20,252.20,45.00
2026-08-30 12:07:11,12:02:57,6.47,3.12,3.29,32.,235.50,252.30,44.00
2026-08-30 12:08:31,12:03:57,6.41,3.01,3.22,34.,231.20,252.30,44.00
2026-08-30 12:09:12,12:04:57,6.53,2.75,3.13,35.,240.60,251.90,43.00
2026-08-30 12:10:32,12:05:57,6.47,0.63,3.09,36.,242.70,250.60,44.00
2026-08-30 12:11:12,12:06:57,6.53,0.03,3.92,36.,236.30,249.40,46.00
2026-08-30 12:12:32,12:07:57,6.47,-0.10,3.76,36.,237.00,249.30,47.00
2026-08-30 12:13:13,12:08:57,6.53,-0.08,3.64,37.,242.10,249.60,47.00
2026-08-30 12:14:33,12:09:57,6.53,-0.07,3.47,37.,235.70,249.70,47.00
2026-08-30 12:15:13,12:10:57,6.46,-0.04,3.40,38.,228.40,249.70,48.00
2026-08-30 12:16:34,12:11:58,6.50,-0.01,3.65,38.,238.20,249.60,48.00
2026-08-30 12:17:14,12:12:58,6.54,-0.03,3.65,38.,240.20,249.60,48.00
2026-08-30 12:18:34,12:13:58,6.54,0.30,4.00,39.,242.10,249.60,49.00
2026-08-30 12:19:14,12:14:58,6.51,-0.03,3.64,39.,233.70,249.70,49.00
2026-08-30 12:20:35,12:15:58,6.46,0.00,3.44,40.,240.80,249.70,49.00
2026-08-30 12:21:15,12:16:58,6.57,-0.02,3.51,40.,241.50,249.70,49.00
2026-08-30 12:22:35,12:17:58,6.52,-0.05,3.45,40.,242.10,249.70,49.00
2026-08-30 12:23:16,12:18:58,6.61,-0.06,3.41,42.,235.70,249.80,49.00
2026-08-30 12:24:36,12:19:58,6.55,-0.01,3.52,42.,246.20,249.80,49.00
2026-08-30 12:25:16,12:20:58,6.48,-0.01,3.38,43.,244.70,249.80,49.00
2026-08-30 12:26:36,12:21:58,6.68,-0.01,4.06,43.,240.80,249.60,49.00
2026-08-30 12:27:17,12:22:58,6.54,-0.01,3.97,43.,246.60,249.60,50.00
2026-08-30 12:28:37,12:23:58,6.62,-0.19,3.64,44.,246.40,249.60,50.00
2026-08-30 12:29:17,12:24:58,6.66,-0.01,3.51,44.,246.80,249.80,50.00
2026-08-30 12:30:38,12:25:59,6.66,0.00,3.59,44.,240.20,250.00,50.00
2026-08-30 12:31:18,12:26:59,6.69,0.03,3.60,45.,241.00,250.00,50.00
2026-08-30 12:32:38,12:27:59,6.53,0.03,3.69,45.,247.40,249.70,50.00
2026-08-30 12:33:19,12:28:59,6.71,0.06,3.80,46.,242.10,249.80,50.00
2026-08-30 12:34:39,12:29:59,6.68,-0.04,3.64,46.,237.60,249.80,50.00
2026-08-30 12:35:19,12:30:59,6.71,0.00,3.56,46.,238.00,250.00,50.00
2026-08-30 12:36:40,12:31:59,6.66,0.09,3.68,47.,246.60,250.10,50.00
2026-08-30 12:37:20,12:32:59,6.53,0.04,3.67,47.,242.30,250.10,50.00
2026-08-30 12:38:40,12:33:59,6.65,0.03,3.18,48.,238.20,250.40,50.00
2026-08-30 12:39:20,12:34:59,6.65,-0.02,4.06,48.,237.80,249.80,50.00
2026-08-30 12:40:41,12:35:59,6.71,-0.04,3.95,48.,230.10,249.80,50.00
2026-08-30 12:41:21,12:36:59,6.65,-0.12,3.79,50.,237.60,249.80,50.00
2026-08-30 12:42:41,12:37:59,6.69,-0.05,3.77,50.,239.10,249.80,50.00
2026-08-30 12:43:21,12:38:59,6.68,-0.11,5.38,50.,235.70,248.70,52.00
2026-08-30 12:44:42,12:40:00,6.67,5.08,5.26,51.,234.00,252.60,48.00
2026-08-30 12:45:22,12:41:00,6.60,5.03,5.16,52.,238.00,252.90,47.00
2026-08-30 12:46:42,12:42:00,6.59,6.01,6.13,53.,225.80,252.90,46.00
2026-08-30 12:47:23,12:43:00,6.68,5.30,5.50,54.,237.20,253.20,45.00
2026-08-30 12:48:43,12:44:00,6.66,5.33,5.51,54.,235.00,253.20,44.00
2026-08-30 12:49:24,12:45:00,6.67,5.40,5.74,55.,228.80,253.30,44.00
2026-08-30 12:50:44,12:46:00,6.75,5.26,5.63,56.,232.70,253.50,43.00
2026-08-30 12:51:24,12:47:00,6.69,5.30,5.55,57.,233.30,253.60,43.00
2026-08-30 12:52:45,12:48:00,6.78,5.25,5.46,59.,234.20,253.70,43.00
2026-08-30 12:53:25,12:49:00,6.69,5.22,5.47,60.,231.80,253.70,42.00
2026-08-30 12:54:05,12:50:00,6.74,3.70,3.87,60.,231.60,253.90,42.00
2026-08-30 12:55:26,12:51:00,6.69,3.72,3.91,61.,230.80,253.90,42.00
2026-08-30 12:56:06,12:52:00,6.61,1.99,4.13,62.,242.30,252.70,42.00
2026-08-30 12:57:26,12:53:00,6.74,0.17,3.92,63.,243.20,251.60,45.00
2026-08-30 12:58:06,12:54:01,6.81,-0.01,3.86,63.,236.70,251.30,46.00
2026-08-30 12:59:27,12:55:01,6.71,-0.05,3.72,63.,237.40,251.30,47.00
2026-08-30 13:00:07,12:56:01,6.86,0.00,3.82,64.,238.20,251.40,47.00
2026-08-30 13:01:27,12:57:01,6.91,-0.03,3.87,64.,241.90,251.40,48.00
2026-08-30 13:03:28,12:58:01,6.95,-0.03,3.96,64.,233.70,251.60,48.00
2026-08-30 13:04:08,12:59:01,6.98,0.00,3.99,65.,240.80,251.60,49.00
2026-08-30 13:05:28,13:00:01,6.91,-0.02,3.85,65.,241.00,251.70,49.00
2026-08-30 13:06:08,13:01:01,7.02,-0.02,3.96,67.,240.80,251.90,49.00
2026-08-30 13:07:29,13:02:01,6.92,5.82,6.07,68.,235.20,254.60,47.00
2026-08-30 13:08:09,13:03:01,6.93,5.51,5.77,68.,231.60,254.80,46.00
2026-08-30 13:09:29,13:04:01,6.97,5.82,6.12,69.,226.30,254.80,45.00
2026-08-30 13:10:09,13:05:01,5.17,5.53,5.74,70.,221.60,253.50,44.00
2026-08-30 13:11:30,13:06:01,6.34,4.69,4.75,71.,230.50,254.30,44.00
2026-08-30 13:12:10,13:07:01,6.97,4.66,4.96,72.,233.10,254.80,43.00
2026-08-30 13:13:30,13:08:02,5.78,4.66,4.86,73.,234.00,254.50,43.00
2026-08-30 13:14:11,13:09:02,2.37,4.64,4.73,73.,229.50,251.30,43.00
2026-08-30 13:15:31,13:10:02,2.03,2.94,4.73,73.,234.80,249.60,43.00
2026-08-30 13:16:11,13:11:02,2.53,-0.01,3.16,73.,242.10,249.00,45.00
2026-08-30 13:17:31,13:12:02,7.22,0.24,3.51,73.,240.80,251.70,46.00
2026-08-30 13:18:12,13:13:02,6.09,-0.08,3.43,73.,231.00,250.90,47.00
2026-08-30 13:19:32,13:14:02,7.61,-0.04,4.80,75.,238.20,250.30,48.00
2026-08-30 13:20:12,13:15:02,3.05,-0.12,3.62,75.,226.00,248.80,48.00
2026-08-30 13:21:32,13:16:02,2.68,-0.15,3.57,75.,225.40,248.30,48.00
2026-08-30 13:22:13,13:17:02,2.91,-0.09,3.44,75.,229.50,248.50,48.00
2026-08-30 13:23:33,13:18:02,4.47,-0.09,3.49,75.,228.40,249.80,49.00
2026-08-30 13:24:13,13:19:02,7.78,-0.03,3.49,75.,231.80,252.60,49.00
2026-08-30 13:25:34,13:20:02,6.52,-0.04,3.48,76.,242.30,252.00,49.00
2026-08-30 13:26:14,13:21:02,7.22,0.00,3.30,76.,239.10,253.20,49.00
2026-08-30 13:27:34,13:22:03,2.72,-0.04,3.47,77.,234.00,249.40,49.00
2026-08-30 13:28:15,13:23:03,6.56,-0.10,4.10,77.,231.60,251.00,49.00
2026-08-30 13:29:35,13:24:03,7.42,-0.12,3.95,77.,235.20,252.40,50.00
2026-08-30 13:30:15,13:25:03,7.15,-0.06,4.09,78.,236.10,252.60,50.00
2026-08-30 13:31:35,13:26:03,7.24,-0.07,3.97,79.,231.00,252.70,50.00
2026-08-30 13:32:16,13:27:03,7.08,-0.06,5.24,80.,227.10,251.60,51.00
2026-08-30 13:33:36,13:28:03,6.90,4.86,5.07,81.,225.00,255.50,49.00
2026-08-30 13:34:16,13:29:03,6.96,4.69,4.95,82.,226.50,255.90,47.00
2026-08-30 13:35:37,13:30:03,6.94,4.36,4.60,84.,229.50,255.60,46.00
2026-08-30 13:36:17,13:31:03,6.93,4.40,4.74,85.,232.70,255.90,45.00
2026-08-30 13:37:37,13:32:03,6.91,4.53,4.74,86.,233.70,255.90,44.00
2026-08-30 13:38:17,13:33:03,6.86,4.58,4.74,87.,237.80,256.10,44.00
2026-08-30 13:39:38,13:34:03,6.88,4.03,4.25,88.,233.10,256.30,43.00
2026-08-30 13:40:18,13:35:03,6.79,3.98,4.15,89.,231.40,257.10,43.00
2026-08-30 13:41:38,13:36:04,3.09,5.79,5.97,90.,233.30,255.30,43.00
2026-08-30 13:42:18,13:37:04,5.53,2.91,5.57,93.,243.20,254.50,44.00
2026-08-30 13:43:39,13:38:04,6.77,0.00,3.89,94.,243.60,254.90,46.00
2026-08-30 13:44:19,13:39:04,4.66,-0.09,3.82,96.,237.40,253.00,47.00
2026-08-30 13:45:39,13:40:04,2.81,-0.04,3.77,96.,235.00,250.30,47.00
2026-08-30 13:46:20,13:41:04,3.10,-0.06,3.63,96.,235.70,249.00,48.00
2026-08-30 13:47:40,13:42:04,4.10,-0.06,3.75,96.,238.00,249.30,48.00
2026-08-30 13:48:20,13:43:04,3.80,-0.10,3.70,96.,236.10,249.30,49.00
2026-08-30 13:49:41,13:44:04,2.52,0.06,3.96,96.,230.50,248.10,49.00
2026-08-30 13:50:21,13:45:04,3.21,-0.09,3.96,96.,239.70,249.40,49.00
2026-08-30 13:51:41,13:46:04,4.23,-0.01,4.00,96.,237.60,251.10,50.00
2026-08-30 13:52:22,13:47:04,7.73,-0.11,4.77,96.,237.60,251.70,51.00
2026-08-30 13:53:42,13:48:04,7.50,-0.10,4.65,96.,240.60,252.00,51.00
2026-08-30 13:54:22,13:49:04,7.57,-0.82,3.88,95.,239.30,254.30,51.00
2026-08-30 13:55:42,13:50:05,2.48,-0.13,3.50,95.,232.00,250.70,51.00
2026-08-30 13:56:23,13:51:05,2.85,-0.15,3.00,95.,230.80,250.30,51.00
2026-08-30 13:57:43,13:52:05,2.84,-0.04,3.00,95.,237.20,250.10,51.00
2026-08-30 13:58:23,13:53:05,2.64,-0.01,3.68,95.,232.00,249.30,51.00
2026-08-30 13:59:44,13:54:05,3.82,0.11,3.61,95.,238.50,250.00,51.00
2026-08-30 14:00:24,13:55:05,7.79,-1.16,3.76,95.,240.20,254.90,51.00
2026-08-30 14:01:44,13:56:05,4.59,-0.04,3.26,98.,233.10,255.30,51.00
2026-08-30 14:02:24,13:57:05,3.38,0.52,3.88,100,232.30,254.80,51.00
2026-08-30 14:03:45,13:58:05,3.96,0.13,4.07,100,235.90,253.60,51.00
2026-08-30 14:04:25,13:59:05,4.11,-0.13,4.10,100,234.20,252.60,51.00
2026-08-30 14:05:05,14:00:05,6.14,-1.74,4.38,100,244.00,252.20,52.00
2026-08-30 14:06:25,14:01:05,3.08,1.19,4.25,100,236.30,251.70,52.00
2026-08-30 14:07:06,14:02:05,4.31,-0.08,4.84,100,238.50,250.10,52.00
2026-08-30 14:08:26,14:03:05,6.99,-2.32,4.67,100,243.80,250.40,54.00
2026-08-30 14:09:06,14:04:05,3.62,0.50,4.02,100,240.40,250.30,53.00
2026-08-30 14:10:26,14:05:06,3.81,-0.43,3.38,100,238.50,250.30,53.00
2026-08-30 14:11:06,14:06:06,4.18,-0.07,4.11,100,239.50,250.30,53.00
2026-08-31 11:45:01,11:39:56,6.31,0.04,3.84,38.,240.60,249.60,50.00
2026-08-31 11:45:41,11:40:56,6.41,0.01,4.08,38.,241.00,249.40,50.00
2026-08-31 11:46:21,11:41:56,6.39,-0.04,4.01,38.,241.00,249.40,50.00
2026-08-31 11:47:41,11:42:56,6.62,0.00,4.28,39.,248.70,249.40,50.00
2026-08-31 11:48:21,11:43:56,6.53,0.02,4.16,39.,246.80,249.40,50.00
2026-08-31 11:49:42,11:44:56,6.57,0.00,4.16,39.,241.70,249.30,50.00
2026-08-31 11:50:22,11:45:56,6.57,-0.03,4.38,40.,246.60,249.10,50.00
2026-08-31 11:51:42,11:46:57,6.61,0.15,3.77,40.,245.90,249.80,50.00
2026-08-31 11:52:22,11:47:57,6.66,0.01,3.73,40.,242.90,249.80,50.00
2026-08-31 11:53:43,11:48:57,6.70,0.11,3.79,42.,245.50,250.00,50.00
2026-08-31 11:54:23,11:49:57,6.70,0.06,3.84,42.,246.60,249.80,50.00
2026-08-31 11:55:43,11:50:57,6.49,0.13,4.10,43.,247.00,249.80,50.00
2026-08-31 11:56:24,11:51:57,6.75,0.02,3.83,43.,248.30,249.80,50.00
2026-08-31 11:57:44,11:52:57,6.59,0.04,3.76,43.,246.20,249.80,50.00
2026-08-31 11:58:24,11:53:57,6.73,0.04,3.75,44.,246.60,250.00,50.00
2026-08-31 11:59:44,11:54:57,6.75,1.09,4.82,44.,247.00,250.00,50.00
2026-08-31 12:00:25,11:55:57,6.67,0.08,4.21,45.,247.90,249.70,50.00
2026-08-31 12:01:45,11:56:57,6.83,0.21,4.85,45.,246.40,249.30,50.00
2026-08-31 12:02:25,11:57:57,6.69,0.07,5.50,45.,248.10,248.50,51.00
2026-08-31 12:03:46,11:58:57,6.81,-0.08,5.32,45.,247.00,248.50,51.00
2026-08-31 12:04:26,11:59:57,6.80,-0.01,5.00,46.,245.70,248.80,52.00
2026-08-31 12:05:46,12:00:58,6.79,0.07,4.87,46.,249.60,249.00,52.00
2026-08-31 12:06:26,12:01:58,6.79,0.99,7.36,46.,247.90,247.70,53.00
2026-08-31 12:07:47,12:02:58,6.80,0.36,7.97,46.,248.90,246.70,54.00
2026-08-31 12:08:27,12:03:58,6.82,1.45,7.24,46.,251.30,248.30,55.00
2026-08-31 12:09:47,12:04:58,6.85,-0.16,7.77,46.,250.20,246.70,55.00
2026-08-31 12:10:28,12:05:58,6.86,2.54,6.68,46.,250.40,249.70,54.00
2026-08-31 12:11:48,12:06:58,6.88,2.51,6.57,47.,251.30,250.00,53.00
2026-08-31 12:12:28,12:07:58,6.93,2.92,6.54,47.,251.50,250.10,53.00
2026-08-31 12:13:09,12:08:58,6.90,1.40,6.76,47.,249.80,249.00,53.00
2026-08-31 12:14:29,12:09:58,6.81,1.22,6.74,48.,252.40,249.00,53.00
2026-08-31 12:15:09,12:10:58,6.93,1.99,6.83,48.,252.60,249.30,53.00
2026-08-31 12:16:30,12:11:58,6.84,1.70,6.63,48.,250.60,249.00,53.00
2026-08-31 12:17:10,12:12:58,6.74,-0.84,5.48,48.,251.30,248.30,53.00
2026-08-31 12:18:30,12:13:58,6.81,0.12,5.14,48.,247.90,249.00,54.00
2026-08-31 12:19:10,12:14:59,6.89,-0.20,4.07,50.,247.20,249.80,53.00
2026-08-31 12:20:31,12:15:59,6.94,0.09,4.96,50.,246.40,249.60,53.00
2026-08-31 12:21:11,12:16:59,6.77,-0.10,4.63,50.,245.10,249.30,53.00
2026-08-31 12:22:31,12:17:59,7.03,-0.06,4.75,51.,245.50,249.60,53.00
2026-08-31 12:23:12,12:18:59,7.05,0.02,4.75,51.,247.40,249.70,53.00
2026-08-31 12:24:32,12:19:59,6.90,-0.10,4.51,51.,244.70,249.80,53.00
2026-08-31 12:25:12,12:20:59,6.98,-0.01,4.47,52.,246.80,250.00,53.00
2026-08-31 12:26:33,12:21:59,6.85,0.89,5.87,52.,246.40,249.60,53.00
2026-08-31 12:27:13,12:22:59,7.04,0.10,5.88,52.,248.70,248.80,53.00
2026-08-31 12:28:33,12:23:59,7.06,-0.61,4.44,52.,248.30,249.30,53.00
2026-08-31 12:29:13,12:24:59,6.90,0.02,4.27,53.,247.90,250.00,53.00
2026-08-31 12:30:34,12:25:59,7.02,0.36,5.19,53.,244.90,249.80,53.00
2026-08-31 12:31:14,12:26:59,6.82,-0.12,5.01,53.,248.10,249.40,53.00
2026-08-31 12:32:34,12:27:59,7.03,-0.05,4.86,53.,246.80,249.60,53.00
2026-08-31 12:33:14,12:29:00,7.06,0.06,4.90,54.,250.00,249.70,53.00
2026-08-31 12:34:35,12:30:00,6.96,0.07,4.58,54.,248.50,250.00,53.00
2026-08-31 12:35:15,12:31:00,6.98,0.12,4.75,54.,245.70,250.10,53.00
2026-08-31 12:36:35,12:32:00,6.98,-0.04,4.32,55.,250.20,250.40,53.00
2026-08-31 12:37:16,12:33:00,7.07,0.15,4.42,55.,250.90,250.70,53.00
2026-08-31 12:38:36,12:34:00,7.12,0.08,4.32,55.,248.90,250.70,53.00
2026-08-31 12:39:17,12:35:00,7.01,0.18,4.56,56.,251.30,250.90,52.00
2026-08-31 12:40:37,12:36:00,7.01,0.12,4.40,56.,250.00,250.70,52.00
2026-08-31 12:41:17,12:37:00,7.09,0.14,4.37,57.,251.70,251.00,52.00
2026-08-31 12:42:37,12:38:00,7.14,0.14,4.35,57.,252.40,251.10,52.00
2026-08-31 12:43:18,12:39:00,7.16,0.04,4.85,57.,249.20,250.90,52.00
2026-08-31 12:45:18,12:40:00,7.11,-0.02,4.28,59.,248.30,251.10,52.00
2026-08-31 12:53:21,12:41:00,7.10,0.09,4.38,59.,247.70,251.30,52.00
2026-08-31 12:54:41,12:42:00,7.15,0.22,4.48,59.,251.30,251.40,52.00
2026-08-31 12:55:21,12:43:00,7.11,-0.04,5.04,60.,249.20,250.70,52.00
2026-08-31 12:56:41,12:44:01,7.15,-0.06,4.91,60.,249.80,251.00,52.00
2026-08-31 12:57:21,12:45:01,7.02,-0.03,4.74,60.,248.30,251.10,52.00
2026-08-31 12:58:42,12:46:01,7.14,0.05,5.04,60.,250.20,251.10,52.00
2026-08-31 12:59:22,12:47:01,7.06,-0.09,4.92,61.,248.10,251.10,52.00
2026-08-31 13:00:42,12:48:01,6.97,0.18,4.79,61.,251.90,251.90,52.00
2026-08-31 13:01:23,12:49:01,7.16,-0.25,4.52,61.,250.90,251.40,52.00
2026-08-31 13:02:43,12:51:01,7.16,0.38,4.01,62.,252.60,252.60,52.00
2026-08-31 13:03:23,12:52:01,7.18,-0.26,3.21,63.,250.40,252.70,51.00
2026-08-31 13:04:44,12:54:01,7.17,1.51,3.66,64.,249.20,253.60,50.00
2026-08-31 13:05:24,12:58:02,7.04,2.28,4.33,67.,252.60,253.50,48.00
2026-08-31 13:06:44,13:01:02,7.15,0.33,4.87,69.,249.60,251.70,49.00
2026-08-31 13:07:24,13:02:02,7.22,-0.70,4.99,69.,250.20,250.90,51.00
2026-08-31 13:08:45,13:03:02,7.14,-0.05,4.71,69.,251.50,251.40,51.00
2026-08-31 13:09:25,13:04:02,7.21,0.75,4.74,70.,251.70,252.40,51.00
2026-08-31 13:10:46,13:05:02,7.17,0.05,4.70,70.,251.70,251.70,50.00
2026-08-31 13:11:26,13:06:02,7.07,-0.52,4.82,71.,248.10,251.10,52.00
2026-08-31 13:12:46,13:07:02,7.20,0.09,4.75,71.,251.90,251.60,52.00
2026-08-31 13:13:27,13:08:02,7.15,0.07,4.91,71.,250.90,251.60,52.00
2026-08-31 13:14:47,13:09:02,7.12,-0.26,4.42,71.,241.90,251.60,52.00
2026-08-31 13:15:27,13:10:02,7.22,0.09,6.04,72.,246.60,250.70,53.00
2026-08-31 13:16:48,13:11:03,6.93,5.77,6.06,72.,240.80,253.90,53.00
2026-08-31 13:17:28,13:12:03,6.91,5.85,6.08,73.,245.90,255.30,48.00
2026-08-31 13:18:48,13:13:03,6.93,5.82,6.06,75.,245.70,255.30,46.00
2026-08-31 13:19:28,13:14:03,6.92,5.92,6.15,76.,241.90,255.50,45.00
2026-08-31 13:20:09,13:15:03,6.94,5.49,5.75,77.,247.70,255.30,44.00
2026-08-31 13:21:29,13:16:03,6.94,5.42,5.68,78.,249.60,255.50,44.00
2026-08-31 13:22:09,13:17:03,7.18,3.38,5.72,79.,250.00,253.90,44.00
2026-08-31 13:23:30,13:18:03,7.12,2.36,5.77,79.,251.50,252.90,46.00
2026-08-31 13:24:10,13:19:03,7.01,1.94,5.47,80.,251.10,252.30,48.00
2026-08-31 13:25:30,13:20:03,7.13,1.81,5.53,80.,253.20,252.60,48.00
2026-08-31 13:26:10,13:21:03,7.17,2.12,5.58,82.,251.50,252.90,48.00
2026-08-31 13:27:31,13:22:03,7.14,1.54,5.30,84.,250.90,252.60,48.00
2026-08-31 13:28:11,13:23:03,6.98,-0.23,4.06,84.,248.50,251.90,49.00
2026-08-31 13:29:31,13:24:03,7.07,0.12,4.01,85.,248.70,252.60,49.00
2026-08-31 13:30:12,13:25:04,7.09,0.31,4.45,87.,247.00,252.70,49.00
2026-08-31 13:31:32,13:26:04,6.98,0.06,4.85,88.,247.00,252.30,50.00
2026-08-31 13:32:12,13:27:04,7.11,0.03,4.82,89.,245.30,252.20,50.00
2026-08-31 13:33:33,13:28:04,7.12,0.22,5.02,89.,247.00,252.30,50.00
2026-08-31 13:34:13,13:29:04,7.06,0.06,4.91,89.,247.00,252.20,51.00
2026-08-31 13:35:33,13:30:04,6.93,0.09,4.98,89.,247.70,252.30,51.00
2026-08-31 13:36:13,13:31:04,7.02,0.09,5.02,89.,249.80,252.40,51.00
2026-08-31 13:37:34,13:32:04,7.07,0.03,4.93,89.,248.70,252.40,52.00
2026-08-31 13:38:14,13:33:04,7.12,0.68,6.49,89.,252.80,251.90,52.00
2026-08-31 13:39:34,13:34:04,7.12,0.50,6.57,89.,248.90,251.40,53.00
2026-08-31 13:40:14,13:35:04,7.13,1.01,6.49,89.,251.70,251.40,54.00
2026-08-31 13:41:35,13:36:04,6.98,6.21,6.49,89.,242.70,256.10,52.00
2026-08-31 13:42:15,13:37:04,3.13,6.29,6.52,90.,246.80,254.60,48.00
2026-08-31 13:43:35,13:38:04,3.12,5.74,5.96,93.,248.50,254.90,47.00
2026-08-31 13:44:16,13:39:05,3.12,5.69,5.90,94.,247.00,255.60,46.00
2026-08-31 13:45:36,13:40:05,3.12,5.31,5.51,96.,246.60,256.80,45.00
2026-08-31 13:46:16,13:41:05,3.11,5.36,5.52,97.,242.10,258.80,44.00
2026-08-31 13:47:37,13:42:05,2.13,2.08,4.19,100,242.50,254.90,44.00
2026-08-31 13:48:17,13:43:05,3.91,0.32,4.21,100,247.70,253.30,46.00
2026-08-31 13:49:37,13:44:05,5.67,-1.44,4.21,100,251.10,252.40,48.00
2026-08-31 13:50:17,13:45:05,5.91,-1.61,4.28,100,251.10,252.00,50.00
2026-08-31 13:51:38,13:46:05,6.01,-1.71,4.28,100,252.40,251.60,51.00
2026-08-31 13:52:18,13:47:05,5.52,-1.41,4.09,100,251.70,251.30,51.00
2026-08-31 13:53:38,13:48:05,6.94,-2.65,4.27,100,251.50,251.00,53.00
2026-08-31 13:54:19,13:49:05,6.92,-2.53,4.37,100,249.20,250.90,54.00
2026-08-31 13:55:39,13:50:05,6.88,-2.57,4.31,100,249.80,250.70,54.00
2026-08-31 13:56:19,13:51:05,6.95,-2.67,4.28,100,248.90,250.60,55.00
2026-08-31 13:57:40,13:52:05,6.85,-2.69,4.16,100,248.10,250.40,56.00
2026-08-31 13:58:20,13:53:05,6.92,-2.83,4.10,100,249.60,250.40,56.00
2026-08-31 13:59:40,13:54:06,6.83,-2.87,3.96,100,249.60,250.30,56.00
2026-08-31 14:00:20,13:55:06,6.96,-2.90,4.06,100,248.70,250.30,57.00
2026-08-31 14:01:41,13:56:06,6.94,-2.85,4.07,100,245.90,250.10,57.00
2026-08-31 14:02:21,13:57:06,6.87,-2.69,4.14,100,244.40,250.10,57.00
2026-08-31 14:03:41,13:58:06,6.93,-2.81,4.10,100,245.90,250.10,57.00
2026-08-31 14:04:21,13:59:06,6.88,-2.16,4.70,100,247.40,250.00,58.00
2026-08-31 14:05:42,14:00:06,6.90,-2.27,4.61,100,245.70,250.00,58.00
2026-08-31 14:06:22,14:01:06,6.94,-2.69,4.23,100,247.70,250.00,58.00
2026-08-31 14:07:43,14:02:06,6.89,-2.66,4.21,100,245.90,250.00,58.00
2026-08-31 14:08:23,14:03:06,6.91,-2.90,3.99,100,251.70,250.00,58.00
2026-08-31 14:09:43,14:04:06,6.63,-2.49,4.14,100,251.30,250.00,58.00
2026-08-31 14:10:23,14:05:06,6.09,-2.02,4.05,100,250.60,250.00,58.00
2026-08-31 14:11:44,14:06:06,6.45,-2.40,4.03,100,249.20,249.80,58.00
2026-09-01 11:45:04,11:39:56,6.48,0.15,4.09,22.,248.30,249.40,51.00
2026-09-01 11:45:45,11:40:56,6.51,0.02,3.66,23.,248.30,249.60,51.00
2026-09-01 11:46:25,11:41:56,6.54,0.08,3.70,23.,247.90,249.60,51.00
2026-09-01 11:47:45,11:42:56,6.50,0.07,3.65,23.,247.70,249.60,51.00
2026-09-01 11:48:26,11:43:56,6.51,0.08,3.70,25.,248.90,249.70,51.00
2026-09-01 11:49:46,11:44:56,6.54,0.08,3.73,25.,250.20,249.60,51.00
2026-09-01 11:50:27,11:45:56,6.52,0.25,4.58,25.,245.70,249.10,51.00
2026-09-01 11:51:47,11:46:56,6.53,-0.12,4.45,26.,245.50,248.80,51.00
2026-09-01 11:52:27,11:47:56,6.62,0.06,5.09,26.,244.40,248.50,51.00
2026-09-01 11:53:48,11:48:57,6.59,-0.01,5.09,26.,243.40,248.40,51.00
2026-09-01 11:54:28,11:49:57,6.57,-0.16,4.83,26.,243.80,248.40,52.00
2026-09-01 11:55:48,11:50:57,6.46,-0.06,4.72,27.,245.70,248.50,52.00
2026-09-01 11:56:28,11:51:57,6.59,-0.08,4.73,27.,244.70,248.70,52.00
2026-09-01 11:57:49,11:52:57,6.55,-0.05,4.74,27.,244.20,248.70,52.00
2026-09-01 11:58:29,11:53:57,6.64,-0.05,4.91,27.,245.30,248.50,52.00
2026-09-01 11:59:50,11:54:57,6.67,-0.02,4.92,28.,245.50,248.70,52.00
2026-09-01 12:00:30,11:55:57,6.47,-0.03,5.33,28.,244.70,248.30,53.00
2026-09-01 12:01:50,11:56:57,6.69,-0.02,5.04,28.,247.90,248.50,53.00
2026-09-01 12:02:31,11:57:57,6.53,-0.10,4.97,28.,243.20,248.30,53.00
2026-09-01 12:03:51,11:58:57,6.68,0.05,5.67,28.,240.40,248.10,53.00
2026-09-01 12:04:31,11:59:57,6.66,-0.15,6.17,28.,244.20,247.40,55.00
2026-09-01 12:05:52,12:00:57,6.62,-0.12,6.01,28.,245.10,247.40,55.00
2026-09-01 12:06:32,12:01:57,6.57,-0.12,6.03,28.,243.20,247.20,55.00
2026-09-01 12:07:12,12:02:58,6.67,-0.16,5.90,29.,236.30,247.50,56.00
2026-09-01 12:08:33,12:03:58,6.63,-0.05,6.11,29.,237.40,247.20,56.00
2026-09-01 12:09:13,12:04:58,6.67,-0.26,6.09,29.,237.60,247.20,56.00
2026-09-01 12:10:33,12:05:58,6.67,-0.13,6.07,29.,240.80,247.40,56.00
2026-09-01 12:11:13,12:06:58,6.68,0.06,6.57,29.,235.50,247.10,57.00
2026-09-01 12:12:34,12:07:58,6.65,-0.40,7.47,29.,234.00,246.10,58.00
2026-09-01 12:13:14,12:08:58,6.48,6.63,6.78,29.,231.40,251.30,55.00
2026-09-01 12:14:35,12:09:58,6.58,6.43,6.74,30.,231.20,252.30,51.00
2026-09-01 12:15:15,12:10:58,6.66,5.90,6.15,30.,231.20,252.40,49.00
2026-09-01 12:16:35,12:11:58,6.65,5.71,5.95,31.,231.20,252.40,48.00
2026-09-01 12:17:16,12:12:58,6.73,5.81,6.01,32.,230.30,252.40,46.00
2026-09-01 12:18:36,12:13:58,6.58,5.64,5.92,34.,232.00,252.40,45.00
2026-09-01 12:19:16,12:14:58,6.59,4.48,6.00,35.,232.00,251.30,45.00
2026-09-01 12:20:37,12:15:58,6.82,2.89,6.14,35.,234.60,250.10,46.00
2026-09-01 12:21:17,12:16:59,6.86,0.96,6.13,36.,242.10,248.80,48.00
2026-09-01 12:22:38,12:17:59,6.92,-0.10,5.09,36.,239.50,248.50,50.00
2026-09-01 12:23:18,12:18:59,6.89,-0.10,4.66,36.,241.50,248.80,50.00
2026-09-01 12:24:38,12:19:59,6.80,-0.04,4.60,36.,244.40,248.80,50.00
2026-09-01 12:25:18,12:20:59,6.95,-0.02,4.72,37.,240.40,248.80,50.00
2026-09-01 12:26:39,12:21:59,6.90,-0.07,4.64,37.,241.90,249.00,51.00
2026-09-01 12:27:19,12:22:59,6.94,-0.05,4.55,37.,246.20,249.00,51.00
2026-09-01 12:28:40,12:23:59,6.94,-0.06,4.54,38.,244.70,249.00,51.00
2026-09-01 12:29:20,12:24:59,6.88,4.22,4.47,38.,235.90,252.40,48.00
2026-09-01 12:30:41,12:25:59,6.88,4.00,4.27,39.,242.50,252.60,46.00
2026-09-01 12:31:21,12:26:59,6.86,4.31,4.53,40.,243.60,252.60,45.00
2026-09-01 12:32:41,12:27:59,6.87,4.30,4.56,42.,240.40,252.60,44.00
2026-09-01 12:33:21,12:28:59,6.88,4.73,4.97,43.,240.80,252.60,44.00
2026-09-01 12:34:42,12:29:59,6.90,4.15,5.05,44.,245.70,252.00,43.00
2026-09-01 12:35:22,12:31:00,6.71,2.17,4.87,44.,240.20,250.70,44.00
2026-09-01 12:36:43,12:32:00,6.95,0.15,4.51,45.,246.40,249.40,46.00
2026-09-01 12:37:23,12:33:00,6.87,0.08,4.39,45.,254.30,249.40,47.00
2026-09-01 12:38:43,12:34:00,6.93,0.07,4.16,45.,250.90,249.60,48.00
2026-09-01 12:39:23,12:35:00,6.85,0.01,4.07,46.,246.80,249.60,48.00
2026-09-01 12:40:44,12:36:00,6.80,0.03,4.19,46.,249.60,249.60,48.00
2026-09-01 12:41:24,12:37:00,6.90,0.03,5.19,46.,246.60,248.80,49.00
2026-09-01 12:42:44,12:38:00,6.74,-0.10,4.80,47.,244.70,248.70,50.00
2026-09-01 12:43:25,12:39:00,6.96,-0.15,4.47,47.,244.20,249.10,50.00
2026-09-01 12:44:45,12:40:00,6.85,4.25,4.49,47.,246.40,252.40,48.00
2026-09-01 12:45:25,12:41:00,6.87,3.92,4.17,48.,245.30,252.90,46.00
2026-09-01 12:46:46,12:42:00,6.92,4.16,4.46,50.,243.40,252.90,45.00
2026-09-01 12:47:26,12:43:00,6.86,5.11,5.35,51.,239.10,253.00,44.00
2026-09-01 12:48:46,12:44:00,6.92,5.26,5.53,52.,237.80,253.20,43.00
2026-09-01 12:49:26,12:45:01,6.84,5.54,5.75,53.,236.50,253.20,43.00
2026-09-01 12:50:47,12:46:01,6.96,3.58,5.40,54.,240.00,252.00,43.00
2026-09-01 12:51:27,12:47:01,7.03,1.66,5.30,54.,241.70,250.90,45.00
2026-09-01 12:53:28,12:48:01,7.05,0.00,5.18,54.,245.10,249.40,47.00
2026-09-01 12:54:48,12:49:01,7.13,-0.61,4.56,55.,241.70,249.30,48.00
2026-09-01 12:55:28,12:50:01,7.07,0.02,5.40,55.,241.20,249.10,49.00
2026-09-01 12:56:49,12:51:01,7.16,0.00,4.39,55.,246.60,250.10,49.00
2026-09-01 12:57:29,12:52:01,7.07,0.03,4.53,56.,247.20,250.10,49.00
2026-09-01 12:58:49,12:53:01,7.11,-0.56,3.98,56.,249.80,250.30,50.00
2026-09-01 12:59:30,12:54:01,7.19,0.07,4.84,56.,246.40,250.30,50.00
2026-09-01 13:00:50,12:55:01,7.14,-0.04,4.75,57.,244.40,250.10,50.00
2026-09-01 13:01:30,12:56:01,7.00,-0.04,4.60,57.,248.30,250.30,51.00
2026-09-01 13:02:51,12:57:01,7.10,0.06,4.51,57.,247.40,250.60,51.00
2026-09-01 13:03:31,12:58:01,7.16,0.05,4.43,59.,247.00,250.70,51.00
2026-09-01 13:04:51,12:59:02,7.10,0.28,4.93,59.,246.40,250.90,51.00
2026-09-01 13:05:31,13:00:02,7.18,0.05,4.63,59.,250.40,250.90,51.00
2026-09-01 13:06:52,13:01:02,7.11,0.09,4.44,60.,250.00,251.10,51.00
2026-09-01 13:07:32,13:02:02,7.16,0.14,4.67,60.,248.70,251.10,51.00
2026-09-01 13:08:12,13:03:02,7.06,0.09,5.17,60.,248.70,250.70,52.00
2026-09-01 13:09:33,13:04:02,7.22,-0.02,5.22,61.,247.00,250.70,52.00
2026-09-01 13:10:13,13:05:02,7.18,0.01,5.24,61.,248.10,250.70,52.00
2026-09-01 13:11:33,13:06:02,7.07,0.03,5.20,61.,249.60,250.90,52.00
2026-09-01 13:12:14,13:07:02,7.07,0.04,5.06,61.,247.00,250.90,53.00
2026-09-01 13:13:34,13:08:02,7.08,0.00,4.90,62.,245.90,251.00,53.00
2026-09-01 13:14:14,13:09:02,7.16,0.03,4.91,62.,247.20,251.10,53.00
2026-09-01 13:15:35,13:10:02,7.18,0.06,4.96,62.,248.70,251.30,53.00
2026-09-01 13:16:15,13:11:02,7.08,-0.01,4.48,63.,249.20,251.40,53.00
2026-09-01 13:17:35,13:12:02,7.20,0.33,5.20,63.,246.40,251.40,53.00
2026-09-01 13:18:16,13:13:03,7.06,1.06,6.25,63.,245.30,251.10,53.00
2026-09-01 13:19:36,13:14:03,7.15,-0.11,4.86,63.,240.80,251.10,53.00
2026-09-01 13:20:16,13:15:03,7.23,-0.14,4.40,64.,242.70,251.60,53.00
2026-09-01 13:21:36,13:16:03,7.10,-0.02,4.11,64.,243.80,252.20,53.00
2026-09-01 13:22:17,13:17:03,7.01,0.00,4.07,65.,242.90,252.20,53.00
2026-09-01 13:23:37,13:18:03,7.05,-0.02,3.96,65.,242.90,252.30,52.00
2026-09-01 13:24:17,13:19:03,7.14,0.01,3.90,65.,241.70,252.40,52.00
2026-09-01 13:25:38,13:20:03,7.14,0.05,3.84,67.,248.10,252.40,52.00
2026-09-01 13:26:18,13:21:03,7.14,0.09,3.90,67.,245.70,252.60,52.00
2026-09-01 13:27:38,13:22:03,7.01,0.04,3.77,68.,245.10,252.60,52.00
2026-09-01 13:28:18,13:23:03,6.91,0.01,3.82,68.,244.70,252.40,52.00
2026-09-01 13:29:39,13:24:03,7.14,0.00,3.86,69.,243.20,252.40,51.00
2026-09-01 13:30:19,13:25:03,7.07,0.26,4.58,70.,247.20,252.30,51.00
2026-09-01 13:31:39,13:26:03,7.14,0.97,6.03,70.,245.50,251.60,51.00
2026-09-01 13:32:19,13:27:04,7.12,0.12,6.12,70.,250.40,250.70,53.00
2026-09-01 13:33:40,13:28:04,7.02,0.09,5.91,70.,248.70,250.70,53.00
2026-09-01 13:34:20,13:29:04,7.11,0.02,4.80,71.,247.40,251.40,53.00
2026-09-01 13:35:40,13:30:04,7.15,0.02,4.81,71.,247.40,251.70,53.00
2026-09-01 13:36:21,13:31:04,7.04,0.00,5.51,71.,241.70,251.30,53.00
2026-09-01 13:37:41,13:32:04,7.09,0.00,4.22,71.,246.80,252.20,53.00
2026-09-01 13:38:21,13:33:04,7.08,-0.06,4.15,72.,247.00,252.30,53.00
2026-09-01 13:39:42,13:34:04,7.07,0.03,4.20,72.,244.90,252.30,53.00
2026-09-01 13:40:22,13:35:04,7.08,0.03,4.26,73.,248.50,252.40,53.00
2026-09-01 13:41:42,13:36:04,7.09,0.03,4.27,73.,243.80,252.40,53.00
2026-09-01 13:42:23,13:37:04,7.11,0.00,3.86,73.,246.20,252.60,52.00
2026-09-01 13:43:43,13:38:04,7.00,0.09,3.99,75.,247.40,252.70,52.00
2026-09-01 13:44:24,13:39:04,7.01,0.07,3.67,77.,246.40,252.90,52.00
2026-09-01 13:45:44,13:40:04,7.10,0.04,3.35,78.,243.80,253.20,51.00
2026-09-01 13:46:24,13:41:05,7.07,0.08,3.28,79.,244.20,253.30,51.00
2026-09-01 13:47:45,13:42:05,7.12,0.07,3.37,80.,244.20,253.30,50.00
2026-09-01 13:48:25,13:43:05,6.99,0.04,3.57,81.,243.60,253.00,50.00
2026-09-01 13:49:45,13:44:05,7.07,0.02,3.45,84.,245.90,252.90,50.00
2026-09-01 13:50:25,13:45:05,7.05,0.03,3.59,85.,244.70,252.90,50.00
2026-09-01 13:51:46,13:46:05,7.00,0.09,3.58,85.,250.00,252.90,50.00
2026-09-01 13:52:26,13:47:05,7.03,0.31,3.96,86.,249.40,252.90,50.00
2026-09-01 13:53:46,13:48:05,6.97,0.04,4.34,86.,248.10,252.40,50.00
2026-09-01 13:54:27,13:49:05,7.08,-0.02,3.91,87.,248.50,252.70,50.00
2026-09-01 13:55:47,13:50:05,6.99,0.03,3.79,87.,248.90,252.90,50.00
2026-09-01 13:56:27,13:51:05,7.04,0.01,3.82,87.,245.70,252.70,50.00
2026-09-01 13:57:47,13:52:05,6.98,0.00,3.96,88.,246.20,252.90,50.00
2026-09-01 13:58:28,13:53:05,7.02,0.03,3.99,88.,244.70,252.70,50.00
2026-09-01 13:59:48,13:54:05,7.03,0.03,4.16,89.,247.40,252.70,50.00
2026-09-01 14:00:28,13:55:05,7.01,-0.22,3.94,90.,245.10,252.90,50.00
2026-09-01 14:01:48,13:56:06,7.03,-0.07,4.11,90.,245.30,253.00,50.00
2026-09-01 14:02:29,13:57:06,6.98,-0.14,3.98,92.,244.20,253.20,50.00
2026-09-01 14:03:49,13:58:06,6.92,-0.02,4.04,93.,245.10,253.30,50.00
2026-09-01 14:04:29,13:59:06,6.97,0.28,4.39,94.,244.40,253.50,50.00
2026-09-01 14:05:49,14:00:06,6.95,0.05,4.42,94.,245.10,253.20,50.00
2026-09-01 14:06:30,14:01:06,6.89,0.04,4.27,94.,245.10,253.30,50.00
2026-09-01 14:07:50,14:02:06,6.87,0.02,4.28,95.,247.40,253.60,50.00
2026-09-01 14:08:30,14:03:06,6.94,0.04,4.27,96.,245.10,254.00,50.00
2026-09-01 14:09:51,14:04:06,6.91,-0.24,3.80,97.,245.10,254.80,50.00
2026-09-01 14:10:31,14:05:06,6.83,-0.20,3.75,98.,248.10,255.30,50.00
2026-09-01 14:11:51,14:06:06,6.79,-3.08,3.69,100,250.90,253.50,52.00
2026-09-02 11:45:02,11:39:56,6.52,0.02,2.85,77.,245.50,252.90,47.00
2026-09-02 11:45:42,11:40:56,6.51,0.00,2.75,79.,240.80,253.00,47.00
2026-09-02 11:46:22,11:41:56,6.42,0.39,3.25,80.,241.70,252.70,47.00
2026-09-02 11:47:42,11:42:56,6.52,0.06,3.45,81.,248.70,252.60,47.00
2026-09-02 11:48:22,11:43:57,6.53,0.01,3.44,82.,246.60,252.60,47.00
2026-09-02 11:49:43,11:44:57,6.60,0.06,3.35,84.,248.10,252.70,47.00
2026-09-02 11:50:23,11:45:57,6.51,0.06,2.83,84.,249.60,253.20,47.00
2026-09-02 11:51:43,11:46:57,6.62,0.07,2.90,86.,246.20,253.30,47.00
2026-09-02 11:52:24,11:47:57,6.60,0.07,2.90,87.,243.80,253.30,47.00
2026-09-02 11:53:44,11:48:57,6.80,0.03,2.85,88.,243.80,253.60,47.00
2026-09-02 11:54:24,11:49:57,6.80,0.06,2.76,89.,242.30,253.70,47.00
2026-09-02 11:55:44,11:50:57,6.79,0.03,2.77,89.,243.20,253.70,47.00
2026-09-02 11:56:25,11:51:57,6.76,0.04,2.87,89.,242.50,253.90,47.00
2026-09-02 11:57:45,11:52:57,6.65,0.03,2.70,89.,243.20,254.00,47.00
2026-09-02 11:58:26,11:53:57,6.37,0.04,2.34,89.,239.70,254.30,47.00
2026-09-02 11:59:46,11:54:57,6.56,0.02,2.36,89.,242.30,254.60,47.00
2026-09-02 12:00:26,11:55:57,5.46,0.20,3.05,89.,239.50,253.70,47.00
2026-09-02 12:01:47,11:56:57,5.07,-0.05,3.05,92.,240.20,252.60,47.00
2026-09-02 12:02:27,11:57:58,5.21,0.00,3.09,92.,235.70,252.40,47.00
2026-09-02 12:03:47,11:58:58,5.75,0.11,3.02,95.,238.70,253.70,47.00
2026-09-02 12:04:27,11:59:58,6.38,-0.50,3.01,97.,244.70,254.60,48.00
2026-09-02 12:05:48,12:00:58,6.37,-0.48,3.01,98.,244.20,255.20,48.00
2026-09-02 12:06:28,12:01:58,6.55,-0.76,2.90,98.,244.20,256.20,48.00
2026-09-02 12:07:48,12:02:58,6.54,-3.51,3.01,100,248.30,251.70,51.00
2026-09-02 12:08:29,12:03:58,6.87,-3.49,3.36,100,246.40,251.00,53.00
2026-09-02 12:09:49,12:04:58,6.82,-3.63,3.17,100,249.20,250.40,54.00
2026-09-02 12:10:29,12:05:58,6.82,-3.38,3.42,100,251.10,250.00,55.00
2026-09-02 12:11:50,12:06:58,6.65,-3.74,2.88,100,251.10,250.00,55.00
2026-09-02 12:12:30,12:07:58,6.69,-3.60,3.07,100,248.50,249.70,56.00
2026-09-02 12:13:50,12:08:58,6.34,-3.27,3.07,100,250.60,249.60,56.00
2026-09-02 12:14:30,12:09:58,6.23,-3.06,3.17,100,249.20,249.40,56.00
2026-09-02 12:15:51,12:10:58,6.53,-2.82,3.71,100,253.60,249.40,56.00
2026-09-02 12:16:31,12:11:59,6.89,-3.12,3.77,100,246.40,249.30,57.00
2026-09-02 12:17:51,12:12:59,6.85,-3.25,3.60,100,249.80,249.30,57.00
2026-09-02 12:18:31,12:13:59,6.26,-2.38,3.88,100,251.50,249.30,57.00
2026-09-02 12:19:52,12:14:59,6.05,-1.85,4.20,100,251.10,249.10,57.00
2026-09-02 12:20:32,12:15:59,5.68,-1.52,4.16,100,245.70,249.00,57.00
2026-09-02 12:21:52,12:16:59,5.92,-1.05,4.87,100,244.70,249.00,57.00
2026-09-02 12:22:33,12:17:59,4.45,0.49,4.94,100,237.60,249.00,57.00
2026-09-02 12:23:53,12:18:59,7.15,-2.17,4.98,100,250.00,249.10,57.00
2026-09-02 12:24:33,12:19:59,6.48,-1.11,5.35,100,250.40,249.00,58.00
2026-09-02 12:25:53,12:20:59,7.10,-2.37,4.71,100,247.70,249.00,58.00
2026-09-02 12:26:34,12:21:59,5.56,-1.31,4.23,100,251.50,249.00,58.00
2026-09-02 12:27:54,12:22:59,6.61,-2.30,4.29,100,250.90,248.80,58.00
2026-09-02 12:28:34,12:23:59,7.16,-0.30,6.84,100,236.10,248.80,58.00
2026-09-02 12:29:55,12:24:59,6.94,-0.12,6.80,100,235.50,248.80,59.00
2026-09-02 12:30:35,12:25:59,6.90,0.21,7.09,100,239.50,248.80,59.00
2026-09-02 12:31:15,12:27:00,6.85,-0.70,6.13,100,248.70,248.80,59.00
2026-09-02 12:32:35,12:28:00,7.06,-0.96,6.08,100,246.40,248.80,59.00
2026-09-02 12:33:16,12:29:00,7.08,-1.15,5.92,100,246.40,248.80,60.00
2026-09-02 12:34:36,12:30:00,7.04,-1.41,5.61,100,248.30,248.80,60.00
2026-09-02 12:35:16,12:31:00,6.87,-1.30,5.55,100,242.90,248.80,60.00
2026-09-02 12:36:36,12:32:00,7.01,-1.49,5.50,100,241.90,248.80,60.00
2026-09-02 12:37:17,12:33:00,7.02,-1.01,5.99,100,240.60,248.80,60.00
2026-09-02 12:38:37,12:34:00,7.04,-1.73,5.34,100,241.70,248.80,60.00
2026-09-02 12:39:17,12:35:00,7.06,-2.27,4.77,100,251.90,248.70,60.00
2026-09-02 12:41:18,12:36:00,6.96,-2.05,4.89,100,249.60,248.80,60.00
2026-09-02 12:47:19,12:37:00,6.99,-1.74,5.23,100,248.50,248.70,60.00
2026-09-02 12:49:20,12:38:00,6.69,2.26,10.80,100,244.40,247.70,61.00
2026-09-02 12:50:41,12:39:00,6.80,1.10,10.92,100,242.50,245.70,64.00
2026-09-02 12:51:21,12:40:00,5.72,1.38,11.14,98.,245.50,244.60,65.00
2026-09-02 12:52:41,12:41:01,7.10,1.35,11.03,98.,246.60,245.90,66.00
2026-09-02 12:53:21,12:42:01,6.70,1.17,10.81,97.,246.40,245.80,66.00
2026-09-02 12:54:42,12:43:01,6.98,2.14,11.89,97.,242.90,245.80,67.00
2026-09-02 12:55:22,12:44:01,7.05,2.20,12.12,97.,242.50,245.90,68.00
2026-09-02 12:56:42,12:45:01,6.98,2.14,12.06,96.,245.70,245.80,68.00
2026-09-02 12:57:22,12:46:01,6.80,2.12,11.94,96.,241.70,245.70,69.00
2026-09-02 12:58:43,12:47:01,6.47,2.15,11.95,95.,240.20,245.40,69.00
2026-09-02 12:59:23,12:48:01,6.62,2.09,11.75,95.,242.30,245.70,69.00
2026-09-02 13:00:44,12:49:01,6.63,1.79,11.44,94.,244.40,245.80,70.00
2026-09-02 13:01:24,12:50:01,6.74,1.72,11.60,94.,244.70,245.70,70.00
2026-09-02 13:02:44,12:52:01,7.15,0.97,10.72,93.,243.80,245.90,70.00
2026-09-02 13:03:24,12:54:01,7.07,1.14,11.13,92.,243.60,245.80,71.00
2026-09-02 13:04:45,12:57:02,7.06,2.57,12.31,90.,243.20,245.80,71.00
2026-09-02 13:05:25,13:00:02,6.86,12.93,13.17,89.,232.70,252.00,65.00
2026-09-02 13:06:46,13:01:02,6.53,12.58,13.11,89.,228.60,252.30,60.00
2026-09-02 13:07:26,13:02:02,6.75,12.42,12.60,89.,233.30,252.90,57.00
2026-09-02 13:08:46,13:03:02,6.56,12.34,12.76,89.,233.10,252.90,55.00
2026-09-02 13:09:27,13:04:02,6.67,12.31,12.53,89.,232.90,253.30,53.00
2026-09-02 13:10:47,13:05:02,7.02,11.47,12.49,89.,235.50,253.00,51.00
2026-09-02 13:11:27,13:06:02,7.05,9.40,12.07,89.,238.70,252.00,52.00
2026-09-02 13:12:48,13:07:02,7.01,6.40,10.70,89.,237.80,250.90,53.00
2026-09-02 13:13:28,13:08:02,6.91,4.69,10.71,89.,239.30,249.40,55.00
2026-09-02 13:14:48,13:09:02,6.98,3.41,11.23,89.,242.70,247.80,58.00
2026-09-02 13:15:28,13:10:03,6.94,1.03,10.70,89.,246.60,246.20,61.00
2026-09-02 13:16:49,13:11:03,6.99,0.96,10.72,89.,246.80,245.80,63.00
2026-09-02 13:17:29,13:12:03,6.97,1.08,10.80,88.,245.10,245.80,64.00
2026-09-02 13:18:49,13:13:03,6.91,1.01,10.81,88.,245.30,245.80,65.00
2026-09-02 13:19:29,13:14:03,6.88,1.08,10.81,87.,246.40,245.70,66.00
2026-09-02 13:20:50,13:15:03,6.83,1.08,10.78,87.,246.40,245.70,67.00
2026-09-02 13:21:30,13:16:03,6.95,1.06,10.93,87.,245.90,245.70,67.00
2026-09-02 13:22:50,13:17:03,6.93,1.08,10.90,86.,246.20,245.70,68.00
2026-09-02 13:23:30,13:18:03,6.97,2.67,12.34,86.,247.90,245.70,69.00
2026-09-02 13:24:51,13:19:03,6.95,2.74,12.44,86.,248.10,245.80,69.00
2026-09-02 13:25:31,13:20:03,6.89,12.02,12.29,86.,234.00,252.90,59.00
2026-09-02 13:26:51,13:21:03,6.89,12.12,12.37,87.,234.40,253.60,56.00
2026-09-02 13:27:32,13:22:03,6.90,12.10,12.32,88.,234.00,254.00,54.00
2026-09-02 13:28:52,13:23:03,6.90,11.88,12.12,89.,235.20,254.30,52.00
2026-09-02 13:29:32,13:24:04,6.72,11.87,12.11,89.,236.30,254.50,51.00
2026-09-02 13:30:52,13:25:04,6.98,10.27,12.13,89.,237.80,253.60,50.00
2026-09-02 13:31:33,13:26:04,6.91,8.55,11.98,89.,237.80,252.60,51.00
2026-09-02 13:32:53,13:27:04,6.89,5.34,10.48,89.,238.50,251.30,53.00
2026-09-02 13:33:33,13:28:04,6.85,3.56,10.55,89.,239.50,249.60,56.00
2026-09-02 13:34:54,13:29:04,6.91,1.72,10.68,89.,241.00,247.40,59.00
2026-09-02 13:35:34,13:30:04,6.87,0.66,10.50,88.,243.20,245.80,62.00
2026-09-02 13:36:54,13:31:04,6.89,0.24,10.02,88.,245.30,245.50,63.00
2026-09-02 13:37:34,13:32:04,6.89,0.21,10.02,88.,244.40,245.50,65.00
2026-09-02 13:38:55,13:33:04,6.80,0.16,9.90,87.,242.10,245.50,66.00
2026-09-02 13:39:35,13:34:04,6.83,-0.01,9.98,87.,238.90,245.40,67.00
2026-09-02 13:40:55,13:35:04,6.74,0.09,9.92,86.,240.40,245.20,67.00
2026-09-02 13:41:36,13:36:04,6.88,0.85,10.92,86.,236.10,245.20,68.00
2026-09-02 13:42:16,13:37:04,6.86,0.95,11.02,86.,241.20,245.40,69.00
2026-09-02 13:43:36,13:38:05,6.82,0.12,9.86,85.,242.70,245.50,69.00
2026-09-02 13:44:16,13:39:05,6.84,0.56,10.34,85.,243.80,245.50,70.00
2026-09-02 13:45:37,13:40:05,6.72,0.59,10.25,84.,245.10,245.50,70.00
2026-09-02 13:46:17,13:41:05,6.86,1.11,10.98,84.,245.30,245.50,70.00
2026-09-02 13:47:37,13:42:05,6.77,2.00,11.88,82.,239.70,245.40,71.00
2026-09-02 13:48:18,13:43:05,6.75,1.75,11.69,82.,240.40,245.40,71.00
2026-09-02 13:49:38,13:44:05,6.76,1.48,11.47,82.,241.00,245.20,72.00
2026-09-02 13:50:18,13:45:05,6.81,1.36,11.21,81.,242.70,245.40,72.00
2026-09-02 13:51:39,13:46:05,6.69,10.67,10.84,81.,231.60,251.00,69.00
2026-09-02 13:52:19,13:47:05,6.73,10.75,11.03,82.,230.30,252.40,61.00
2026-09-02 13:53:40,13:48:05,6.76,10.87,11.14,84.,227.30,252.60,58.00
2026-09-02 13:54:20,13:49:05,6.72,10.64,10.89,84.,228.80,253.00,55.00
2026-09-02 13:55:40,13:50:05,6.77,10.17,10.41,85.,228.40,253.30,54.00
2026-09-02 13:56:21,13:51:05,6.56,11.18,11.61,86.,226.50,253.60,52.00
2026-09-02 13:57:41,13:52:06,6.79,9.17,11.37,87.,227.80,252.40,52.00
2026-09-02 13:58:21,13:53:06,6.56,7.57,11.24,87.,231.40,251.30,53.00
2026-09-02 13:59:41,13:54:06,6.80,5.68,11.28,88.,231.20,250.00,55.00
2026-09-02 14:00:22,13:55:06,6.74,4.06,11.37,88.,233.50,248.30,57.00
2026-09-02 14:01:42,13:56:06,6.75,2.30,11.44,87.,234.60,246.50,60.00
2026-09-02 14:02:22,13:57:06,6.77,1.33,11.53,87.,235.00,245.40,63.00
2026-09-02 14:03:43,13:58:06,6.73,0.85,11.01,86.,234.80,245.10,65.00
2026-09-02 14:04:23,13:59:06,6.76,1.33,11.59,86.,235.50,245.10,66.00
2026-09-02 14:05:43,14:00:06,6.55,3.17,13.39,85.,235.90,245.10,67.00
2026-09-02 14:06:24,14:01:06,6.76,3.46,13.67,85.,236.50,244.80,68.00
2026-09-02 14:07:44,14:02:06,6.73,3.30,13.52,85.,228.20,244.90,69.00
2026-09-02 14:08:24,14:03:06,6.71,4.96,15.22,84.,229.30,245.10,70.00
2026-09-02 14:09:45,14:04:06,6.65,14.24,14.49,84.,221.60,251.40,64.00
2026-09-02 14:10:25,14:05:06,6.51,12.71,12.89,85.,218.30,252.40,58.00
2026-09-02 14:11:46,14:06:07,6.63,12.31,12.52,86.,219.80,253.00,55.00
2026-09-03 11:45:03,11:39:56,6.46,-0.03,3.33,46.,241.90,250.10,48.00
2026-09-03 11:45:43,11:40:56,6.50,0.00,3.38,46.,237.00,250.30,48.00
2026-09-03 11:46:23,11:41:56,6.54,-0.11,3.28,47.,243.80,250.30,48.00
2026-09-03 11:47:44,11:42:56,6.58,-0.02,3.18,47.,238.90,250.40,48.00
2026-09-03 11:48:24,11:43:56,6.53,0.66,5.90,47.,250.40,248.80,49.00
2026-09-03 11:49:44,11:44:56,6.58,0.13,5.80,48.,249.20,248.30,51.00
2026-09-03 11:50:24,11:45:56,6.65,-0.16,4.35,48.,248.30,249.10,51.00
2026-09-03 11:51:45,11:46:56,6.51,0.07,4.24,48.,239.50,249.60,51.00
2026-09-03 11:52:25,11:47:56,6.68,0.03,3.74,48.,246.20,250.10,51.00
2026-09-03 11:53:46,11:48:56,6.68,0.00,3.91,50.,241.90,250.10,51.00
2026-09-03 11:54:26,11:49:56,6.70,-0.30,3.43,50.,243.20,250.30,51.00
2026-09-03 11:55:46,11:50:56,6.63,-0.05,3.43,51.,243.20,250.60,50.00
2026-09-03 11:56:26,11:51:57,6.75,0.05,3.42,51.,235.00,250.70,50.00
2026-09-03 11:57:47,11:52:57,6.70,0.03,3.40,51.,241.00,250.70,50.00
2026-09-03 11:58:27,11:53:57,6.70,-0.03,2.67,52.,242.30,251.30,49.00
2026-09-03 11:59:47,11:54:57,6.69,-0.02,2.30,53.,240.60,251.60,49.00
2026-09-03 12:00:27,11:55:57,6.75,0.00,2.40,53.,238.20,251.70,48.00
2026-09-03 12:01:48,11:56:57,6.72,-0.01,2.33,54.,243.20,251.70,48.00
2026-09-03 12:02:28,11:57:57,6.70,0.02,2.47,54.,242.50,251.90,48.00
2026-09-03 12:03:48,11:58:57,6.76,0.08,2.97,55.,249.60,251.60,48.00
2026-09-03 12:04:29,11:59:57,6.73,0.12,3.08,55.,234.60,251.60,48.00
2026-09-03 12:05:49,12:00:57,6.75,0.01,3.75,56.,243.40,251.10,48.00
2026-09-03 12:06:29,12:01:57,6.79,0.00,3.86,56.,244.40,251.10,48.00
2026-09-03 12:07:49,12:02:57,6.72,0.00,3.63,56.,242.30,251.30,48.00
2026-09-03 12:08:30,12:03:57,6.76,-0.01,3.76,57.,237.80,251.30,49.00
2026-09-03 12:10:30,12:05:57,6.54,0.02,3.98,59.,239.70,251.30,49.00
2026-09-03 12:11:51,12:06:58,6.79,-0.04,3.66,59.,241.00,251.60,49.00
2026-09-03 12:12:31,12:07:58,6.55,0.00,3.53,59.,235.20,251.70,49.00
2026-09-03 12:13:51,12:08:58,6.71,0.00,4.02,60.,246.80,251.70,49.00
2026-09-03 12:14:31,12:09:58,6.70,0.02,3.40,60.,240.80,252.20,49.00
2026-09-03 12:15:51,12:10:58,6.73,0.05,3.38,61.,240.20,252.30,49.00
2026-09-03 12:16:32,12:11:58,6.74,0.38,4.10,61.,247.00,252.00,49.00
2026-09-03 12:17:52,12:12:58,6.73,0.08,3.87,62.,249.60,251.90,49.00
2026-09-03 12:18:32,12:13:58,6.80,0.11,3.84,62.,251.10,252.00,49.00
2026-09-03 12:19:53,12:14:58,6.86,0.12,3.91,62.,248.90,252.20,49.00
2026-09-03 12:20:33,12:15:58,6.86,0.14,3.83,63.,250.40,252.30,49.00
2026-09-03 12:21:53,12:16:58,6.88,0.13,3.86,63.,253.20,252.20,49.00
2026-09-03 12:22:33,12:17:58,6.85,0.10,3.88,64.,248.30,252.00,49.00
2026-09-03 12:23:54,12:18:58,6.82,0.03,3.97,64.,251.90,252.20,49.00
2026-09-03 12:24:34,12:19:58,6.88,0.25,5.55,64.,247.70,251.30,50.00
2026-09-03 12:25:54,12:20:59,6.79,-0.10,5.44,64.,246.60,250.70,52.00
2026-09-03 12:26:34,12:21:59,6.92,-0.06,5.16,65.,245.70,251.00,52.00
2026-09-03 12:27:55,12:22:59,6.65,-0.09,4.58,65.,249.40,251.10,52.00
2026-09-03 12:28:35,12:23:59,6.82,-0.03,4.02,65.,248.30,252.00,52.00
2026-09-03 12:29:55,12:24:59,6.89,0.00,4.25,67.,246.40,252.00,52.00
2026-09-03 12:30:36,12:25:59,6.70,-0.10,4.14,67.,243.40,251.90,52.00
2026-09-03 12:31:56,12:26:59,6.63,-0.02,4.10,67.,241.50,251.90,52.00
2026-09-03 12:32:36,12:27:59,6.84,-0.05,4.43,68.,239.70,251.70,52.00
2026-09-03 12:33:57,12:28:59,6.91,0.09,4.88,68.,237.80,251.40,52.00
2026-09-03 12:34:37,12:29:59,6.96,0.06,5.16,68.,240.20,251.40,52.00
2026-09-03 12:35:57,12:30:59,6.92,-0.04,3.32,68.,245.90,252.60,52.00
2026-09-03 12:36:37,12:31:59,6.89,0.01,3.03,70.,243.60,253.00,51.00
2026-09-03 12:37:58,12:32:59,6.93,0.00,2.93,71.,245.90,253.20,51.00
2026-09-03 12:38:38,12:33:59,6.61,0.05,2.69,72.,244.90,253.20,51.00
2026-09-03 12:39:58,12:35:00,6.75,0.00,2.91,72.,245.10,253.30,50.00
2026-09-03 12:40:39,12:36:00,6.89,0.06,3.01,73.,243.60,253.20,50.00
2026-09-03 12:41:59,12:37:00,6.79,0.04,2.81,73.,245.30,253.20,50.00
2026-09-03 12:42:39,12:38:00,6.88,-0.04,2.97,75.,246.20,253.20,50.00
2026-09-03 12:43:19,12:39:00,6.85,0.04,2.77,75.,244.00,253.30,50.00
2026-09-03 12:45:20,12:41:00,6.95,0.37,4.12,76.,244.00,252.60,49.00
2026-09-03 12:47:21,12:42:00,6.86,-0.05,3.94,77.,243.60,252.30,50.00
2026-09-03 12:52:42,12:43:00,6.87,-0.05,3.75,77.,245.90,252.40,50.00
2026-09-03 12:54:43,12:44:00,6.93,0.02,3.75,78.,245.10,252.40,50.00
2026-09-03 12:55:23,12:45:00,6.89,0.12,5.31,78.,251.10,251.10,51.00
2026-09-03 12:56:43,12:46:00,7.00,0.11,5.41,78.,250.60,251.10,52.00
2026-09-03 12:57:23,12:47:00,7.01,0.07,5.35,78.,249.80,251.30,52.00
2026-09-03 12:58:44,12:48:00,7.03,0.04,5.39,79.,248.50,251.30,53.00
2026-09-03 12:59:24,12:49:00,7.03,0.08,4.88,79.,249.20,251.60,53.00
2026-09-03 13:00:44,12:50:01,6.91,4.51,4.74,79.,245.10,255.00,51.00
2026-09-03 13:01:25,12:51:01,6.99,4.57,4.86,81.,244.70,256.10,48.00
2026-09-03 13:02:45,12:52:01,6.98,4.60,4.88,82.,246.20,256.10,47.00
2026-09-03 13:03:25,12:53:01,6.93,4.22,4.44,84.,245.10,256.20,46.00
2026-09-03 13:04:46,12:54:01,7.01,4.19,4.49,85.,244.90,256.20,45.00
2026-09-03 13:05:26,12:55:01,6.78,4.28,4.45,86.,246.40,256.50,44.00
2026-09-03 13:06:46,12:56:01,7.01,0.61,3.06,88.,249.60,254.90,45.00
2026-09-03 13:07:27,12:57:01,7.06,0.04,2.87,89.,247.00,254.90,46.00
2026-09-03 13:08:47,12:59:01,7.05,-0.82,3.36,93.,243.20,254.50,48.00
2026-09-03 13:10:48,13:01:01,7.03,-0.57,3.57,96.,247.00,256.30,49.00
2026-09-03 13:11:28,13:03:01,7.01,-3.61,3.38,100,247.20,254.30,53.00
2026-09-03 13:12:48,13:05:02,6.97,-3.82,3.13,100,247.40,251.90,55.00
2026-09-03 13:13:28,13:07:02,6.99,-3.68,3.29,100,247.20,251.10,57.00
2026-09-03 13:14:49,13:09:02,7.07,-2.11,4.94,100,249.40,250.70,58.00
2026-09-03 13:15:29,13:10:02,5.46,-0.98,4.46,100,252.10,250.60,58.00
2026-09-03 13:16:49,13:11:02,0.05,4.50,4.53,100,245.30,250.40,53.00
2026-09-03 13:17:30,13:12:02,0.05,4.40,4.43,100,247.00,250.10,50.00
2026-09-03 13:18:51,13:13:02,0.05,4.50,4.53,100,243.80,250.10,48.00
2026-09-03 13:19:31,13:14:02,0.05,4.45,4.48,100,244.70,250.00,47.00
2026-09-03 13:20:51,13:15:02,0.05,4.49,4.52,100,243.60,250.00,46.00
2026-09-03 13:21:31,13:16:02,0.98,3.51,4.47,100,245.30,250.00,45.00
2026-09-03 13:22:52,13:17:02,2.92,0.43,3.38,100,245.50,249.80,46.00
2026-09-03 13:23:32,13:18:03,4.70,-1.33,3.35,100,246.40,249.80,48.00
2026-09-03 13:24:52,13:19:03,6.43,-3.27,3.16,100,246.80,249.80,51.00
2026-09-03 13:25:33,13:20:03,6.93,-3.27,3.66,100,245.50,249.70,53.00
2026-09-03 13:26:53,13:21:03,6.84,-2.93,3.91,100,247.40,249.70,54.00
2026-09-03 13:27:33,13:22:03,6.88,-2.99,3.89,100,247.20,249.60,55.00
2026-09-03 13:28:53,13:23:03,6.86,-3.17,3.69,100,248.50,249.40,55.00
2026-09-03 13:29:34,13:24:03,6.91,-3.26,3.65,100,246.80,249.60,56.00
2026-09-03 13:30:54,13:25:03,6.96,-3.29,3.67,100,247.40,249.40,56.00
2026-09-03 13:31:34,13:26:03,6.83,-3.30,3.53,100,248.10,249.40,57.00
2026-09-03 13:32:55,13:27:03,0.05,3.43,3.48,100,240.80,249.60,51.00
2026-09-03 13:33:35,13:28:03,0.05,3.34,3.39,100,240.40,249.60,49.00
2026-09-03 13:34:55,13:29:03,0.05,3.31,3.36,100,242.30,249.60,47.00
2026-09-03 13:35:35,13:30:03,0.05,2.96,3.01,100,242.50,249.40,46.00
2026-09-03 13:36:56,13:31:03,0.05,3.16,3.21,100,243.60,249.40,45.00
2026-09-03 13:37:36,13:32:04,1.62,1.70,3.32,100,243.80,249.40,45.00
2026-09-03 13:38:56,13:33:04,3.34,2.04,5.38,100,239.30,249.40,46.00
2026-09-03 13:39:36,13:34:04,5.18,0.18,5.36,100,237.20,249.40,48.00
2026-09-03 13:40:57,13:35:04,6.80,-1.29,5.51,100,237.00,249.30,51.00
2026-09-03 13:41:37,13:36:04,6.74,-1.35,5.39,100,236.10,249.30,52.00
2026-09-03 13:42:57,13:37:04,6.79,-1.40,5.39,100,238.50,249.10,53.00
2026-09-03 13:43:37,13:38:04,6.77,-0.71,6.06,100,239.10,249.30,54.00
2026-09-03 13:44:58,13:39:04,6.83,0.23,7.06,100,236.30,249.30,55.00
2026-09-03 13:45:38,13:40:04,6.78,-0.20,6.58,100,237.60,249.10,55.00
2026-09-03 13:46:58,13:41:04,6.68,-0.04,6.64,100,238.70,249.10,56.00
2026-09-03 13:47:38,13:42:04,0.05,6.21,6.26,100,229.90,249.30,50.00
2026-09-03 13:48:59,13:43:04,0.05,6.22,6.27,100,232.30,249.30,48.00
2026-09-03 13:49:39,13:44:04,0.05,6.18,6.23,100,231.00,249.30,47.00
2026-09-03 13:50:59,13:45:04,0.05,6.19,6.24,100,232.90,249.30,45.00
2026-09-03 13:51:40,13:46:04,0.05,6.16,6.21,100,232.30,249.30,45.00
2026-09-03 13:52:20,13:47:05,0.92,5.55,6.36,100,234.20,249.10,44.00
2026-09-03 13:53:40,13:48:05,2.80,3.59,6.39,100,232.90,249.10,45.00
2026-09-03 13:54:20,13:49:05,4.52,1.43,5.95,100,238.70,249.10,47.00
2026-09-03 13:55:41,13:50:05,6.24,-2.66,3.58,100,248.30,249.10,49.00
2026-09-03 13:56:21,13:51:05,6.69,-2.95,3.74,100,249.40,249.10,51.00
2026-09-03 13:57:41,13:52:05,6.66,-3.11,3.55,100,245.50,249.10,52.00
2026-09-03 13:58:21,13:53:05,6.71,-3.15,3.56,100,247.00,249.00,53.00
2026-09-03 13:59:42,13:54:05,6.70,-3.10,3.60,100,251.50,249.00,54.00
2026-09-03 14:00:22,13:55:05,6.50,-3.09,3.41,100,248.50,249.00,54.00
2026-09-03 14:01:42,13:56:05,6.71,-3.04,3.67,100,250.60,249.00,55.00
2026-09-03 14:02:23,13:57:05,6.72,-2.90,3.82,100,248.90,249.00,55.00
2026-09-03 14:03:43,13:58:05,0.05,3.65,3.70,100,240.60,249.10,50.00
2026-09-03 14:04:23,13:59:05,0.05,3.92,3.97,100,242.30,249.10,48.00
2026-09-03 14:05:44,14:00:05,0.05,4.37,4.42,100,237.00,249.10,46.00
2026-09-03 14:06:24,14:01:06,0.05,4.44,4.49,100,238.90,249.10,45.00
2026-09-03 14:07:44,14:02:06,0.05,4.52,4.55,100,239.50,249.10,44.00
2026-09-03 14:08:24,14:03:06,1.30,3.28,4.56,100,239.50,249.00,44.00
2026-09-03 14:09:45,14:04:06,3.10,1.46,4.54,100,242.50,249.00,45.00
2026-09-03 14:10:25,14:05:06,4.82,-0.05,4.77,100,244.00,249.00,47.00
2026-09-03 14:11:45,14:06:06,6.55,-1.94,4.68,100,246.20,249.00,50.00
2026-09-04 11:45:02,11:39:55,6.49,-0.15,3.72,44.,244.00,249.70,49.00
2026-09-04 11:45:42,11:40:55,6.39,0.13,3.65,45.,244.40,249.80,49.00
2026-09-04 11:47:02,11:41:56,6.54,0.10,3.80,45.,240.20,249.80,49.00
2026-09-04 11:47:42,11:42:56,6.54,-0.03,3.77,46.,244.90,249.80,49.00
2026-09-04 11:49:03,11:43:56,6.56,0.04,3.96,46.,246.20,249.80,49.00
2026-09-04 11:49:43,11:44:56,6.43,-0.04,3.24,46.,241.70,250.00,49.00
2026-09-04 11:51:03,11:45:56,6.60,0.10,3.37,47.,242.70,250.40,49.00
2026-09-04 11:51:43,11:46:56,6.64,0.10,3.29,47.,247.20,250.40,49.00
2026-09-04 11:52:23,11:47:56,6.51,0.03,3.11,48.,241.50,250.40,49.00
2026-09-04 11:53:44,11:48:56,6.64,0.08,2.96,48.,246.20,250.90,49.00
2026-09-04 11:54:24,11:49:56,6.67,-0.02,2.74,50.,250.90,251.00,49.00
2026-09-04 11:55:44,11:50:56,6.59,0.12,2.75,50.,246.20,251.00,49.00
2026-09-04 11:56:25,11:51:56,6.69,0.15,2.78,51.,249.80,251.10,48.00
2026-09-04 11:57:45,11:52:56,6.45,1.60,3.81,51.,250.60,251.60,48.00
2026-09-04 11:58:25,11:53:56,6.74,-3.75,4.01,52.,251.50,248.00,48.00
2026-09-04 11:59:45,11:54:56,6.57,0.13,4.66,52.,249.20,249.60,49.00
2026-09-04 12:00:26,11:55:57,6.58,-0.15,4.64,52.,249.80,249.30,50.00
2026-09-04 12:01:46,11:56:57,6.72,0.08,4.61,52.,248.90,249.40,50.00
2026-09-04 12:02:26,11:57:57,6.59,-0.01,4.64,53.,246.60,249.40,50.00
2026-09-04 12:03:46,11:58:57,6.63,0.13,4.69,53.,248.90,249.40,51.00
2026-09-04 12:04:27,11:59:57,6.66,-0.06,4.31,53.,250.90,249.70,51.00
2026-09-04 12:05:47,12:00:57,6.68,-0.23,3.35,54.,247.70,250.30,51.00
2026-09-04 12:06:27,12:01:57,6.78,0.10,4.16,54.,248.30,250.10,51.00
2026-09-04 12:07:47,12:02:57,6.45,-0.22,3.83,54.,247.00,250.30,51.00
2026-09-04 12:08:28,12:03:57,6.62,0.04,3.79,55.,246.40,250.30,51.00
2026-09-04 12:09:48,12:04:57,6.75,-0.07,2.87,55.,247.20,251.10,51.00
2026-09-04 12:10:28,12:05:57,6.61,0.49,3.39,56.,248.10,251.40,50.00
2026-09-04 12:11:49,12:06:57,6.80,0.12,3.43,56.,247.20,251.10,50.00
2026-09-04 12:12:29,12:07:57,6.72,-0.08,3.13,57.,249.20,251.30,50.00
2026-09-04 12:13:49,12:08:58,6.80,0.17,3.41,57.,250.00,251.40,50.00
2026-09-04 12:14:29,12:09:58,6.70,0.03,3.24,59.,247.90,251.40,50.00
2026-09-04 12:15:50,12:10:58,6.79,0.15,3.23,59.,250.60,251.60,50.00
2026-09-04 12:16:30,12:11:58,6.69,-0.03,3.14,60.,249.20,251.70,49.00
2026-09-04 12:17:50,12:12:58,6.75,-0.05,3.23,60.,246.80,251.60,49.00
2026-09-04 12:18:30,12:13:58,6.80,0.14,3.29,61.,251.30,252.00,49.00
2026-09-04 12:19:51,12:14:58,6.87,0.05,4.03,61.,245.70,251.60,49.00
2026-09-04 12:20:31,12:15:58,6.92,0.07,4.08,61.,251.50,251.40,49.00
2026-09-04 12:21:51,12:16:58,6.85,0.73,4.72,62.,243.80,251.40,49.00
2026-09-04 12:22:32,12:17:58,6.91,-0.23,4.00,62.,246.60,251.30,50.00
2026-09-04 12:23:52,12:18:58,6.97,0.00,4.61,62.,248.50,251.10,50.00
2026-09-04 12:24:32,12:19:58,6.87,-0.08,4.48,63.,247.70,251.10,51.00
2026-09-04 12:25:53,12:20:58,6.94,0.03,4.31,63.,247.70,251.40,51.00
2026-09-04 12:26:33,12:21:58,6.96,-0.06,4.54,63.,245.90,251.40,51.00
2026-09-04 12:27:53,12:22:59,6.95,-0.18,4.46,64.,245.70,251.30,51.00
2026-09-04 12:28:33,12:23:59,6.96,-0.04,4.13,64.,244.70,251.70,51.00
2026-09-04 12:29:54,12:24:59,6.97,-0.13,4.23,64.,247.00,251.70,51.00
2026-09-04 12:30:34,12:25:59,6.80,0.27,4.99,65.,246.20,251.40,51.00
2026-09-04 12:31:54,12:26:59,6.99,0.11,4.94,65.,247.90,251.40,51.00
2026-09-04 12:32:35,12:27:59,6.96,-0.62,3.93,65.,249.80,251.60,52.00
2026-09-04 12:33:55,12:28:59,6.94,0.57,5.55,67.,246.40,251.30,52.00
2026-09-04 12:34:35,12:29:59,6.95,0.04,5.24,67.,248.90,251.10,53.00
2026-09-04 12:35:57,12:30:59,6.87,0.08,5.58,67.,249.20,250.90,53.00
2026-09-04 12:36:37,12:31:59,6.90,0.13,5.63,67.,247.90,250.90,53.00
2026-09-04 12:37:58,12:32:59,6.90,-0.09,5.77,67.,247.00,250.60,54.00
2026-09-04 12:38:38,12:33:59,6.94,0.07,7.03,67.,244.00,249.40,55.00
2026-09-04 12:39:58,12:34:59,6.88,-0.13,6.89,67.,246.80,249.10,56.00
2026-09-04 12:40:38,12:35:59,6.86,0.03,7.06,67.,247.70,248.80,57.00
2026-09-04 12:41:59,12:37:00,6.89,0.04,6.81,67.,248.10,249.10,57.00
2026-09-04 12:42:39,12:38:00,6.92,-0.09,6.64,67.,245.70,249.30,57.00
2026-09-04 12:44:00,12:39:00,6.89,0.01,6.94,67.,247.90,249.10,58.00
2026-09-04 12:44:40,12:40:00,6.93,-0.10,6.71,67.,244.00,249.10,58.00
2026-09-04 12:46:00,12:41:00,6.71,6.40,6.43,68.,238.20,255.00,52.00
2026-09-04 12:46:40,12:42:00,6.87,5.87,6.10,69.,237.80,255.30,50.00
2026-09-04 12:48:01,12:43:00,6.94,4.63,4.89,70.,241.50,255.30,48.00
2026-09-04 12:48:41,12:44:00,6.79,4.70,4.87,71.,241.50,254.90,47.00
2026-09-04 12:50:01,12:45:00,6.91,4.08,4.31,72.,241.70,255.00,46.00
2026-09-04 12:50:42,12:46:00,7.06,2.55,4.41,73.,243.60,253.70,45.00
2026-09-04 12:52:02,12:47:00,7.00,1.08,4.65,73.,246.80,252.40,47.00
2026-09-04 12:52:43,12:48:00,7.05,-0.09,4.45,75.,243.40,251.60,49.00
2026-09-04 12:54:03,12:49:00,7.14,0.04,4.85,75.,243.40,251.30,49.00
2026-09-04 12:54:43,12:50:00,7.01,-0.14,4.54,75.,242.90,251.40,50.00
2026-09-04 12:56:44,12:51:01,7.00,0.01,4.32,76.,242.70,251.70,50.00
2026-09-04 13:03:26,12:52:01,7.12,-0.20,5.37,76.,239.30,250.90,51.00
2026-09-04 13:04:46,12:55:01,7.03,-0.16,4.78,77.,243.80,251.30,52.00
2026-09-04 13:05:26,12:58:01,7.00,-0.01,4.96,77.,242.10,251.40,52.00
2026-09-04 13:06:47,13:01:01,6.92,4.12,4.36,79.,240.60,255.30,50.00
2026-09-04 13:07:27,13:02:01,6.70,4.26,4.53,80.,237.80,255.30,48.00
2026-09-04 13:08:47,13:03:01,6.94,4.50,4.74,81.,243.40,255.80,46.00
2026-09-04 13:09:27,13:04:02,6.96,4.44,4.73,82.,240.60,255.80,45.00
2026-09-04 13:10:48,13:05:02,6.98,4.32,4.60,84.,241.00,255.90,45.00
2026-09-04 13:11:28,13:06:02,6.83,3.36,4.56,85.,242.90,255.00,44.00
2026-09-04 13:12:48,13:07:02,7.07,1.62,4.56,86.,244.40,253.70,45.00
2026-09-04 13:13:28,13:08:02,7.12,-0.01,4.59,87.,246.40,252.40,47.00
2026-09-04 13:14:49,13:09:02,6.99,0.03,4.48,87.,245.70,252.20,48.00
2026-09-04 13:15:29,13:10:02,7.02,0.00,4.43,88.,245.30,252.40,49.00
2026-09-04 13:16:49,13:11:02,6.65,0.35,5.29,90.,245.90,252.00,50.00
2026-09-04 13:17:29,13:12:02,7.09,0.01,5.37,90.,243.40,251.60,51.00
2026-09-04 13:18:50,13:13:02,7.10,-0.19,4.90,90.,246.80,251.90,51.00
2026-09-04 13:19:30,13:14:02,7.06,-0.01,4.37,90.,245.50,253.00,51.00
2026-09-04 13:20:50,13:15:02,7.09,-0.06,4.19,95.,239.50,253.50,51.00
2026-09-04 13:21:31,13:16:02,7.08,0.03,4.35,96.,239.30,253.90,51.00
2026-09-04 13:22:51,13:17:02,7.05,0.01,4.23,97.,244.20,254.60,51.00
2026-09-04 13:23:31,13:18:03,6.97,-0.19,4.01,98.,244.00,255.00,51.00
2026-09-04 13:24:52,13:19:03,6.92,-0.45,3.66,98.,245.90,255.90,51.00
2026-09-04 13:25:32,13:20:03,7.06,-3.42,3.62,100,249.20,252.30,54.00
2026-09-04 13:26:52,13:21:03,6.97,-3.16,3.79,100,250.90,251.10,55.00
2026-09-04 13:27:32,13:22:03,7.06,-3.29,3.75,100,249.80,250.70,56.00
2026-09-04 13:28:53,13:23:03,7.01,-3.12,3.87,100,243.40,250.30,56.00
2026-09-04 13:29:33,13:24:03,7.11,-2.51,4.58,100,240.60,250.00,57.00
2026-09-04 13:30:53,13:25:03,7.06,-2.84,4.23,100,243.80,250.00,58.00
2026-09-04 13:31:34,13:26:03,7.00,-3.05,3.93,100,247.00,249.70,58.00
2026-09-04 13:32:54,13:27:03,7.06,-3.27,3.77,100,248.50,249.70,58.00
2026-09-04 13:33:34,13:28:03,7.04,-3.04,3.98,100,248.90,249.60,58.00
2026-09-04 13:34:54,13:29:03,7.05,-2.99,4.06,100,248.10,249.40,59.00
2026-09-04 13:35:35,13:30:03,7.05,-2.40,4.65,100,247.20,249.40,59.00
2026-09-04 13:36:55,13:31:03,7.03,-1.72,5.27,100,247.00,249.30,59.00
2026-09-04 13:37:35,13:32:03,6.96,-2.06,4.90,100,248.10,249.30,59.00
2026-09-04 13:38:56,13:33:04,7.04,-2.01,5.03,100,246.60,249.30,59.00
2026-09-04 13:39:36,13:34:04,7.02,-2.00,5.05,100,244.90,249.10,59.00
2026-09-04 13:40:56,13:35:04,7.02,-2.00,5.02,100,246.60,249.10,60.00
2026-09-04 13:41:36,13:36:04,6.95,-1.84,5.11,100,242.50,249.10,60.00
2026-09-04 13:42:57,13:37:04,7.03,-0.45,6.58,100,236.10,249.10,60.00
2026-09-04 13:43:37,13:38:04,6.99,-0.20,6.79,100,237.00,249.00,60.00
2026-09-04 13:44:57,13:39:04,0.05,5.98,6.01,100,230.80,249.10,53.00
2026-09-04 13:45:37,13:40:04,0.05,5.76,5.79,100,233.30,249.10,51.00
2026-09-04 13:46:58,13:41:04,0.05,5.67,5.72,100,234.00,249.10,49.00
2026-09-04 13:47:38,13:42:04,0.05,5.46,5.51,100,233.70,249.10,48.00
2026-09-04 13:48:58,13:43:04,0.05,5.29,5.34,100,233.70,249.10,46.00
2026-09-04 13:50:59,13:45:04,3.85,1.40,5.25,100,238.90,249.00,48.00
2026-09-04 13:51:39,13:46:04,5.57,-0.40,5.15,100,239.70,249.00,50.00
2026-09-04 13:53:00,13:47:05,6.95,-1.56,5.26,100,242.30,248.80,52.00
2026-09-04 13:53:40,13:48:05,6.90,-1.73,5.15,100,240.40,248.80,53.00
2026-09-04 13:55:00,13:49:05,6.93,-1.21,5.72,100,238.90,248.80,54.00
2026-09-04 13:55:40,13:50:05,6.95,-1.22,5.71,100,237.80,249.00,55.00
2026-09-04 13:57:01,13:51:05,6.94,-1.25,5.69,100,237.40,248.80,55.00
2026-09-04 13:57:41,13:52:05,6.96,-1.27,5.67,100,236.10,248.80,56.00
2026-09-04 13:59:01,13:53:05,6.98,-1.13,5.85,100,237.20,248.80,56.00
2026-09-04 13:59:41,13:54:05,6.91,-1.11,5.78,100,236.30,248.80,57.00
2026-09-04 14:01:02,13:55:05,6.91,-2.06,4.85,100,241.70,248.80,57.00
2026-09-04 14:01:42,13:56:05,6.93,-1.89,5.02,100,240.20,248.80,57.00
2026-09-04 14:03:02,13:57:05,6.83,-2.76,4.05,100,244.40,248.80,58.00
2026-09-04 14:03:42,13:58:05,6.91,-2.89,4.00,100,247.70,248.80,58.00
2026-09-04 14:05:03,13:59:05,6.94,-2.81,4.11,100,243.80,248.80,58.00
2026-09-04 14:05:43,14:00:05,6.87,-3.07,3.78,100,242.70,248.80,58.00
2026-09-04 14:07:03,14:01:06,6.83,-2.34,4.47,100,244.90,248.80,58.00
2026-09-04 14:07:44,14:02:06,6.86,-0.83,6.01,100,244.40,248.80,58.00
2026-09-04 14:08:24,14:03:06,6.90,-2.46,4.42,100,242.30,248.80,58.00
2026-09-04 14:09:44,14:04:06,6.88,-2.43,4.43,100,245.70,248.70,59.00
2026-09-04 14:10:24,14:05:06,6.83,-2.44,4.37,100,240.40,248.80,59.00
2026-09-04 14:11:45,14:06:06,6.83,-2.35,4.46,100,247.00,248.70,59.00
2026-09-05 11:45:02,11:39:56,6.28,4.98,11.26,0.0,231.20,0.20,63.00
2026-09-05 11:45:42,11:40:56,6.36,5.11,11.47,0.0,231.60,0.20,63.00
2026-09-05 11:47:03,11:41:56,6.36,5.17,11.53,0.0,235.90,0.20,63.00
2026-09-05 11:47:43,11:42:56,6.36,6.09,12.45,0.0,229.90,0.20,63.00
2026-09-05 11:49:03,11:43:56,6.31,5.58,11.89,0.0,226.90,0.20,63.00
2026-09-05 11:49:43,11:44:56,6.30,5.31,11.61,0.0,228.00,0.20,63.00
2026-09-05 11:51:04,11:45:56,6.46,5.04,11.50,0.0,227.50,0.20,63.00
2026-09-05 11:51:44,11:46:56,6.43,4.73,11.16,0.0,229.70,0.20,64.00
2026-09-05 11:53:04,11:47:56,6.29,4.71,11.00,0.0,233.30,0.20,64.00
2026-09-05 11:53:45,11:48:56,6.42,4.71,10.99,0.0,230.10,0.20,64.00
2026-09-05 11:55:05,11:49:56,6.44,4.78,11.22,0.0,230.30,0.20,64.00
2026-09-05 11:55:45,11:50:56,6.42,4.23,10.65,0.0,229.30,0.20,64.00
2026-09-05 11:57:06,11:51:57,6.39,4.20,10.59,0.0,230.10,0.20,64.00
2026-09-05 11:57:46,11:52:57,6.39,4.23,10.62,0.0,230.10,0.20,64.00
2026-09-05 11:59:06,11:53:57,6.42,4.74,11.16,0.0,234.60,0.20,64.00
2026-09-05 11:59:46,11:54:57,6.48,4.10,10.58,0.0,235.50,0.20,64.00
2026-09-05 12:00:29,11:55:57,6.50,4.03,10.53,0.0,230.50,0.20,64.00
2026-09-05 12:01:49,11:56:57,6.50,4.11,10.61,0.0,234.00,0.20,64.00
2026-09-05 12:02:29,11:57:57,6.49,4.06,10.55,0.0,232.50,0.20,64.00
2026-09-05 12:03:50,11:58:57,6.58,3.90,10.48,0.0,237.40,0.20,64.00
2026-09-05 12:04:30,11:59:57,6.62,4.05,10.67,0.0,235.50,0.20,64.00
2026-09-05 12:05:50,12:00:57,6.53,4.00,10.53,0.0,230.10,0.20,64.00
2026-09-05 12:06:30,12:01:57,6.47,5.34,11.81,0.0,228.60,0.20,64.00
2026-09-05 12:07:51,12:02:57,6.69,4.91,11.60,0.0,226.90,0.20,64.00
2026-09-05 12:08:31,12:03:57,6.69,4.65,11.34,0.0,234.20,0.20,64.00
2026-09-05 12:09:52,12:04:57,6.71,4.62,11.33,0.0,227.80,0.20,64.00
2026-09-05 12:10:32,12:05:58,6.68,5.60,12.28,0.0,230.10,0.20,64.00
2026-09-05 12:11:52,12:06:58,6.68,5.40,12.08,0.0,225.40,0.20,64.00
2026-09-05 12:12:33,12:07:58,6.77,5.15,11.92,0.0,227.50,0.20,64.00
2026-09-05 12:13:53,12:08:58,6.78,4.82,11.60,0.0,232.90,0.20,64.00
2026-09-05 12:14:33,12:09:58,6.84,4.39,11.23,0.0,236.30,0.20,64.00
2026-09-05 12:15:53,12:10:58,6.84,4.07,10.91,0.0,235.00,0.20,64.00
2026-09-05 12:16:34,12:11:58,6.86,4.39,11.25,0.0,231.60,0.20,64.00
2026-09-05 12:17:54,12:12:58,6.79,4.00,10.79,0.0,231.00,0.20,64.00
2026-09-05 12:18:34,12:13:58,6.89,3.87,10.76,0.0,231.60,0.20,64.00
2026-09-05 12:19:54,12:14:58,6.60,4.14,10.74,0.0,226.90,0.20,64.00
2026-09-05 12:20:35,12:15:58,6.93,3.93,10.86,0.0,225.40,0.20,64.00
2026-09-05 12:21:55,12:16:58,6.89,4.05,10.94,0.0,230.10,0.20,64.00
2026-09-05 12:22:35,12:17:58,6.62,4.08,10.70,0.0,229.30,0.20,64.00
2026-09-05 12:23:56,12:18:58,6.92,3.92,10.84,0.0,231.40,0.20,64.00
2026-09-05 12:24:36,12:19:59,6.82,3.93,10.75,0.0,231.20,0.20,64.00
2026-09-05 12:25:56,12:20:59,6.81,4.68,11.49,0.0,225.60,0.20,64.00
2026-09-05 12:26:36,12:21:59,6.83,4.86,11.69,0.0,232.00,0.20,64.00
2026-09-05 12:27:57,12:22:59,6.84,4.68,11.52,0.0,231.60,0.20,64.00
2026-09-05 12:28:37,12:23:59,6.76,4.66,11.42,0.0,232.50,0.20,64.00
2026-09-05 12:29:57,12:24:59,6.92,4.80,11.72,0.0,233.10,0.20,64.00
2026-09-05 12:30:37,12:25:59,6.84,4.63,11.47,0.0,235.20,0.20,64.00
2026-09-05 12:31:58,12:26:59,6.92,4.54,11.46,0.0,235.00,0.20,64.00
2026-09-05 12:32:38,12:27:59,6.89,4.25,11.14,0.0,236.50,0.20,64.00
2026-09-05 12:33:58,12:28:59,6.88,3.80,10.68,0.0,238.50,0.20,64.00
2026-09-05 12:34:39,12:29:59,6.93,3.73,10.66,0.0,242.30,0.20,64.00
2026-09-05 12:35:59,12:30:59,6.75,4.27,11.02,0.0,242.50,0.20,64.00
2026-09-05 12:36:39,12:31:59,6.86,4.11,10.97,0.0,240.80,0.20,64.00
2026-09-05 12:38:00,12:32:59,6.87,3.89,10.76,0.0,241.70,0.20,64.00
2026-09-05 12:38:40,12:34:00,6.73,4.08,10.81,0.0,239.50,0.20,64.00
2026-09-05 12:40:00,12:35:00,6.92,3.74,10.66,0.0,242.10,0.20,64.00
2026-09-05 12:40:41,12:36:00,6.76,4.02,10.78,0.0,240.80,0.20,64.00
2026-09-05 12:42:01,12:37:00,6.90,3.87,10.77,0.0,242.10,0.20,64.00
2026-09-05 12:42:41,12:38:00,6.93,3.78,10.71,0.0,240.80,0.20,64.00
2026-09-05 12:44:02,12:39:00,6.81,5.82,12.63,0.0,231.80,0.20,64.00
2026-09-05 12:44:42,12:40:00,6.87,5.48,12.35,0.0,228.80,0.20,64.00
2026-09-05 12:46:42,12:41:00,6.91,5.36,12.31,0.0,233.10,0.20,64.00
2026-09-05 12:50:03,12:42:00,6.73,4.53,11.26,0.0,235.90,0.20,64.00
2026-09-05 12:50:44,12:43:00,6.80,4.48,11.28,0.0,235.70,0.20,64.00
2026-09-05 12:52:04,12:44:00,6.98,4.39,11.37,0.0,235.50,0.20,64.00
2026-09-05 12:52:44,12:45:00,7.02,4.35,11.37,0.0,234.80,0.20,64.00
2026-09-05 12:54:05,12:46:00,7.05,4.43,11.48,0.0,238.90,0.20,64.00
2026-09-05 12:54:45,12:47:00,6.91,3.91,10.82,0.0,241.90,0.20,64.00
2026-09-05 12:56:05,12:48:01,7.10,3.78,10.88,0.0,240.40,0.20,64.00
2026-09-05 12:56:46,12:49:01,7.08,3.76,10.84,0.0,240.60,0.20,64.00
2026-09-05 12:58:06,12:50:01,6.94,3.55,10.49,0.0,240.80,0.20,64.00
2026-09-05 12:58:47,12:51:01,7.06,3.53,10.59,0.0,240.80,0.20,64.00
2026-09-05 12:59:27,12:52:01,6.95,3.36,10.31,0.0,240.20,0.20,64.00
2026-09-05 13:00:48,12:53:01,7.09,3.16,10.25,0.0,241.20,0.20,64.00
2026-09-05 13:01:28,12:55:01,7.12,3.28,10.40,0.0,240.60,0.20,64.00
2026-09-05 13:02:48,12:57:01,7.09,3.51,10.60,0.0,243.60,0.20,64.00
2026-09-05 13:03:28,12:58:01,7.08,4.08,11.16,0.0,241.90,0.20,64.00
2026-09-05 13:04:49,12:59:01,7.05,4.26,11.24,0.0,240.40,0.20,64.00
2026-09-05 13:05:29,13:00:01,7.07,3.94,11.01,0.0,241.90,0.20,64.00
2026-09-05 13:06:49,13:01:01,6.97,4.48,11.45,0.0,240.00,0.20,64.00
2026-09-05 13:07:29,13:02:01,7.07,4.86,11.93,0.0,236.70,0.20,64.00
2026-09-05 13:08:50,13:03:02,7.01,5.27,12.32,0.0,236.50,0.20,64.00
2026-09-05 13:09:30,13:04:02,7.12,4.85,11.97,0.0,238.50,0.20,64.00
2026-09-05 13:10:50,13:05:02,7.11,4.38,11.49,0.0,239.50,0.20,64.00
2026-09-05 13:11:31,13:06:02,7.09,4.22,11.31,0.0,232.70,0.20,64.00
2026-09-05 13:12:51,13:07:02,7.12,3.63,10.75,0.0,237.80,0.20,64.00
2026-09-05 13:13:31,13:08:02,7.10,3.71,10.81,0.0,237.80,0.20,64.00
2026-09-05 13:14:52,13:09:02,7.14,3.83,10.97,0.0,235.90,0.20,64.00
2026-09-05 13:15:32,13:10:02,7.20,3.73,10.93,0.0,237.00,0.20,64.00
2026-09-05 13:16:53,13:11:02,7.02,3.74,10.76,0.0,236.10,0.20,64.00
2026-09-05 13:17:33,13:12:02,7.13,3.10,10.23,0.0,236.70,0.20,64.00
2026-09-05 13:18:53,13:13:02,6.89,3.17,10.06,0.0,238.50,0.20,64.00
2026-09-05 13:19:33,13:14:02,7.10,3.21,10.31,0.0,242.50,0.20,64.00
2026-09-05 13:20:54,13:15:02,7.11,3.30,10.41,0.0,242.50,0.20,64.00
2026-09-05 13:21:34,13:16:03,7.07,3.32,10.39,0.0,243.60,0.20,64.00
2026-09-05 13:22:54,13:17:03,7.06,3.76,10.82,0.0,240.00,0.20,64.00
2026-09-05 13:23:34,13:18:03,6.91,4.22,11.13,0.0,241.20,0.20,64.00
2026-09-05 13:24:55,13:19:03,7.09,3.97,11.06,0.0,240.60,0.20,64.00
2026-09-05 13:25:35,13:20:03,6.97,3.83,10.80,0.0,241.20,0.20,64.00
2026-09-05 13:26:55,13:21:03,7.08,3.72,10.80,0.0,241.90,0.20,64.00
2026-09-05 13:27:36,13:22:03,7.11,4.52,11.63,0.0,234.60,0.20,64.00
2026-09-05 13:28:56,13:23:03,7.03,4.73,11.76,0.0,236.30,0.20,64.00
2026-09-05 13:29:36,13:24:03,7.14,4.28,11.42,0.0,236.30,0.20,64.00
2026-09-05 13:30:57,13:25:03,7.14,3.41,10.57,0.0,239.50,0.20,64.00
2026-09-05 13:31:37,13:26:03,7.13,3.45,10.58,0.0,236.50,0.20,64.00
2026-09-05 13:32:57,13:27:03,7.14,3.37,10.51,0.0,235.70,0.20,64.00
2026-09-05 13:33:37,13:28:03,7.12,3.44,10.56,0.0,240.80,0.20,64.00
2026-09-05 13:34:58,13:29:03,7.16,3.33,10.49,0.0,240.00,0.20,64.00
2026-09-05 13:35:38,13:30:03,7.20,3.77,10.97,0.0,241.90,0.20,64.00
2026-09-05 13:36:58,13:31:04,7.22,3.87,11.09,0.0,232.70,0.20,64.00
2026-09-05 13:37:39,13:32:04,7.08,3.69,10.77,0.0,235.50,0.20,64.00
2026-09-05 13:38:59,13:33:04,7.26,3.75,11.01,0.0,235.70,0.20,64.00
2026-09-05 13:39:39,13:34:04,7.20,3.77,10.97,0.0,235.00,0.20,64.00
2026-09-05 13:40:59,13:35:04,6.65,4.17,10.82,0.0,234.40,0.20,64.00
2026-09-05 13:41:40,13:36:04,6.15,5.44,11.59,0.0,231.20,0.20,63.00
2026-09-05 13:43:00,13:37:04,7.17,-2.68,4.49,0.0,246.80,0.20,63.00
2026-09-05 13:43:40,13:38:04,7.25,0.06,4.54,0.0,234.60,243.50,61.00
2026-09-05 13:45:01,13:39:04,7.03,-0.14,4.53,1.0,235.20,244.10,60.00
2026-09-05 13:45:41,13:40:04,7.21,-0.39,4.43,1.0,241.70,244.40,59.00
2026-09-05 13:47:01,13:41:04,7.03,-0.01,4.48,1.0,241.90,244.50,59.00
2026-09-05 13:47:41,13:42:04,5.21,-0.14,4.34,2.0,235.70,243.50,58.00
2026-09-05 13:49:02,13:43:04,5.44,-0.01,4.41,2.0,234.00,243.50,58.00
2026-09-05 13:49:42,13:44:04,6.06,-0.09,4.02,2.0,240.40,244.20,57.00
2026-09-05 13:51:02,13:45:05,6.18,0.04,3.95,2.0,242.30,244.60,57.00
2026-09-05 13:51:43,13:46:05,6.61,0.03,4.12,2.0,242.10,245.20,56.00
2026-09-05 13:53:03,13:47:05,6.54,-0.18,4.00,3.0,242.30,245.40,56.00
2026-09-05 13:53:43,13:48:05,6.44,0.03,4.14,3.0,240.60,245.40,56.00
2026-09-05 13:55:04,13:49:05,6.24,-0.12,3.97,3.0,241.50,245.40,55.00
2026-09-05 13:55:44,13:50:05,6.38,0.02,4.12,4.0,240.60,245.70,55.00
2026-09-05 13:57:04,13:51:05,6.60,-0.10,3.72,4.0,241.90,246.10,55.00
2026-09-05 13:57:44,13:52:05,6.82,-0.08,3.69,4.0,244.20,246.50,54.00
2026-09-05 13:59:05,13:53:05,6.97,-0.06,3.16,5.0,242.70,247.10,54.00
2026-09-05 13:59:45,13:54:05,7.07,0.21,3.65,5.0,241.90,247.20,53.00
2026-09-05 14:01:05,13:55:05,7.00,-0.04,3.93,6.0,240.60,247.00,53.00
2026-09-05 14:01:46,13:56:05,7.01,-0.12,3.91,6.0,239.30,247.00,53.00
2026-09-05 14:03:06,13:57:05,6.94,-0.09,3.81,7.0,242.50,247.20,53.00
2026-09-05 14:03:46,13:58:05,6.89,-0.03,4.17,7.0,244.70,247.00,53.00
2026-09-05 14:05:06,13:59:06,6.82,-0.08,4.00,7.0,243.60,247.10,53.00
2026-09-05 14:05:47,14:00:06,6.94,-0.05,4.18,9.0,243.40,247.10,53.00
2026-09-05 14:06:27,14:01:06,6.85,-0.02,4.12,9.0,245.10,247.10,53.00
2026-09-05 14:07:47,14:02:06,6.81,-0.25,3.79,9.0,247.20,247.40,53.00
2026-09-05 14:08:27,14:03:06,6.85,0.00,3.56,10.,245.10,247.80,52.00
2026-09-05 14:09:48,14:04:06,6.83,0.03,3.37,10.,245.50,248.10,52.00
2026-09-05 14:10:28,14:05:06,6.86,0.03,3.24,11.,245.30,248.30,51.00
2026-09-05 14:11:48,14:06:06,6.81,0.03,3.39,11.,246.40,248.50,51.00
2026-09-06 11:45:03,11:39:55,6.20,-0.80,3.52,68.,240.20,251.30,50.00
2026-09-06 11:45:44,11:40:55,6.16,-0.01,3.28,69.,243.40,252.30,50.00
2026-09-06 11:47:04,11:41:55,6.18,-0.03,2.72,69.,245.30,252.60,50.00
2026-09-06 11:47:44,11:42:56,6.22,0.05,2.61,70.,245.90,252.90,49.00
2026-09-06 11:49:05,11:43:56,6.14,0.05,2.55,71.,239.30,252.90,49.00
2026-09-06 11:49:45,11:44:56,6.23,0.05,2.55,73.,241.70,253.00,49.00
2026-09-06 11:51:05,11:45:56,6.23,0.06,2.60,75.,238.90,252.90,48.00
2026-09-06 11:51:45,11:46:56,6.20,0.15,3.15,76.,240.60,252.60,48.00
2026-09-06 11:53:06,11:47:56,6.12,0.00,3.00,77.,238.90,252.40,48.00
2026-09-06 11:53:46,11:48:56,6.24,0.04,3.05,77.,237.80,252.60,48.00
2026-09-06 11:55:06,11:49:56,6.26,-0.01,2.95,78.,236.50,252.40,48.00
2026-09-06 11:55:46,11:50:56,6.24,0.08,3.02,79.,241.90,252.60,48.00
2026-09-06 11:57:07,11:51:56,6.04,0.27,3.67,79.,242.10,252.30,48.00
2026-09-06 11:57:47,11:52:56,6.34,0.01,3.91,79.,238.20,251.70,49.00
2026-09-06 11:59:07,11:53:56,6.37,-0.06,3.74,80.,243.40,251.90,49.00
2026-09-06 11:59:47,11:54:56,6.28,0.00,3.66,80.,243.40,252.20,49.00
2026-09-06 12:01:08,11:55:56,6.34,0.01,3.55,80.,243.80,252.30,49.00
2026-09-06 12:01:48,11:56:57,6.30,0.00,3.63,81.,242.30,252.20,49.00
2026-09-06 12:03:08,11:57:57,6.22,-0.35,3.20,81.,242.50,252.30,49.00
2026-09-06 12:03:49,11:58:57,6.13,0.01,2.96,82.,241.90,252.70,49.00
2026-09-06 12:05:10,11:59:57,6.23,0.05,3.00,84.,242.50,252.70,49.00
2026-09-06 12:05:50,12:00:57,6.07,0.04,2.98,85.,242.10,252.70,49.00
2026-09-06 12:07:10,12:01:57,6.33,0.13,3.96,85.,245.90,252.30,49.00
2026-09-06 12:07:50,12:02:57,6.33,0.14,3.52,86.,245.90,252.40,49.00
2026-09-06 12:08:31,12:03:57,6.20,0.08,3.58,86.,248.30,252.30,49.00
2026-09-06 12:09:51,12:04:57,6.29,0.09,3.51,86.,244.70,252.60,49.00
2026-09-06 12:10:31,12:05:57,6.39,0.11,3.63,87.,242.30,252.60,49.00
2026-09-06 12:11:52,12:06:57,6.27,0.06,3.51,87.,243.60,252.60,49.00
2026-09-06 12:12:32,12:07:57,6.36,0.11,3.77,87.,246.60,252.60,49.00
2026-09-06 12:13:52,12:08:57,6.35,0.14,3.82,88.,244.90,252.60,49.00
2026-09-06 12:14:32,12:09:57,6.42,0.12,3.97,88.,244.40,252.60,50.00
2026-09-06 12:15:53,12:10:58,6.53,0.15,4.03,88.,246.60,252.60,50.00
2026-09-06 12:16:33,12:11:58,6.43,0.11,3.79,89.,245.30,252.70,50.00
2026-09-06 12:17:53,12:12:58,6.59,0.11,4.71,89.,243.80,252.20,50.00
2026-09-06 12:18:33,12:13:58,6.63,0.05,4.85,89.,245.70,251.90,51.00
2026-09-06 12:19:54,12:14:58,6.58,-0.01,4.66,89.,244.00,251.90,51.00
2026-09-06 12:20:34,12:15:58,6.54,0.06,4.94,89.,244.70,251.70,52.00
2026-09-06 12:22:35,12:17:58,6.58,0.09,4.63,89.,245.30,252.30,52.00
2026-09-06 12:23:55,12:18:58,6.61,0.11,4.76,89.,242.70,252.30,52.00
2026-09-06 12:24:35,12:19:58,6.61,0.09,4.76,89.,246.40,252.30,52.00
2026-09-06 12:25:56,12:20:58,6.60,0.12,4.78,89.,244.00,252.40,52.00
2026-09-06 12:26:36,12:21:58,6.55,0.03,4.84,89.,246.40,252.40,52.00
2026-09-06 12:27:56,12:22:58,6.59,0.10,4.37,92.,240.80,253.00,52.00
2026-09-06 12:28:36,12:23:58,6.62,0.13,4.30,95.,245.10,253.50,52.00
2026-09-06 12:29:57,12:24:59,6.64,0.05,3.95,96.,242.50,253.90,52.00
2026-09-06 12:30:37,12:25:59,6.65,0.06,4.02,97.,242.90,254.30,52.00
2026-09-06 12:31:57,12:26:59,6.54,-0.06,3.60,98.,244.20,255.00,52.00
2026-09-06 12:32:37,12:27:59,6.66,-0.17,3.60,98.,245.70,255.90,52.00
2026-09-06 12:33:58,12:28:59,6.48,-1.43,5.03,100,249.20,252.40,54.00
2026-09-06 12:34:38,12:29:59,6.71,-1.67,5.02,100,249.80,251.30,55.00
2026-09-06 12:35:58,12:30:59,6.62,-1.38,5.22,100,249.80,250.70,55.00
2026-09-06 12:36:39,12:31:59,6.70,-1.53,5.15,100,249.40,250.30,56.00
2026-09-06 12:37:59,12:32:59,6.69,-0.87,5.80,100,247.70,250.00,56.00
2026-09-06 12:38:39,12:33:59,6.60,-0.73,5.85,100,246.40,249.80,57.00
2026-09-06 12:40:00,12:34:59,6.65,-0.95,5.68,100,250.00,249.80,57.00
2026-09-06 12:40:40,12:35:59,6.68,-1.10,5.58,100,247.70,249.70,58.00
2026-09-06 12:42:00,12:36:59,6.73,-1.08,5.62,100,246.60,249.60,58.00
2026-09-06 12:42:40,12:37:59,6.65,-1.12,5.53,100,246.20,249.40,58.00
2026-09-06 12:44:01,12:38:59,6.67,-1.06,5.61,100,248.30,249.40,58.00
2026-09-06 12:44:41,12:40:00,6.66,-1.06,5.60,100,248.90,249.30,59.00
2026-09-06 12:46:01,12:41:00,6.67,-2.53,4.14,100,244.00,249.30,59.00
2026-09-06 12:46:41,12:42:00,6.75,-2.60,4.15,100,248.90,249.30,59.00
2026-09-06 12:48:02,12:43:00,6.67,-2.95,3.72,100,250.20,249.10,59.00
2026-09-06 12:48:42,12:44:00,6.86,-3.19,3.67,100,249.60,249.10,59.00
2026-09-06 12:50:02,12:45:00,6.67,-2.55,4.12,100,249.20,249.10,59.00
2026-09-06 12:50:42,12:46:00,6.37,-2.50,4.32,100,251.10,249.10,59.00
2026-09-06 12:52:03,12:47:00,6.24,-2.00,4.22,100,247.40,249.10,59.00
2026-09-06 12:52:43,12:48:00,6.87,-2.71,4.16,100,250.20,249.10,59.00
2026-09-06 12:54:03,12:49:00,6.90,-2.67,4.21,100,250.00,249.00,60.00
2026-09-06 12:54:44,12:50:00,6.79,-2.61,4.16,100,252.60,249.00,60.00
2026-09-06 12:56:04,12:51:00,6.86,-2.63,4.21,100,251.10,249.00,60.00
2026-09-06 12:56:44,12:52:00,6.82,-1.08,5.72,100,250.20,249.10,60.00
2026-09-06 12:58:05,12:53:00,6.83,-1.04,5.77,100,250.60,249.00,60.00
2026-09-06 12:58:45,12:54:01,6.84,-0.62,6.20,100,248.90,249.00,60.00
2026-09-06 13:00:05,12:55:01,6.90,-0.71,6.17,100,248.90,249.00,60.00
2026-09-06 13:00:45,12:56:01,6.83,-1.24,5.57,100,249.60,249.00,60.00
2026-09-06 13:02:46,12:57:01,6.82,-1.28,5.52,100,249.20,248.80,60.00
2026-09-06 13:06:07,12:59:01,6.86,-1.31,5.55,100,249.40,248.80,60.00
2026-09-06 13:06:47,13:01:01,6.85,-2.71,4.12,100,247.90,248.80,60.00
2026-09-06 13:08:07,13:02:01,6.81,-2.63,4.16,100,251.90,248.80,60.00
2026-09-06 13:08:48,13:03:01,6.88,-3.00,3.82,100,250.40,248.80,60.00
2026-09-06 13:10:08,13:04:01,6.84,-3.13,3.69,100,248.30,248.80,60.00
2026-09-06 13:10:48,13:05:01,6.85,-3.15,3.68,100,250.90,248.80,60.00
2026-09-06 13:12:09,13:06:01,6.84,-3.13,3.69,100,249.60,248.80,60.00
2026-09-06 13:12:49,13:07:01,6.85,-3.13,3.70,100,251.30,248.80,60.00
2026-09-06 13:14:09,13:08:02,6.84,-3.06,3.76,100,247.20,248.80,60.00
2026-09-06 13:14:49,13:09:02,6.77,-3.08,3.67,100,249.20,248.80,60.00
2026-09-06 13:16:10,13:10:02,6.80,-3.31,3.47,100,249.40,248.80,60.00
2026-09-06 13:16:50,13:11:02,6.97,-3.24,3.71,100,250.00,248.80,60.00
2026-09-06 13:18:10,13:12:02,6.77,-3.21,3.54,100,248.10,248.80,60.00
2026-09-06 13:18:50,13:13:02,6.79,-3.13,3.64,100,247.00,248.70,60.00
2026-09-06 13:20:11,13:14:02,6.75,-1.98,4.75,100,244.20,248.80,60.00
2026-09-06 13:20:51,13:15:02,6.70,-2.00,4.68,100,247.00,248.70,60.00
2026-09-06 13:21:31,13:16:02,6.79,-2.16,4.61,100,245.10,248.70,60.00
2026-09-06 13:22:51,13:17:02,6.85,-2.36,4.47,100,247.40,248.70,60.00
2026-09-06 13:23:32,13:18:02,6.80,-2.37,4.41,100,245.70,248.70,60.00
2026-09-06 13:24:52,13:19:02,6.83,-2.43,4.38,100,246.20,248.70,60.00
2026-09-06 13:25:32,13:20:02,6.83,-2.49,4.32,100,247.20,248.70,60.00
2026-09-06 13:26:53,13:21:02,6.73,-2.37,4.34,100,247.00,248.70,60.00
2026-09-06 13:27:33,13:22:02,6.82,-2.70,4.10,100,247.20,248.70,60.00
2026-09-06 13:28:53,13:23:03,6.75,-2.86,3.87,100,245.90,248.70,60.00
2026-09-06 13:29:33,13:24:03,6.84,-3.12,3.70,100,245.70,248.70,60.00
2026-09-06 13:30:54,13:25:03,6.86,-3.54,3.25,100,247.20,248.70,60.00
2026-09-06 13:31:34,13:26:03,6.88,-3.42,3.44,100,245.50,248.70,60.00
2026-09-06 13:32:54,13:27:03,6.89,-3.78,3.09,100,248.30,248.70,60.00
2026-09-06 13:33:35,13:28:03,6.71,-3.76,2.93,100,245.70,248.70,60.00
2026-09-06 13:34:55,13:29:03,6.83,-3.69,3.15,100,249.80,248.70,60.00
2026-09-06 13:35:35,13:30:03,6.80,-3.65,3.13,100,249.40,248.50,60.00
2026-09-06 13:36:56,13:31:03,6.84,-3.65,3.17,100,247.40,248.50,60.00
2026-09-06 13:37:36,13:32:03,6.82,-3.56,3.24,100,249.40,248.70,60.00
2026-09-06 13:38:56,13:33:03,6.62,-3.49,3.11,100,247.20,248.50,60.00
2026-09-06 13:39:36,13:34:03,6.78,-3.51,3.25,100,247.00,248.70,60.00
2026-09-06 13:40:57,13:35:03,6.78,-3.58,3.18,100,248.30,248.70,60.00
2026-09-06 13:41:37,13:36:03,6.79,-3.66,3.11,100,247.20,248.70,60.00
2026-09-06 13:42:57,13:37:04,6.76,-3.19,3.55,100,246.20,248.70,60.00
2026-09-06 13:43:37,13:38:04,6.75,-2.89,3.84,100,243.80,248.50,60.00
2026-09-06 13:44:58,13:39:04,6.77,-3.07,3.68,100,244.40,248.50,60.00
2026-09-06 13:45:38,13:40:04,0.05,3.34,3.37,100,237.80,248.70,55.00
2026-09-06 13:46:58,13:41:04,0.05,3.34,3.37,100,238.00,248.70,52.00
2026-09-06 13:47:38,13:42:04,0.05,3.38,3.41,100,238.20,248.70,50.00
2026-09-06 13:48:59,13:43:04,0.05,3.90,3.93,100,237.40,248.70,48.00
2026-09-06 13:49:39,13:44:04,0.05,3.84,3.87,100,237.80,248.70,47.00
2026-09-06 13:50:59,13:45:04,0.76,2.90,3.64,100,239.50,248.70,46.00
2026-09-06 13:51:40,13:46:04,2.90,1.04,3.92,100,238.70,248.70,47.00
2026-09-06 13:53:00,13:47:04,4.74,-1.30,3.23,100,241.00,248.70,49.00
2026-09-06 13:53:40,13:48:04,6.42,-2.72,3.70,100,243.60,248.70,51.00
2026-09-06 13:55:01,13:49:04,6.62,-2.96,3.66,100,241.20,248.50,53.00
2026-09-06 13:55:41,13:50:04,6.64,-3.01,3.63,100,246.80,248.50,54.00
2026-09-06 13:57:01,13:51:05,6.66,-2.95,3.71,100,248.70,248.50,54.00
2026-09-06 13:57:41,13:52:05,6.71,-2.95,3.76,100,247.40,248.50,55.00
2026-09-06 13:59:02,13:53:05,6.62,-2.94,3.66,100,246.80,248.50,55.00
2026-09-06 13:59:42,13:54:05,6.66,-3.45,3.21,100,245.30,248.50,56.00
2026-09-06 14:01:02,13:55:05,6.73,-3.43,3.30,100,246.20,248.50,56.00
2026-09-06 14:01:42,13:56:05,6.69,-3.41,3.28,100,246.20,248.50,56.00
2026-09-06 14:03:03,13:57:05,6.70,-3.25,3.43,100,244.90,248.50,57.00
2026-09-06 14:03:43,13:58:05,6.55,-2.78,3.77,100,241.90,248.50,57.00
2026-09-06 14:05:03,13:59:05,6.65,-2.84,3.79,100,243.80,248.40,57.00
2026-09-06 14:05:44,14:00:05,6.72,-3.04,3.66,100,244.20,248.40,57.00
2026-09-06 14:07:04,14:01:05,6.63,-2.98,3.65,100,244.20,248.50,57.00
2026-09-06 14:07:44,14:02:05,6.65,-2.92,3.71,100,245.10,248.50,58.00
2026-09-06 14:09:04,14:03:05,6.68,-3.08,3.58,100,244.20,248.40,58.00
2026-09-06 14:09:45,14:04:05,6.61,-3.05,3.56,100,243.80,248.40,58.00
2026-09-06 14:11:05,14:05:06,6.62,-3.11,3.49,100,244.90,248.40,58.00
2026-09-06 14:11:45,14:06:06,6.61,-3.06,3.55,100,244.00,248.40,58.00
2026-09-07 11:45:02,11:39:55,6.19,0.00,4.93,15.,243.80,247.50,54.00
2026-09-07 11:45:42,11:40:56,6.33,-0.20,4.92,15.,242.10,247.70,54.00
2026-09-07 11:47:02,11:41:56,6.29,-0.02,5.48,15.,243.20,247.40,54.00
2026-09-07 11:47:42,11:42:56,6.36,-0.02,5.35,15.,243.80,247.50,54.00
2026-09-07 11:49:03,11:43:56,6.44,-0.22,4.99,17.,242.70,247.70,54.00
2026-09-07 11:49:43,11:44:56,6.37,0.17,5.33,17.,242.90,247.70,54.00
2026-09-07 11:51:04,11:45:56,6.42,-0.17,5.41,17.,243.40,247.50,54.00
2026-09-07 11:51:44,11:46:56,6.26,0.00,5.47,17.,245.70,247.40,54.00
2026-09-07 11:53:04,11:47:56,6.45,-0.04,6.12,17.,240.00,247.00,55.00
2026-09-07 11:53:44,11:48:56,6.45,-0.16,6.12,17.,241.50,246.70,55.00
2026-09-07 11:55:05,11:49:56,6.41,-0.11,6.18,17.,244.90,246.70,56.00
2026-09-07 11:55:45,11:50:56,6.26,-0.05,6.28,17.,242.30,246.50,56.00
2026-09-07 11:57:05,11:51:56,6.33,-0.12,6.19,17.,242.50,246.40,56.00
2026-09-07 11:57:46,11:52:56,6.45,-0.11,5.90,17.,242.50,246.80,56.00
2026-09-07 11:59:06,11:53:56,6.48,-0.15,5.79,17.,241.20,247.00,56.00
2026-09-07 11:59:47,11:54:56,6.46,0.08,5.98,17.,240.80,247.00,56.00
2026-09-07 12:01:07,11:55:57,6.33,0.02,5.96,17.,243.40,246.80,56.00
2026-09-07 12:01:47,11:56:57,6.50,-0.10,5.66,17.,241.90,247.20,56.00
2026-09-07 12:03:08,11:57:57,6.36,-0.04,5.76,18.,242.90,247.20,56.00
2026-09-07 12:03:48,11:58:57,6.47,-0.24,5.52,18.,242.90,247.20,56.00
2026-09-07 12:05:08,11:59:57,6.49,0.13,5.93,18.,244.40,247.40,56.00
2026-09-07 12:05:48,12:00:57,6.30,0.06,5.80,18.,241.20,247.50,56.00
2026-09-07 12:07:09,12:01:57,6.49,-0.43,9.15,18.,230.30,243.90,60.00
2026-09-07 12:07:49,12:02:57,6.50,0.02,9.56,17.,229.90,243.10,62.00
2026-09-07 12:09:09,12:03:57,6.48,-0.35,9.06,17.,231.00,242.80,63.00
2026-09-07 12:09:50,12:04:57,6.32,6.61,6.89,17.,231.80,249.80,58.00
2026-09-07 12:11:10,12:05:57,6.49,6.65,6.91,18.,231.00,251.60,53.00
2026-09-07 12:11:50,12:06:57,6.57,6.82,7.06,18.,232.70,252.20,50.00
2026-09-07 12:13:10,12:07:57,6.35,7.00,7.15,19.,229.70,252.30,49.00
2026-09-07 12:13:51,12:08:57,6.51,6.77,6.95,20.,228.00,252.30,48.00
2026-09-07 12:15:11,12:09:58,6.53,8.05,8.94,21.,229.70,251.90,47.00
2026-09-07 12:15:51,12:10:58,6.54,6.38,8.99,21.,229.90,250.60,47.00
2026-09-07 12:17:12,12:11:58,6.65,4.04,8.35,22.,233.70,249.30,49.00
2026-09-07 12:17:52,12:12:58,6.65,2.13,8.14,22.,234.60,247.80,51.00
2026-09-07 12:19:12,12:13:58,6.61,-0.11,7.28,22.,242.10,246.50,54.00
2026-09-07 12:19:52,12:14:58,6.65,0.08,7.59,22.,243.40,246.20,55.00
2026-09-07 12:21:13,12:15:58,6.68,0.04,8.63,22.,240.20,245.10,57.00
2026-09-07 12:21:53,12:16:58,6.63,-0.13,7.31,22.,242.30,245.70,58.00
2026-09-07 12:23:13,12:17:58,6.67,-0.03,7.18,21.,245.90,245.80,58.00
2026-09-07 12:23:53,12:18:58,6.62,-0.07,7.11,21.,246.40,245.90,58.00
2026-09-07 12:25:14,12:19:58,6.65,-0.70,5.44,21.,246.60,246.50,59.00
2026-09-07 12:25:54,12:20:58,6.52,-0.07,4.89,21.,245.70,247.80,58.00
2026-09-07 12:26:34,12:21:58,6.67,-0.15,4.54,22.,245.70,248.30,57.00
2026-09-07 12:27:54,12:22:59,6.62,0.03,4.69,22.,248.50,248.40,56.00
2026-09-07 12:28:35,12:23:59,6.55,-0.13,4.76,22.,248.70,248.40,56.00
2026-09-07 12:29:55,12:24:59,6.63,0.08,4.90,22.,248.30,248.50,56.00
2026-09-07 12:30:36,12:25:59,6.56,0.01,4.84,23.,250.00,248.50,56.00
2026-09-07 12:31:56,12:26:59,6.68,0.02,4.99,23.,247.00,248.50,56.00
2026-09-07 12:32:36,12:27:59,6.60,0.06,4.93,23.,247.20,248.70,56.00
2026-09-07 12:33:57,12:28:59,6.55,-0.12,4.75,23.,249.60,248.50,56.00
2026-09-07 12:34:37,12:29:59,6.64,0.00,4.88,25.,246.60,248.70,55.00
2026-09-07 12:35:57,12:30:59,6.51,0.11,4.73,25.,246.80,248.70,55.00
2026-09-07 12:36:37,12:31:59,6.67,0.00,4.88,25.,246.60,248.70,55.00
2026-09-07 12:37:58,12:32:59,6.65,0.09,4.85,25.,247.00,248.80,55.00
2026-09-07 12:38:38,12:33:59,6.65,-0.08,4.83,26.,240.60,248.70,55.00
2026-09-07 12:39:58,12:34:59,6.62,0.03,4.96,26.,244.90,248.50,55.00
2026-09-07 12:40:39,12:35:59,6.49,0.12,4.93,26.,243.80,248.50,55.00
2026-09-07 12:41:59,12:37:00,6.67,-0.01,5.20,26.,247.90,248.40,55.00
2026-09-07 12:42:39,12:38:00,6.69,0.14,5.29,26.,247.00,248.40,55.00
2026-09-07 12:44:00,12:39:00,6.71,-0.04,5.31,27.,252.80,248.30,55.00
2026-09-07 12:44:40,12:40:00,6.72,0.00,4.96,27.,249.80,248.50,55.00
2026-09-07 12:46:00,12:41:00,6.68,0.13,5.02,27.,247.90,248.70,55.00
2026-09-07 12:46:41,12:42:00,6.69,0.00,4.95,27.,250.40,248.70,55.00
2026-09-07 12:48:01,12:43:00,6.77,0.24,5.27,27.,247.70,248.70,55.00
2026-09-07 12:48:41,12:44:00,6.78,0.18,5.50,28.,248.90,248.40,55.00
2026-09-07 12:50:02,12:45:00,6.78,-0.10,4.87,28.,249.20,248.70,55.00
2026-09-07 12:50:42,12:46:00,6.81,0.11,4.81,28.,251.70,249.00,55.00
2026-09-07 12:52:02,12:47:00,6.77,0.00,4.66,28.,249.80,249.00,55.00
2026-09-07 12:54:03,12:48:00,6.74,0.10,4.65,29.,251.10,249.00,55.00
2026-09-07 12:54:43,12:49:00,6.80,0.35,5.21,29.,247.70,249.00,55.00
2026-09-07 12:56:04,12:50:00,6.77,-0.16,5.22,29.,247.90,248.40,55.00
2026-09-07 12:56:44,12:51:01,6.75,-0.01,5.15,29.,249.80,248.50,55.00
2026-09-07 12:58:04,12:52:01,6.76,1.26,6.61,30.,250.40,248.50,55.00
2026-09-07 12:58:45,12:53:01,6.76,1.82,6.74,30.,250.90,248.70,55.00
2026-09-07 13:00:05,12:54:01,6.73,0.81,6.55,30.,251.70,248.30,55.00
2026-09-07 13:00:46,12:55:01,6.65,-0.27,6.47,30.,253.20,246.10,56.00
2026-09-07 13:02:06,12:56:01,6.80,0.42,7.03,30.,251.30,247.10,57.00
2026-09-07 13:02:46,12:57:01,6.79,0.39,7.09,30.,251.90,247.10,57.00
2026-09-07 13:04:07,12:58:01,6.86,-0.47,7.01,30.,250.90,246.40,57.00
2026-09-07 13:04:47,12:59:01,6.77,0.00,7.09,30.,251.50,246.70,58.00
2026-09-07 13:06:08,13:00:01,6.82,-0.33,7.22,30.,253.40,246.50,59.00
2026-09-07 13:06:48,13:01:01,6.72,0.39,6.22,30.,251.70,247.40,59.00
2026-09-07 13:08:08,13:02:01,6.79,0.63,6.21,30.,252.60,247.80,58.00
2026-09-07 13:08:48,13:03:01,6.76,4.55,4.78,31.,243.40,252.30,52.00
2026-09-07 13:10:09,13:04:01,6.75,4.34,4.55,32.,244.40,252.60,50.00
2026-09-07 13:10:49,13:05:02,6.74,4.47,4.67,32.,244.20,252.60,48.00
2026-09-07 13:12:09,13:06:02,6.68,4.56,4.78,34.,243.20,252.40,47.00
2026-09-07 13:12:50,13:07:02,6.75,4.90,5.13,35.,245.30,252.40,46.00
2026-09-07 13:14:10,13:08:02,6.79,3.41,5.25,36.,242.70,251.30,46.00
2026-09-07 13:14:51,13:09:02,6.76,1.55,5.09,36.,248.70,250.00,47.00
2026-09-07 13:16:11,13:10:02,6.62,0.15,5.01,37.,250.90,248.80,49.00
2026-09-07 13:16:51,13:11:02,6.61,0.17,6.07,37.,246.20,248.10,51.00
2026-09-07 13:18:12,13:12:02,6.81,-0.15,6.07,37.,247.00,247.70,52.00
2026-09-07 13:18:52,13:13:02,6.73,0.04,6.01,37.,246.40,247.80,53.00
2026-09-07 13:20:12,13:14:02,6.80,-0.08,5.78,37.,250.00,247.80,53.00
2026-09-07 13:20:53,13:15:02,6.67,0.86,7.41,37.,249.80,247.10,54.00
2026-09-07 13:22:13,13:16:02,6.79,0.15,7.65,37.,251.30,246.40,56.00
2026-09-07 13:22:53,13:17:02,6.70,7.20,7.53,38.,245.30,252.00,51.00
2026-09-07 13:24:14,13:18:02,6.76,7.14,7.39,39.,244.40,252.40,48.00
2026-09-07 13:24:54,13:19:03,6.71,6.87,7.17,40.,244.00,252.40,47.00
2026-09-07 13:26:14,13:20:03,6.60,6.70,7.05,40.,245.90,252.40,46.00
2026-09-07 13:26:55,13:21:03,6.71,6.82,7.05,42.,242.90,252.40,45.00
2026-09-07 13:27:35,13:22:03,6.74,6.81,7.04,43.,244.20,252.40,45.00
2026-09-07 13:28:55,13:23:03,6.76,6.78,7.03,44.,241.70,252.40,44.00
2026-09-07 13:29:35,13:24:03,6.65,2.99,4.97,45.,244.90,251.30,44.00
2026-09-07 13:30:56,13:25:03,6.66,1.20,4.86,45.,248.70,249.80,46.00
2026-09-07 13:31:36,13:26:03,6.57,0.14,4.95,46.,248.50,248.80,48.00
2026-09-07 13:32:57,13:27:03,6.74,-0.04,4.81,46.,250.00,248.70,49.00
2026-09-07 13:33:37,13:28:03,6.77,0.13,4.89,46.,250.90,248.80,50.00
2026-09-07 13:34:57,13:29:03,6.76,0.13,4.45,46.,247.70,249.10,50.00
2026-09-07 13:35:37,13:30:03,6.71,0.07,4.32,47.,244.70,249.10,50.00
2026-09-07 13:36:58,13:31:03,6.57,0.10,4.31,47.,247.70,249.00,50.00
2026-09-07 13:37:38,13:32:03,6.77,0.00,4.78,47.,248.70,249.00,51.00
2026-09-07 13:38:58,13:33:04,6.75,0.07,4.52,48.,238.70,249.10,51.00
2026-09-07 13:39:38,13:34:04,6.73,0.16,4.70,48.,237.00,249.00,51.00
2026-09-07 13:40:59,13:35:04,6.79,-0.09,5.96,48.,229.00,248.00,53.00
2026-09-07 13:41:39,13:36:04,6.62,-0.20,5.78,48.,233.50,247.80,54.00
2026-09-07 13:42:59,13:37:04,6.80,-0.37,5.52,48.,229.30,248.00,54.00
2026-09-07 13:43:39,13:38:04,6.83,6.02,6.37,50.,228.60,252.20,51.00
2026-09-07 13:45:00,13:39:04,6.76,5.74,5.93,50.,232.90,252.70,48.00
2026-09-07 13:45:40,13:40:04,6.76,5.87,6.06,51.,232.50,252.90,47.00
2026-09-07 13:47:00,13:41:04,6.81,5.92,6.16,52.,232.50,252.90,46.00
2026-09-07 13:47:40,13:42:04,6.81,5.83,6.06,53.,233.30,253.00,45.00
2026-09-07 13:49:01,13:43:04,6.54,5.28,6.22,54.,232.00,252.60,44.00
2026-09-07 13:49:41,13:44:04,6.79,3.57,6.24,55.,232.50,251.40,45.00
2026-09-07 13:51:01,13:45:04,6.79,1.88,6.30,55.,233.30,250.00,47.00
2026-09-07 13:51:42,13:46:05,6.78,0.03,6.10,55.,238.20,248.40,49.00
2026-09-07 13:53:02,13:47:05,6.77,-0.02,6.28,55.,237.40,248.10,51.00
2026-09-07 13:53:42,13:48:05,6.73,-0.09,6.05,55.,238.50,248.00,52.00
2026-09-07 13:55:02,13:49:05,6.70,-0.19,5.60,55.,235.70,248.30,53.00
2026-09-07 13:55:43,13:50:05,6.69,-0.08,5.77,56.,236.70,248.30,53.00
2026-09-07 13:57:03,13:51:05,6.70,-0.07,5.94,56.,240.20,248.10,54.00
2026-09-07 13:57:43,13:52:05,6.71,-0.26,5.69,56.,239.30,248.30,54.00
2026-09-07 13:59:03,13:53:05,6.68,5.56,5.78,56.,232.90,252.60,51.00
2026-09-07 13:59:44,13:54:05,6.65,5.61,5.80,57.,232.70,253.60,48.00
2026-09-07 14:01:04,13:55:05,6.74,5.80,6.01,59.,233.10,253.70,47.00
2026-09-07 14:01:44,13:56:05,6.70,5.61,5.84,60.,232.30,254.00,46.00
2026-09-07 14:03:04,13:57:05,6.60,5.30,5.55,60.,232.70,254.00,45.00
2026-09-07 14:03:45,13:58:05,6.62,5.56,5.78,61.,234.00,254.20,44.00
2026-09-07 14:05:05,13:59:05,6.55,3.72,6.08,62.,229.70,252.90,44.00
2026-09-07 14:05:45,14:00:06,6.66,2.26,6.08,62.,231.80,251.60,46.00
2026-09-07 14:07:05,14:01:06,6.67,2.06,7.61,63.,234.60,250.10,49.00
2026-09-07 14:07:46,14:02:06,6.62,0.15,7.31,63.,237.20,248.50,52.00
2026-09-07 14:09:06,14:03:06,6.51,-0.45,5.94,63.,239.10,248.80,53.00
2026-09-07 14:09:46,14:04:06,6.51,-0.05,6.04,63.,239.10,249.10,53.00
2026-09-07 14:11:06,14:05:06,6.63,0.01,6.02,63.,232.00,249.30,54.00
2026-09-07 14:11:47,14:06:06,6.61,-0.11,5.93,63.,240.80,249.30,54.00
2026-09-08 11:45:03,11:39:55,6.34,0.13,2.84,38.,250.40,250.30,48.00
2026-09-08 11:45:44,11:40:55,6.28,0.14,2.97,39.,248.30,250.30,48.00
2026-09-08 11:47:04,11:41:56,6.31,0.06,2.85,39.,251.90,250.30,48.00
2026-09-08 11:47:44,11:42:56,6.10,-0.03,2.62,40.,248.10,250.10,48.00
2026-09-08 11:49:04,11:43:56,5.87,0.11,2.88,40.,250.20,250.00,48.00
2026-09-08 11:49:45,11:44:56,6.05,0.13,3.06,42.,248.50,250.10,48.00
2026-09-08 11:51:05,11:45:56,6.25,0.14,2.84,42.,250.90,250.40,48.00
2026-09-08 11:51:45,11:46:56,6.11,0.05,3.63,43.,244.90,249.70,48.00
2026-09-08 11:53:06,11:47:56,6.28,0.07,3.61,43.,246.20,249.60,48.00
2026-09-08 11:53:46,11:48:56,6.13,0.08,3.39,43.,247.20,249.80,48.00
2026-09-08 11:55:06,11:49:56,6.03,-0.07,3.12,44.,246.60,249.80,48.00
2026-09-08 11:55:46,11:50:56,5.76,0.01,3.48,44.,248.10,249.30,48.00
2026-09-08 11:57:07,11:51:56,5.77,0.24,4.07,44.,249.40,249.00,48.00
2026-09-08 11:57:47,11:52:56,6.09,-0.02,3.96,44.,246.60,249.10,48.00
2026-09-08 11:59:07,11:53:56,5.70,0.15,3.89,45.,248.90,249.00,48.00
2026-09-08 11:59:47,11:54:56,5.94,-0.02,3.76,45.,247.40,249.10,48.00
2026-09-08 12:01:08,11:55:57,6.05,0.14,4.18,45.,248.90,249.10,49.00
2026-09-08 12:01:48,11:56:57,6.18,0.17,3.76,46.,248.30,249.70,49.00
2026-09-08 12:03:08,11:57:57,6.36,0.00,3.46,46.,249.20,250.00,49.00
2026-09-08 12:03:48,11:58:57,6.34,0.02,3.36,46.,248.10,250.10,49.00
2026-09-08 12:05:09,11:59:57,6.47,0.14,3.44,47.,247.00,250.10,49.00
2026-09-08 12:05:49,12:00:57,6.49,-0.02,3.39,47.,248.50,250.10,49.00
2026-09-08 12:07:09,12:01:57,6.49,0.19,3.58,48.,249.80,250.10,49.00
2026-09-08 12:07:50,12:02:57,6.54,0.01,3.23,48.,247.70,250.40,49.00
2026-09-08 12:09:10,12:03:57,6.52,0.51,4.31,48.,245.70,250.00,49.00
2026-09-08 12:09:50,12:04:57,6.53,-0.02,3.99,50.,247.40,249.70,49.00
2026-09-08 12:11:11,12:05:57,6.53,0.04,4.00,50.,245.90,249.80,49.00
2026-09-08 12:11:51,12:06:57,6.56,0.07,8.72,50.,234.20,245.90,53.00
2026-09-08 12:13:11,12:07:57,6.48,-0.32,8.56,50.,235.20,244.80,56.00
2026-09-08 12:13:52,12:08:57,6.47,-1.26,7.26,48.,238.50,244.50,57.00
2026-09-08 12:15:12,12:09:58,6.53,-0.13,6.91,48.,240.60,245.90,57.00
2026-09-08 12:15:52,12:10:58,6.64,-0.11,7.16,48.,240.20,245.90,57.00
2026-09-08 12:17:12,12:11:58,6.54,-0.12,7.23,48.,240.00,245.80,57.00
2026-09-08 12:17:53,12:12:58,6.42,-0.28,7.02,48.,239.30,245.70,58.00
2026-09-08 12:19:13,12:13:58,6.60,-0.12,7.22,48.,241.90,245.70,58.00
2026-09-08 12:19:54,12:14:58,6.55,-0.51,6.60,48.,240.80,245.80,58.00
2026-09-08 12:21:14,12:15:58,6.65,6.56,6.78,50.,235.70,252.30,52.00
2026-09-08 12:21:54,12:16:58,6.66,6.60,6.92,50.,235.90,252.90,49.00
2026-09-08 12:23:15,12:17:58,6.55,6.14,6.29,51.,238.70,252.90,48.00
2026-09-08 12:23:55,12:18:58,6.62,6.10,6.37,52.,235.70,252.90,46.00
2026-09-08 12:25:15,12:19:58,6.61,5.07,5.25,53.,240.60,253.20,45.00
2026-09-08 12:25:55,12:20:58,6.51,4.06,6.02,54.,238.00,251.70,45.00
2026-09-08 12:27:16,12:21:58,6.69,1.93,5.67,54.,246.60,250.60,47.00
2026-09-08 12:27:56,12:22:58,6.71,0.03,4.88,54.,246.60,249.40,49.00
2026-09-08 12:29:16,12:23:59,6.46,0.09,4.86,55.,245.70,249.30,49.00
2026-09-08 12:29:57,12:24:59,6.55,-0.18,4.63,55.,246.40,249.30,50.00
2026-09-08 12:31:17,12:25:59,6.40,0.06,4.62,55.,242.70,249.30,50.00
2026-09-08 12:31:57,12:26:59,6.72,-0.03,4.67,55.,245.30,249.60,51.00
2026-09-08 12:32:38,12:27:59,6.65,0.24,5.25,56.,242.30,249.30,51.00
2026-09-08 12:33:58,12:28:59,6.59,-0.06,5.36,56.,243.80,249.00,52.00
2026-09-08 12:34:38,12:29:59,6.76,-0.24,4.96,56.,244.00,249.10,52.00
2026-09-08 12:35:58,12:30:59,6.69,0.08,5.10,56.,246.40,249.30,52.00
2026-09-08 12:36:39,12:31:59,6.72,-0.01,4.64,56.,245.30,249.70,52.00
2026-09-08 12:37:59,12:32:59,6.56,0.14,4.73,57.,245.90,249.80,52.00
2026-09-08 12:38:39,12:33:59,6.65,0.04,4.95,57.,244.20,249.70,52.00
2026-09-08 12:40:00,12:34:59,6.73,-0.18,4.61,57.,247.40,249.80,52.00
2026-09-08 12:40:40,12:35:59,6.69,0.04,4.76,57.,244.90,250.00,52.00
2026-09-08 12:42:01,12:36:59,6.71,-0.03,4.63,59.,246.40,250.00,52.00
2026-09-08 12:42:41,12:38:00,6.49,-0.07,4.50,59.,244.90,250.10,52.00
2026-09-08 12:44:01,12:39:00,6.73,0.03,4.56,59.,246.80,250.30,52.00
2026-09-08 12:44:41,12:40:00,6.67,0.04,4.74,59.,246.60,250.30,52.00
2026-09-08 12:46:02,12:41:00,6.70,-0.05,4.57,60.,247.00,250.40,52.00
2026-09-08 12:46:42,12:42:00,6.75,0.00,4.68,60.,246.80,250.40,52.00
2026-09-08 12:48:02,12:43:00,6.68,0.05,4.07,60.,245.30,251.10,52.00
2026-09-08 12:48:43,12:44:00,6.81,0.06,4.14,61.,246.60,251.10,52.00
2026-09-08 12:50:03,12:45:00,6.76,0.08,4.12,61.,247.90,251.30,52.00
2026-09-08 12:50:43,12:46:00,6.73,0.07,4.06,61.,247.00,251.40,52.00
2026-09-08 12:52:04,12:47:00,6.62,0.01,3.89,62.,251.10,251.70,52.00
2026-09-08 12:52:44,12:48:00,6.72,0.07,4.03,62.,244.40,251.90,52.00
2026-09-08 12:54:04,12:49:00,6.82,0.39,4.55,63.,248.70,251.60,52.00
2026-09-08 12:54:44,12:50:00,6.80,-0.12,4.30,63.,247.90,251.60,52.00
2026-09-08 12:56:05,12:51:00,6.84,0.11,4.44,63.,246.20,251.60,52.00
2026-09-08 12:56:45,12:52:01,6.67,0.08,4.52,63.,248.70,251.60,52.00
2026-09-08 12:58:05,12:53:01,6.63,-0.03,5.25,64.,245.10,251.10,52.00
2026-09-08 13:00:06,12:54:01,6.82,0.01,5.28,64.,244.90,250.90,52.00
2026-09-08 13:00:46,12:55:01,6.86,-0.21,4.87,64.,247.70,251.00,52.00
2026-09-08 13:02:06,12:56:01,6.66,0.03,4.66,64.,245.30,251.10,52.00
2026-09-08 13:02:46,12:57:01,6.82,0.09,4.88,65.,245.70,251.30,52.00
2026-09-08 13:04:07,12:58:01,6.82,-0.11,4.83,65.,243.60,251.30,52.00
2026-09-08 13:04:47,12:59:01,6.78,0.00,4.90,65.,247.70,251.30,52.00
2026-09-08 13:06:07,13:00:01,6.82,0.01,4.55,65.,246.40,251.40,52.00
2026-09-08 13:06:48,13:01:01,6.75,0.05,4.44,67.,245.90,251.40,52.00
2026-09-08 13:08:08,13:02:01,6.74,0.05,4.14,67.,246.40,252.00,52.00
2026-09-08 13:08:48,13:03:01,6.85,0.00,3.98,67.,244.90,252.30,52.00
2026-09-08 13:10:09,13:04:01,6.84,0.06,4.05,68.,245.70,252.30,52.00
2026-09-08 13:10:49,13:05:01,6.74,-0.10,4.07,68.,245.10,252.30,52.00
2026-09-08 13:12:09,13:06:01,6.49,0.10,4.15,68.,248.30,252.30,52.00
2026-09-08 13:12:49,13:07:02,6.86,0.06,3.92,69.,248.30,252.40,52.00
2026-09-08 13:14:10,13:08:02,6.88,-0.03,3.67,69.,247.20,252.60,51.00
2026-09-08 13:14:50,13:09:02,6.78,0.08,3.53,70.,249.20,252.70,51.00
2026-09-08 13:16:10,13:10:02,6.83,-0.09,3.49,71.,247.00,252.60,51.00
2026-09-08 13:16:50,13:11:02,6.83,0.08,3.66,71.,239.30,252.70,51.00
2026-09-08 13:18:11,13:12:02,6.88,0.13,4.42,72.,237.80,252.20,51.00
2026-09-08 13:18:51,13:13:02,6.77,-0.17,4.21,72.,241.00,252.00,51.00
2026-09-08 13:20:11,13:14:02,6.75,-0.01,4.22,72.,238.20,251.90,51.00
2026-09-08 13:20:52,13:15:02,6.80,-0.18,4.00,73.,237.40,252.20,51.00
2026-09-08 13:22:12,13:16:02,6.81,-0.02,4.10,73.,237.00,252.30,51.00
2026-09-08 13:22:52,13:17:02,6.82,-0.02,5.10,73.,232.50,251.40,51.00
2026-09-08 13:24:13,13:18:02,6.84,-0.36,5.08,75.,236.10,251.00,52.00
2026-09-08 13:24:53,13:19:02,6.70,-0.09,4.81,75.,243.40,251.30,52.00
2026-09-08 13:26:13,13:20:02,6.75,4.36,4.70,75.,240.20,254.60,52.00
2026-09-08 13:26:54,13:21:03,6.84,3.81,4.09,76.,242.30,255.50,48.00
2026-09-08 13:28:15,13:22:03,6.78,3.92,4.12,77.,242.30,255.30,46.00
2026-09-08 13:28:55,13:23:03,6.76,3.86,4.07,78.,241.20,255.20,45.00
2026-09-08 13:30:15,13:24:03,6.77,4.15,4.44,79.,242.50,255.00,44.00
2026-09-08 13:30:55,13:25:03,6.77,3.95,4.19,80.,241.90,255.00,44.00
2026-09-08 13:32:16,13:26:03,6.66,2.04,4.32,81.,243.80,253.60,44.00
2026-09-08 13:32:57,13:27:03,6.73,0.60,4.51,81.,246.60,252.20,46.00
2026-09-08 13:34:17,13:28:03,6.73,0.37,6.00,81.,242.10,250.70,48.00
2026-09-08 13:34:57,13:29:03,6.73,-0.10,5.56,81.,243.20,250.40,50.00
2026-09-08 13:36:18,13:30:03,6.74,-0.20,3.70,82.,247.00,251.70,50.00
2026-09-08 13:36:58,13:31:03,6.72,0.25,4.35,82.,245.30,252.30,50.00
2026-09-08 13:37:38,13:32:03,6.69,0.06,4.29,82.,243.40,252.00,50.00
2026-09-08 13:38:58,13:33:03,6.75,-0.07,4.32,84.,242.90,251.90,50.00
2026-09-08 13:39:38,13:34:03,6.75,0.01,4.40,84.,244.20,251.90,50.00
2026-09-08 13:40:59,13:35:04,6.74,-0.12,4.26,84.,243.60,252.20,50.00
2026-09-08 13:41:39,13:36:04,6.70,0.02,4.30,85.,241.00,252.20,50.00
2026-09-08 13:42:59,13:37:04,6.76,0.00,4.39,85.,242.50,252.20,50.00
2026-09-08 13:43:40,13:38:04,6.61,-0.11,4.34,85.,241.20,252.20,50.00
2026-09-08 13:45:00,13:39:04,6.57,0.05,4.58,86.,242.30,252.30,51.00
2026-09-08 13:45:41,13:40:04,6.76,-0.09,4.35,86.,244.90,252.30,51.00
2026-09-08 13:47:01,13:41:04,6.70,0.05,4.51,87.,245.90,252.40,51.00
2026-09-08 13:47:41,13:42:04,6.70,0.26,6.00,88.,245.50,251.40,52.00
2026-09-08 13:49:02,13:43:04,6.66,0.05,5.99,88.,247.40,250.90,53.00
2026-09-08 13:49:42,13:44:04,6.67,-0.26,4.12,88.,244.40,251.70,53.00
2026-09-08 13:51:02,13:45:04,6.61,-0.13,4.08,90.,248.10,253.00,53.00
2026-09-08 13:51:43,13:46:04,6.70,0.33,4.53,93.,243.40,253.50,52.00
2026-09-08 13:53:03,13:47:04,6.66,0.04,4.35,94.,245.50,253.30,52.00
2026-09-08 13:53:43,13:48:04,6.69,-0.27,4.04,95.,235.00,253.60,52.00
2026-09-08 13:55:03,13:49:05,6.52,0.02,4.26,96.,235.00,253.70,52.00
2026-09-08 13:55:44,13:50:05,6.68,0.00,4.30,97.,236.10,254.20,52.00
2026-09-08 13:57:04,13:51:05,6.53,0.08,4.56,97.,235.70,254.30,52.00
2026-09-08 13:57:44,13:52:05,6.58,-0.06,4.33,98.,234.40,254.90,52.00
2026-09-08 13:59:05,13:53:05,6.64,0.66,4.92,98.,232.50,255.90,52.00
2026-09-08 13:59:45,13:54:05,6.54,-1.99,4.53,100,239.10,253.30,53.00
2026-09-08 14:01:05,13:55:05,6.60,-1.97,4.61,100,240.20,252.20,54.00
2026-09-08 14:01:45,13:56:05,6.59,-2.02,4.55,100,238.90,251.60,55.00
2026-09-08 14:03:06,13:57:05,6.60,-2.43,4.15,100,236.50,251.10,55.00
2026-09-08 14:03:46,13:58:05,6.48,-2.53,3.93,100,238.50,250.90,56.00
2026-09-08 14:05:06,13:59:05,6.61,-2.26,4.35,100,239.50,250.70,56.00
2026-09-08 14:05:47,14:00:05,6.57,-2.32,4.25,100,241.20,250.40,56.00
2026-09-08 14:07:07,14:01:05,6.50,-2.22,4.26,100,240.60,250.30,57.00
2026-09-08 14:07:47,14:02:05,0.05,4.02,4.05,100,234.20,250.30,51.00
2026-09-08 14:09:08,14:03:05,0.05,4.07,4.10,100,234.40,250.30,49.00
2026-09-08 14:09:48,14:04:06,0.05,4.60,4.63,100,239.10,250.10,47.00
2026-09-08 14:11:08,14:05:06,0.05,4.18,4.21,100,238.70,250.10,46.00
2026-09-08 14:11:48,14:06:06,0.05,3.83,3.86,100,239.30,250.00,45.00
2026-09-09 11:45:06,11:39:56,1.57,0.01,3.92,22.,233.30,244.20,49.00
2026-09-09 11:45:46,11:40:56,1.42,0.00,3.93,22.,235.90,243.80,49.00
2026-09-09 11:47:07,11:41:56,1.30,0.00,3.83,22.,232.30,243.50,49.00
2026-09-09 11:47:47,11:42:56,1.26,0.04,3.92,21.,235.50,243.20,49.00
2026-09-09 11:49:07,11:43:56,1.24,0.02,3.98,21.,234.60,243.10,49.00
2026-09-09 11:49:47,11:44:56,1.32,0.01,4.02,20.,234.40,242.90,49.00
2026-09-09 11:51:08,11:45:56,1.32,-0.15,3.84,20.,236.50,242.80,49.00
2026-09-09 11:51:48,11:46:56,1.37,-0.01,3.78,20.,235.20,242.80,49.00
2026-09-09 11:53:08,11:47:56,1.38,0.01,3.76,19.,237.60,242.60,49.00
2026-09-09 11:53:49,11:48:57,1.48,-0.15,3.75,19.,236.70,242.50,49.00
2026-09-09 11:55:09,11:49:57,1.52,0.07,3.12,19.,234.20,243.10,49.00
2026-09-09 11:55:49,11:50:57,1.52,-0.08,2.87,19.,238.70,243.20,49.00
2026-09-09 11:57:10,11:51:57,1.59,0.06,3.08,18.,241.00,243.10,49.00
2026-09-09 11:57:50,11:52:57,1.61,0.01,2.95,18.,239.50,243.10,48.00
2026-09-09 11:59:10,11:53:57,1.69,0.07,3.04,18.,241.20,243.10,48.00
2026-09-09 11:59:50,11:54:57,1.72,0.05,2.98,18.,239.30,243.10,48.00
2026-09-09 12:01:11,11:55:57,1.81,-0.12,2.88,18.,242.50,243.10,48.00
2026-09-09 12:01:51,11:56:57,1.85,0.04,2.88,17.,241.00,243.10,48.00
2026-09-09 12:03:12,11:57:57,1.84,0.06,2.89,17.,239.50,243.10,48.00
2026-09-09 12:03:52,11:58:57,1.83,0.09,2.84,17.,242.70,243.10,47.00
2026-09-09 12:05:12,11:59:57,1.98,0.14,3.35,17.,241.20,242.80,47.00
2026-09-09 12:05:52,12:00:57,2.17,-0.15,3.28,17.,239.70,242.60,47.00
2026-09-09 12:07:13,12:01:57,2.39,-0.08,3.25,17.,241.70,242.90,47.00
2026-09-09 12:07:53,12:02:58,3.18,0.08,3.30,17.,244.20,243.30,47.00
2026-09-09 12:09:13,12:03:58,3.46,0.08,3.23,17.,241.20,243.80,47.00
2026-09-09 12:09:53,12:04:58,4.22,0.05,3.25,17.,244.70,244.80,47.00
2026-09-09 12:11:14,12:05:58,7.45,0.40,3.49,17.,247.70,247.80,47.00
2026-09-09 12:11:54,12:06:58,7.13,0.10,3.71,18.,246.80,247.80,47.00
2026-09-09 12:13:14,12:07:58,7.39,0.06,3.70,18.,247.40,248.70,47.00
2026-09-09 12:13:54,12:08:58,6.95,0.11,3.41,19.,247.20,248.80,47.00
2026-09-09 12:15:15,12:09:58,3.97,0.05,3.53,19.,242.90,246.40,47.00
2026-09-09 12:15:55,12:10:58,6.56,-0.03,3.76,19.,244.70,248.00,47.00
2026-09-09 12:17:15,12:11:58,3.77,0.16,3.76,19.,241.20,246.40,47.00
2026-09-09 12:17:55,12:12:58,7.32,0.06,3.55,20.,248.30,249.10,47.00
2026-09-09 12:19:16,12:13:58,3.34,0.07,4.36,20.,242.70,245.90,48.00
2026-09-09 12:19:56,12:14:58,4.15,-0.09,7.96,19.,230.50,242.80,51.00
2026-09-09 12:21:16,12:15:58,6.74,-0.36,8.06,19.,236.70,243.60,54.00
2026-09-09 12:21:57,12:16:59,4.00,-0.07,8.27,19.,229.50,241.80,55.00
2026-09-09 12:23:17,12:17:59,4.82,-0.23,6.26,18.,239.30,242.90,56.00
2026-09-09 12:23:57,12:18:59,3.88,-0.09,6.88,18.,239.10,242.00,56.00
2026-09-09 12:25:18,12:19:59,4.51,-0.07,6.76,18.,235.90,241.90,56.00
2026-09-09 12:25:58,12:20:59,4.96,-0.11,7.05,17.,238.50,241.90,56.00
2026-09-09 12:27:18,12:21:59,3.81,-0.57,6.08,17.,239.50,241.30,56.00
2026-09-09 12:27:58,12:22:59,5.44,0.11,6.54,17.,239.10,242.50,56.00
2026-09-09 12:29:19,12:23:59,4.86,-0.27,5.68,17.,239.70,242.50,56.00
2026-09-09 12:29:59,12:24:59,4.64,-0.06,5.81,17.,241.00,242.30,56.00
2026-09-09 12:31:19,12:25:59,3.40,-0.33,5.41,15.,237.80,241.30,56.00
2026-09-09 12:31:59,12:26:59,3.09,-0.33,5.52,15.,236.70,240.60,56.00
2026-09-09 12:33:20,12:27:59,3.08,-0.09,5.75,15.,237.00,240.30,56.00
2026-09-09 12:34:00,12:28:59,3.19,-0.27,5.82,14.,240.80,240.00,56.00
2026-09-09 12:35:20,12:29:59,3.40,-0.08,5.84,14.,238.70,240.30,56.00
2026-09-09 12:36:00,12:31:00,4.25,-0.25,5.92,13.,240.60,240.70,56.00
2026-09-09 12:37:21,12:32:00,7.12,-0.02,6.13,13.,244.20,243.30,56.00
2026-09-09 12:38:01,12:33:00,7.11,-0.11,5.83,14.,243.60,243.80,56.00
2026-09-09 12:38:41,12:34:00,7.23,0.08,6.73,14.,248.90,243.60,56.00
2026-09-09 12:40:02,12:35:00,7.17,0.01,6.50,14.,249.60,243.80,56.00
2026-09-09 12:40:42,12:36:00,7.20,-0.18,6.15,14.,249.20,244.10,56.00
2026-09-09 12:42:42,12:37:00,7.14,0.04,6.01,14.,248.70,244.50,56.00
2026-09-09 12:48:44,12:38:00,6.99,-0.01,5.64,14.,247.70,244.90,56.00
2026-09-09 12:50:04,12:39:00,6.90,0.04,5.82,14.,244.00,244.80,56.00
2026-09-09 12:50:45,12:40:00,7.07,0.06,5.74,14.,244.70,245.20,56.00
2026-09-09 12:52:05,12:41:00,6.99,-0.14,5.38,15.,245.10,245.50,56.00
2026-09-09 12:52:45,12:42:00,6.91,0.04,5.48,15.,245.10,245.70,56.00
2026-09-09 12:54:06,12:43:00,7.11,0.14,6.91,15.,247.90,244.60,56.00
2026-09-09 12:54:46,12:44:00,7.02,0.23,7.06,15.,250.40,244.20,57.00
2026-09-09 12:56:06,12:45:00,1.83,-0.17,6.65,14.,240.40,238.90,57.00
2026-09-09 12:56:46,12:46:01,6.74,0.00,6.60,14.,250.60,242.80,57.00
2026-09-09 12:58:07,12:47:01,6.65,0.83,6.63,14.,250.90,244.10,57.00
2026-09-09 12:58:47,12:48:01,7.13,0.24,8.21,14.,242.70,242.30,58.00
2026-09-09 13:00:08,12:49:01,7.03,-0.01,8.51,14.,248.30,241.60,60.00
2026-09-09 13:00:48,12:50:01,7.13,-1.43,7.29,14.,251.70,242.00,60.00
2026-09-09 13:02:08,12:51:01,7.23,-0.64,8.64,14.,248.90,241.90,60.00
2026-09-09 13:02:49,12:52:01,7.37,-0.20,7.24,14.,250.40,242.80,61.00
2026-09-09 13:04:09,12:54:01,7.69,0.03,5.79,14.,248.70,244.90,60.00
2026-09-09 13:04:49,12:56:01,3.65,-0.20,5.55,14.,235.20,241.90,59.00
2026-09-09 13:06:09,12:58:01,2.40,-0.03,5.70,13.,233.10,239.30,58.00
2026-09-09 13:06:50,13:00:02,2.36,0.04,6.05,12.,234.40,238.60,58.00
2026-09-09 13:08:10,13:02:02,2.04,-0.04,5.41,10.,234.60,238.60,57.00
2026-09-09 13:08:50,13:03:02,1.88,-0.11,5.03,9.0,234.20,238.40,57.00
2026-09-09 13:10:11,13:04:02,1.71,-0.23,5.35,7.0,236.50,237.80,57.00
2026-09-09 13:10:51,13:05:02,1.89,0.04,5.94,7.0,233.10,237.60,57.00
2026-09-09 13:12:11,13:06:02,1.84,-0.09,7.00,6.0,240.00,236.30,57.00
2026-09-09 13:12:52,13:07:02,1.68,0.11,7.09,5.0,239.50,235.80,57.00
2026-09-09 13:14:12,13:08:02,1.51,-0.02,6.92,3.0,239.10,235.40,58.00
2026-09-09 13:14:52,13:09:02,1.51,0.02,6.98,1.0,239.70,235.00,58.00
2026-09-09 13:16:13,13:10:02,1.45,5.14,6.87,0.0,232.50,238.90,55.00
2026-09-09 13:16:53,13:11:02,1.42,4.74,6.47,0.0,234.20,240.20,53.00
2026-09-09 13:18:13,13:12:02,1.41,5.22,6.63,0.0,232.70,0.20,52.00
2026-09-09 13:18:54,13:13:02,1.41,5.27,6.68,0.0,232.50,0.20,50.00
2026-09-09 13:20:14,13:14:03,1.47,5.18,6.65,0.0,231.20,0.20,50.00
2026-09-09 13:20:54,13:15:03,1.52,3.34,4.86,0.0,230.80,0.20,49.00
2026-09-09 13:22:15,13:16:03,1.56,4.48,6.04,0.0,219.80,0.20,48.00
2026-09-09 13:22:55,13:17:03,1.62,3.80,5.42,0.0,223.50,0.20,48.00
2026-09-09 13:24:16,13:18:03,1.64,3.76,5.40,0.0,222.20,0.20,47.00
2026-09-09 13:24:56,13:19:03,1.61,3.25,4.86,0.0,229.70,0.20,47.00
2026-09-09 13:26:16,13:20:03,1.77,3.40,5.17,0.0,231.60,0.20,47.00
2026-09-09 13:26:57,13:21:03,2.31,2.70,5.01,0.0,233.10,0.20,47.00
2026-09-09 13:28:17,13:22:03,2.45,2.30,4.75,0.0,235.20,0.20,47.00
2026-09-09 13:28:57,13:23:03,2.51,2.26,4.77,0.0,232.70,0.20,47.00
2026-09-09 13:30:18,13:24:03,3.60,1.17,4.77,0.0,235.00,0.20,47.00
2026-09-09 13:30:58,13:25:03,2.94,2.14,5.08,0.0,233.30,0.20,47.00
2026-09-09 13:32:18,13:26:03,3.96,1.02,4.98,0.0,231.80,0.20,47.00
2026-09-09 13:32:58,13:27:03,4.92,-0.16,4.76,0.0,241.90,0.40,49.00
2026-09-09 13:34:19,13:28:04,3.21,1.42,4.63,0.0,235.90,0.40,48.00
2026-09-09 13:34:59,13:29:04,4.95,-0.23,4.72,0.0,241.90,0.20,48.00
2026-09-09 13:36:19,13:30:04,3.56,1.28,4.84,0.0,238.20,0.40,48.00
2026-09-09 13:37:00,13:31:04,4.62,-0.16,4.46,0.0,242.30,0.40,48.00
2026-09-09 13:38:20,13:32:04,6.85,-2.34,4.38,0.0,250.60,0.20,51.00
2026-09-09 13:39:00,13:33:04,7.90,0.07,4.92,0.0,248.90,244.40,50.00
2026-09-09 13:40:20,13:34:04,7.62,0.27,5.35,1.0,249.20,244.50,50.00
2026-09-09 13:41:01,13:35:04,7.58,0.29,5.38,1.0,248.90,244.90,50.00
2026-09-09 13:42:21,13:36:04,7.42,0.15,5.12,1.0,242.90,245.10,50.00
2026-09-09 13:44:21,13:38:04,7.34,-0.14,4.80,2.0,249.40,245.70,50.00
2026-09-09 13:45:02,13:39:04,7.02,-0.05,4.69,2.0,249.20,245.80,50.00
2026-09-09 13:46:22,13:40:04,7.07,-0.14,5.02,3.0,247.70,245.50,51.00
2026-09-09 13:47:02,13:41:04,7.06,-0.11,4.88,3.0,245.30,245.50,51.00
2026-09-09 13:47:42,13:42:05,7.10,0.20,5.17,3.0,244.20,245.90,51.00
2026-09-09 13:49:03,13:43:05,6.85,0.22,5.21,4.0,240.40,245.90,51.00
2026-09-09 13:49:43,13:44:05,6.95,-0.47,4.27,4.0,242.30,246.20,51.00
2026-09-09 13:51:03,13:45:05,6.87,-0.16,4.40,4.0,240.00,246.40,51.00
2026-09-09 13:51:44,13:46:05,6.66,0.06,4.56,4.0,244.00,246.50,51.00
2026-09-09 13:53:04,13:47:05,6.65,0.01,4.47,5.0,239.70,246.50,51.00
2026-09-09 13:53:44,13:48:05,6.58,-0.02,4.47,5.0,236.50,246.70,51.00
2026-09-09 13:55:04,13:49:05,6.70,0.00,4.53,5.0,238.90,246.70,51.00
2026-09-09 13:55:45,13:50:05,6.63,0.05,4.71,6.0,240.60,246.50,51.00
2026-09-09 13:57:05,13:51:05,6.57,-0.19,4.41,6.0,241.90,246.70,51.00
2026-09-09 13:57:45,13:52:05,6.65,0.10,4.66,6.0,237.60,246.80,51.00
2026-09-09 13:59:06,13:53:05,6.62,-0.06,4.57,6.0,234.00,246.80,51.00
2026-09-09 13:59:46,13:54:05,6.64,-0.08,4.39,7.0,232.90,247.00,51.00
2026-09-09 14:01:06,13:55:05,6.61,-0.02,4.42,7.0,231.60,247.10,51.00
2026-09-09 14:01:46,13:56:05,6.57,-0.16,4.34,7.0,232.90,247.10,51.00
2026-09-09 14:03:07,13:57:06,6.54,0.01,4.73,7.0,231.60,247.00,51.00
2026-09-09 14:03:47,13:58:06,6.46,0.00,4.76,9.0,231.40,247.00,51.00
2026-09-09 14:05:07,13:59:06,6.52,-0.05,4.55,9.0,234.00,247.10,51.00
2026-09-09 14:05:48,14:00:06,6.56,0.02,4.68,9.0,233.10,247.20,51.00
2026-09-09 14:07:08,14:01:06,6.49,0.02,4.44,9.0,238.20,247.40,51.00
2026-09-09 14:07:48,14:02:06,6.43,0.29,5.12,10.,235.90,247.20,51.00
2026-09-09 14:09:09,14:03:06,6.48,0.08,5.12,10.,242.30,247.20,52.00
2026-09-09 14:09:49,14:04:06,6.47,-0.02,4.90,10.,234.60,247.20,52.00
2026-09-09 14:11:09,14:05:06,6.49,0.10,4.99,10.,244.70,247.20,52.00
2026-09-09 14:11:49,14:06:06,6.45,0.11,5.01,11.,242.30,247.40,52.00
2026-09-10 11:45:02,11:39:55,0.62,1.21,1.83,0.0,231.40,0.40,44.00
2026-09-10 11:46:23,11:40:55,0.68,1.13,1.81,0.0,232.30,0.40,45.00
2026-09-10 11:47:03,11:41:55,0.69,1.28,1.97,0.0,228.80,0.40,45.00
2026-09-10 11:48:24,11:42:55,0.70,1.21,1.91,0.0,235.90,0.40,45.00
2026-09-10 11:49:04,11:43:55,0.65,1.18,1.83,0.0,237.20,0.40,45.00
2026-09-10 11:50:24,11:44:55,0.69,1.27,1.96,0.0,230.30,0.40,45.00
2026-09-10 11:51:05,11:45:55,0.69,1.38,2.07,0.0,228.20,0.40,45.00
2026-09-10 11:52:25,11:46:55,0.70,1.38,2.08,0.0,234.60,0.40,45.00
2026-09-10 11:53:05,11:47:55,0.67,1.40,2.07,0.0,234.80,0.40,45.00
2026-09-10 11:53:45,11:48:55,0.72,1.26,1.98,0.0,235.50,0.40,45.00
2026-09-10 11:55:06,11:49:55,0.72,1.33,2.05,0.0,230.80,0.40,45.00
2026-09-10 11:55:46,11:50:55,0.68,1.14,1.82,0.0,234.80,0.40,45.00
2026-09-10 11:57:06,11:51:55,0.74,1.29,2.03,0.0,228.80,0.40,45.00
2026-09-10 11:57:47,11:52:55,0.69,1.15,1.84,0.0,236.10,0.40,45.00
2026-09-10 11:59:07,11:53:56,0.70,1.10,1.80,0.0,236.30,0.40,45.00
2026-09-10 11:59:47,11:54:56,0.64,1.20,1.84,0.0,237.80,0.40,45.00
2026-09-10 12:01:08,11:55:56,0.66,1.11,1.77,0.0,237.60,0.40,45.00
2026-09-10 12:01:48,11:56:56,0.70,1.05,1.75,0.0,232.70,0.40,45.00
2026-09-10 12:03:08,11:57:56,0.76,0.75,1.51,0.0,233.70,0.40,44.00
2026-09-10 12:03:48,11:58:56,0.86,0.70,1.56,0.0,235.90,0.40,43.00
2026-09-10 12:05:09,11:59:56,0.90,0.58,1.48,0.0,238.20,0.40,43.00
2026-09-10 12:05:49,12:00:56,1.05,0.64,1.69,0.0,236.70,0.40,42.00
2026-09-10 12:07:09,12:01:56,1.13,1.20,2.33,0.0,237.20,0.40,42.00
2026-09-10 12:07:49,12:02:56,1.22,1.14,2.36,0.0,238.90,0.40,41.00
2026-09-10 12:09:10,12:03:56,1.50,1.04,2.54,0.0,238.00,0.40,41.00
2026-09-10 12:09:50,12:04:56,1.49,0.82,2.32,0.0,237.80,0.40,41.00
2026-09-10 12:11:10,12:05:56,1.51,0.99,2.50,0.0,237.00,0.40,41.00
2026-09-10 12:11:51,12:06:56,1.50,1.00,2.50,0.0,235.90,0.40,41.00
2026-09-10 12:13:11,12:07:57,1.48,0.87,2.35,0.0,237.80,0.40,41.00
2026-09-10 12:13:51,12:08:57,1.48,0.90,2.38,0.0,235.00,0.40,41.00
2026-09-10 12:15:12,12:09:57,1.45,1.98,3.43,0.0,240.00,0.40,42.00
2026-09-10 12:15:52,12:10:57,1.44,2.12,3.56,0.0,238.90,0.40,42.00
2026-09-10 12:17:12,12:11:57,1.36,2.30,3.66,0.0,240.00,0.40,42.00
2026-09-10 12:17:52,12:12:57,1.41,2.55,3.96,0.0,236.30,0.40,42.00
2026-09-10 12:19:13,12:13:57,1.38,3.09,4.47,0.0,234.40,0.40,42.00
2026-09-10 12:19:53,12:14:57,1.42,3.83,5.25,0.0,232.70,0.40,42.00
2026-09-10 12:21:14,12:15:57,1.44,2.63,4.07,0.0,230.30,0.40,43.00
2026-09-10 12:21:54,12:16:57,1.42,2.48,3.90,0.0,231.20,0.40,43.00
2026-09-10 12:23:14,12:17:57,1.44,2.06,3.50,0.0,237.20,0.40,43.00
2026-09-10 12:23:54,12:18:57,1.40,1.95,3.35,0.0,234.20,0.40,43.00
2026-09-10 12:25:15,12:19:57,1.31,1.59,2.90,0.0,234.60,0.40,43.00
2026-09-10 12:25:55,12:20:57,1.29,0.85,2.14,0.0,239.50,0.40,43.00
2026-09-10 12:27:16,12:21:57,1.16,1.07,2.23,0.0,237.40,0.40,43.00
2026-09-10 12:27:56,12:22:58,1.04,1.03,2.07,0.0,239.50,0.40,43.00
2026-09-10 12:29:16,12:23:58,0.85,1.15,2.00,0.0,237.40,0.40,43.00
2026-09-10 12:29:56,12:24:58,0.69,1.13,1.82,0.0,236.50,0.40,43.00
2026-09-10 12:31:17,12:25:58,0.54,1.10,1.64,0.0,236.50,0.40,43.00
2026-09-10 12:31:57,12:26:58,0.50,1.34,1.84,0.0,232.90,0.40,43.00
2026-09-10 12:33:17,12:27:58,0.43,1.36,1.79,0.0,233.30,0.40,43.00
2026-09-10 12:33:57,12:28:58,0.43,1.19,1.62,0.0,233.70,0.40,43.00
2026-09-10 12:35:18,12:29:58,0.45,1.84,2.29,0.0,235.90,0.40,43.00
2026-09-10 12:35:58,12:30:58,0.45,1.86,2.31,0.0,234.20,0.40,43.00
2026-09-10 12:37:18,12:31:58,0.45,1.77,2.22,0.0,230.10,0.40,43.00
2026-09-10 12:37:58,12:32:58,0.47,1.76,2.23,0.0,230.10,0.40,43.00
2026-09-10 12:39:19,12:33:58,0.50,1.74,2.24,0.0,231.80,0.40,44.00
2026-09-10 12:39:59,12:34:58,0.57,1.86,2.43,0.0,233.10,0.40,44.00
2026-09-10 12:41:20,12:35:58,0.63,1.78,2.41,0.0,232.70,0.40,44.00
2026-09-10 12:42:00,12:36:59,0.76,1.27,2.03,0.0,231.40,0.40,44.00
2026-09-10 12:43:20,12:37:59,0.86,1.36,2.22,0.0,234.20,0.40,44.00
2026-09-10 12:44:00,12:38:59,0.91,1.12,2.03,0.0,234.20,0.40,44.00
2026-09-10 12:45:21,12:39:59,0.90,1.19,2.09,0.0,236.70,0.40,44.00
2026-09-10 12:46:01,12:40:59,0.89,0.99,1.88,0.0,237.00,0.40,44.00
2026-09-10 12:48:02,12:42:59,0.64,1.07,1.71,0.0,233.30,0.40,44.00
2026-09-10 12:49:22,12:43:59,0.52,1.14,1.66,0.0,233.70,0.40,44.00
2026-09-10 12:50:02,12:44:59,0.48,1.21,1.69,0.0,232.00,0.40,44.00
2026-09-10 12:51:23,12:45:59,0.51,2.36,2.87,0.0,233.50,0.40,44.00
2026-09-10 12:52:03,12:46:59,0.59,2.45,3.04,0.0,232.30,0.40,44.00
2026-09-10 12:53:23,12:47:59,0.64,4.65,5.29,0.0,235.90,0.40,44.00
2026-09-10 12:54:03,12:48:59,0.76,2.88,3.64,0.0,236.30,0.40,44.00
2026-09-10 12:55:24,12:49:59,0.88,0.78,1.66,0.0,235.90,0.40,44.00
2026-09-10 12:56:04,12:51:00,0.94,2.41,3.35,0.0,236.50,0.40,44.00
2026-09-10 12:57:25,12:52:00,1.08,0.79,1.87,0.0,237.20,0.40,44.00
2026-09-10 12:58:06,12:53:00,1.15,0.89,2.04,0.0,235.00,0.40,44.00
2026-09-10 12:58:46,12:54:00,1.25,0.85,2.10,0.0,236.30,0.40,44.00
2026-09-10 13:00:06,12:55:00,1.26,0.64,1.90,0.0,234.80,0.40,44.00
2026-09-10 13:02:07,12:56:00,1.26,0.80,2.06,0.0,235.00,0.40,44.00
2026-09-10 13:08:08,12:57:00,1.36,0.73,2.09,0.0,235.50,0.40,44.00
2026-09-10 13:10:09,12:58:00,1.46,1.31,2.77,0.0,234.00,0.40,44.00
2026-09-10 13:10:49,12:59:00,1.54,2.90,4.44,0.0,235.00,0.40,43.00
2026-09-10 13:12:10,13:00:00,1.59,2.75,4.34,0.0,234.60,0.40,43.00
2026-09-10 13:12:50,13:01:00,1.60,2.84,4.44,0.0,235.20,0.40,43.00
2026-09-10 13:14:10,13:02:00,1.59,2.80,4.39,0.0,236.50,0.40,43.00
2026-09-10 13:16:11,13:03:00,1.53,2.75,4.28,0.0,236.50,0.40,43.00
2026-09-10 13:16:51,13:04:00,1.44,2.94,4.38,0.0,237.40,0.40,43.00
2026-09-10 13:18:12,13:05:01,1.33,3.00,4.35,0.0,235.50,0.40,42.00
2026-09-10 13:18:52,13:07:01,1.10,3.06,4.16,0.0,232.90,0.40,42.00
2026-09-10 13:20:12,13:08:01,0.98,3.17,4.15,0.0,232.70,0.40,42.00
2026-09-10 13:20:52,13:10:01,0.77,3.05,3.82,0.0,232.30,0.40,41.00
2026-09-10 13:22:13,13:12:01,0.70,1.22,1.92,0.0,235.00,0.40,41.00
2026-09-10 13:22:53,13:14:01,0.63,1.18,1.81,0.0,235.70,0.40,40.00
2026-09-10 13:24:13,13:16:01,0.54,1.23,1.77,0.0,236.30,0.40,40.00
2026-09-10 13:24:53,13:18:01,0.53,1.24,1.77,0.0,234.20,0.40,40.00
2026-09-10 13:26:14,13:19:02,0.53,1.17,1.70,0.0,234.40,0.40,40.00
2026-09-10 13:26:54,13:21:02,0.45,1.58,2.03,0.0,233.10,0.40,40.00
2026-09-10 13:28:14,13:22:02,0.42,1.62,2.04,0.0,229.50,0.40,40.00
2026-09-10 13:28:55,13:23:02,0.42,2.81,3.23,0.0,232.30,0.40,40.00
2026-09-10 13:30:15,13:24:02,0.43,2.81,3.24,0.0,230.50,0.40,40.00
2026-09-10 13:30:55,13:25:02,0.46,2.64,3.10,0.0,235.90,0.40,40.00
2026-09-10 13:32:16,13:26:02,0.46,3.23,3.69,0.0,235.50,0.40,40.00
2026-09-10 13:32:56,13:27:02,0.46,3.03,3.49,0.0,238.50,0.40,40.00
2026-09-10 13:34:16,13:28:02,0.45,3.15,3.60,0.0,236.50,0.40,40.00
2026-09-10 13:34:56,13:29:02,0.46,3.14,3.60,0.0,236.30,0.40,40.00
2026-09-10 13:36:17,13:30:02,0.46,3.37,3.83,0.0,235.50,0.40,40.00
2026-09-10 13:36:57,13:31:02,0.43,3.42,3.85,0.0,235.70,0.40,40.00
2026-09-10 13:38:18,13:32:02,0.34,1.97,2.31,0.0,232.50,0.40,40.00
2026-09-10 13:38:58,13:33:03,0.32,2.05,2.37,0.0,232.30,0.40,40.00
2026-09-10 13:40:18,13:34:03,0.28,2.18,2.46,0.0,231.40,0.40,41.00
2026-09-10 13:40:58,13:35:03,0.27,2.01,2.28,0.0,232.00,0.40,41.00
2026-09-10 13:42:19,13:36:03,0.28,2.29,2.57,0.0,228.60,0.40,41.00
2026-09-10 13:42:59,13:37:03,0.29,3.55,3.84,0.0,223.70,0.40,41.00
2026-09-10 13:44:19,13:38:03,0.27,3.37,3.64,0.0,223.30,0.40,41.00
2026-09-10 13:45:00,13:39:03,0.30,3.41,3.71,0.0,224.10,0.40,41.00
2026-09-10 13:46:20,13:40:03,0.29,3.67,3.96,0.0,223.30,0.40,41.00
2026-09-10 13:47:00,13:41:03,0.34,3.55,3.89,0.0,224.80,0.40,41.00
2026-09-10 13:48:21,13:42:03,0.36,3.46,3.82,0.0,224.30,0.40,41.00
2026-09-10 13:49:01,13:43:03,0.37,3.41,3.78,0.0,225.00,0.40,41.00
2026-09-10 13:50:22,13:44:03,0.37,3.53,3.90,0.0,225.40,0.40,41.00
2026-09-10 13:51:02,13:45:03,0.41,3.45,3.86,0.0,226.90,0.40,41.00
2026-09-10 13:52:22,13:46:03,0.40,3.33,3.73,0.0,225.80,0.40,42.00
2026-09-10 13:53:03,13:47:04,0.42,3.25,3.67,0.0,225.60,0.40,42.00
2026-09-10 13:54:23,13:48:04,0.42,3.11,3.53,0.0,226.70,0.40,42.00
2026-09-10 13:55:03,13:49:04,0.41,2.89,3.30,0.0,226.50,0.40,42.00
2026-09-10 13:56:24,13:50:04,0.48,2.85,3.33,0.0,226.90,0.40,42.00
2026-09-10 13:57:04,13:51:04,0.52,2.61,3.13,0.0,226.90,0.40,42.00
2026-09-10 13:58:24,13:52:04,0.64,2.68,3.32,0.0,228.20,0.40,42.00
2026-09-10 13:59:04,13:53:04,0.81,2.58,3.39,0.0,223.90,0.40,42.00
2026-09-10 14:00:25,13:54:04,0.95,3.01,3.96,0.0,225.20,0.40,42.00
2026-09-10 14:01:05,13:55:04,1.10,2.87,3.97,0.0,223.10,0.40,43.00
2026-09-10 14:02:25,13:56:04,1.24,2.60,3.84,0.0,227.30,0.40,43.00
2026-09-10 14:03:06,13:57:04,1.41,1.20,2.61,0.0,227.50,0.40,43.00
2026-09-10 14:04:27,13:58:04,1.49,1.11,2.60,0.0,225.80,0.40,43.00
2026-09-10 14:05:07,13:59:04,1.47,0.98,2.46,0.0,223.90,0.40,43.00
2026-09-10 14:05:47,14:00:04,1.37,1.31,2.68,0.0,225.60,0.40,44.00
2026-09-10 14:07:08,14:01:05,1.21,1.37,2.58,0.0,228.80,0.40,44.00
2026-09-10 14:07:48,14:02:05,1.06,1.41,2.47,0.0,228.40,0.40,44.00
2026-09-10 14:09:09,14:03:05,0.90,1.50,2.40,0.0,227.30,0.40,44.00
2026-09-10 14:09:49,14:04:05,0.80,1.37,2.17,0.0,229.00,0.40,44.00
2026-09-10 14:11:09,14:05:05,0.72,0.96,1.68,0.0,230.50,0.40,44.00
2026-09-10 14:11:49,14:06:05,0.69,1.12,1.81,0.0,228.60,0.40,44.00
